# Blender 4.5.0
# www.blender.org
mtllib horse.mtl
o a_horse_1.006
v -0.014361 0.025085 0.049830
v -0.014873 0.024105 0.048018
v 0.006938 0.017403 0.051987
v -0.012843 0.024262 0.050941
v -0.012962 0.023184 0.048886
v -0.014128 0.026829 0.049184
v -0.014429 0.026250 0.047483
v -0.000880 0.032970 0.049909
v -0.000965 0.031532 0.050863
v -0.002163 0.033691 0.049026
v -0.000195 0.029453 0.051293
v -0.001009 0.028368 0.051507
v 0.000962 0.028739 0.051396
v 0.000812 0.027657 0.051564
v 0.002197 0.029878 0.051137
v 0.002928 0.029230 0.051398
v 0.002634 0.031882 0.050582
v 0.009606 0.028327 0.051651
v 0.002234 0.033257 0.049565
v 0.002963 0.033724 0.048935
v 0.000726 0.034062 0.048934
v 0.000719 0.034453 0.048147
v 0.000602 0.035176 0.047228
v -0.002339 0.035318 0.047308
v 0.003318 0.035569 0.047130
v 0.000796 0.035182 0.049576
v -0.000843 0.034172 0.050927
v 0.002198 0.033921 0.050796
v -0.000403 0.032814 0.051582
v 0.000095 0.031611 0.052021
v 0.000868 0.031098 0.052338
v 0.001502 0.031566 0.051957
v 0.001999 0.032655 0.051380
v 0.000812 0.036402 0.049801
v 0.002320 0.035366 0.051359
v 0.002029 0.034804 0.051969
v 0.001579 0.034272 0.052539
v 0.000934 0.034172 0.053112
v 0.000131 0.034288 0.052552
v -0.000386 0.034863 0.052051
v -0.000942 0.035452 0.051420
v -0.000992 0.035161 0.047266
v -0.000853 0.034011 0.048630
v -0.000352 0.033623 0.049426
v -0.000163 0.034712 0.050201
v -0.000124 0.036079 0.050653
v 0.002005 0.035377 0.047177
v 0.001880 0.034096 0.048571
v 0.001574 0.033760 0.049266
v 0.001599 0.034569 0.050142
v 0.001612 0.035954 0.050562
v 0.000817 0.037386 0.049695
v 0.001690 0.037115 0.050686
v 0.002368 0.036922 0.051622
v -0.000052 0.040277 0.052612
v 0.000007 0.038388 0.052844
v 0.000153 0.036510 0.052882
v -0.000401 0.036618 0.052340
v -0.000213 0.038450 0.050441
v -0.000194 0.037125 0.050749
v 0.000808 0.038594 0.049273
v 0.000847 0.039685 0.048756
v -0.000307 0.040822 0.049499
v 0.001691 0.038629 0.050452
v 0.001700 0.039937 0.049980
v 0.000867 0.040776 0.048158
v 0.002402 0.038597 0.051413
v 0.002501 0.040108 0.051049
v 0.002560 0.041605 0.050468
v 0.001951 0.036667 0.052284
v 0.001492 0.036531 0.052888
v 0.000962 0.036359 0.053429
v 0.002019 0.038593 0.052158
v 0.001512 0.038566 0.052818
v 0.000916 0.038532 0.053496
v 0.002075 0.040247 0.051803
v 0.001538 0.040383 0.052471
v 0.000970 0.040524 0.053211
v 0.002131 0.041879 0.051198
v 0.001584 0.042162 0.051844
v 0.000884 0.042461 0.052627
v -0.001019 0.036869 0.051638
v -0.000570 0.038401 0.052222
v -0.001103 0.038456 0.051659
v -0.000670 0.040137 0.051948
v -0.001207 0.039869 0.051380
v -0.000237 0.039608 0.050015
v -0.001256 0.041300 0.050750
v 0.002564 0.043027 0.049690
v 0.002550 0.044359 0.048810
v 0.002479 0.045559 0.048085
v 0.002363 0.046809 0.047498
v 0.001508 0.047596 0.045981
v 0.002159 0.043365 0.050422
v 0.002083 0.044709 0.049635
v 0.001970 0.045972 0.048878
v 0.001865 0.047197 0.048135
v 0.000604 0.047176 0.044967
v 0.001593 0.043638 0.051012
v 0.001524 0.044984 0.050191
v 0.001420 0.046270 0.049395
v 0.001351 0.047509 0.048643
v 0.001492 0.048748 0.045631
v 0.000807 0.043977 0.051859
v 0.000772 0.045264 0.051018
v 0.000719 0.046505 0.050166
v 0.000737 0.047665 0.049343
v 0.000612 0.048940 0.048495
v 0.001774 0.041269 0.049410
v 0.001760 0.042549 0.048600
v 0.001737 0.043870 0.047775
v 0.001681 0.045080 0.047157
v 0.001598 0.046345 0.046486
v -0.000326 0.048779 0.045363
v 0.000754 0.042056 0.047317
v 0.000720 0.043423 0.046578
v 0.000688 0.044662 0.045905
v 0.000677 0.045881 0.045383
v -0.000404 0.047609 0.045856
v -0.000374 0.042099 0.048773
v -0.000451 0.043532 0.047885
v -0.000482 0.044902 0.047134
v -0.000461 0.046241 0.046484
v 0.000723 0.052149 0.044888
v -0.001288 0.042526 0.049979
v -0.001324 0.044116 0.049115
v -0.001325 0.045481 0.048389
v -0.001274 0.046789 0.047690
v -0.001144 0.048113 0.046944
v -0.000753 0.041731 0.051347
v -0.000116 0.042052 0.051974
v -0.000821 0.042904 0.050677
v -0.000193 0.043250 0.051295
v -0.000797 0.044524 0.049829
v -0.000165 0.044867 0.050351
v -0.000757 0.045883 0.049044
v -0.000096 0.046245 0.049565
v -0.000723 0.047159 0.048284
v -0.000072 0.047547 0.048778
v -0.000686 0.048450 0.047508
v -0.000048 0.048742 0.048010
v -0.001014 0.049276 0.046551
v -0.000835 0.050294 0.046139
v -0.000622 0.051389 0.045852
v -0.000250 0.052329 0.045541
v -0.000506 0.049444 0.047044
v -0.000352 0.050452 0.046604
v -0.000219 0.051442 0.046191
v -0.000034 0.052369 0.045737
v 0.000039 0.049680 0.047463
v 0.000101 0.050617 0.046942
v 0.000176 0.051545 0.046432
v 0.000282 0.052406 0.045881
v 0.000653 0.049849 0.047872
v 0.000625 0.050754 0.047273
v 0.000644 0.051623 0.046666
v 0.000650 0.052428 0.045958
v 0.000915 0.052370 0.045824
v 0.001162 0.052269 0.045656
v 0.001407 0.052110 0.045450
v 0.001026 0.051494 0.046473
v 0.001359 0.051341 0.046170
v 0.001695 0.051182 0.045803
v 0.001088 0.050599 0.047018
v 0.001487 0.050405 0.046622
v 0.001883 0.050190 0.046132
v 0.001151 0.049664 0.047553
v 0.001592 0.049423 0.047104
v 0.002061 0.049132 0.046508
v 0.001303 0.048636 0.048000
v 0.001808 0.048386 0.047456
v 0.002251 0.048049 0.046918
v 0.000705 0.048390 0.044648
v 0.001470 0.049848 0.045267
v 0.000797 0.049488 0.044395
v 0.001368 0.050854 0.044995
v 0.000834 0.050516 0.044157
v 0.001197 0.051824 0.044758
v 0.000825 0.051535 0.044088
v -0.000244 0.049919 0.045005
v -0.000129 0.050972 0.044742
v 0.000180 0.052005 0.044513
v 0.001029 0.052179 0.045092
v 0.000319 0.052284 0.045057
v 0.001190 0.052225 0.045303
v 0.001122 0.052294 0.045457
v 0.000950 0.052333 0.045436
v 0.000653 0.052379 0.045413
v 0.000347 0.052423 0.045462
v 0.000117 0.052441 0.045535
v 0.000073 0.052392 0.045317
v -0.006442 0.036321 0.043579
v -0.007602 0.037731 0.043614
v -0.012856 0.030066 0.045731
v -0.012301 0.031348 0.047772
v -0.011086 0.033367 0.044295
v -0.010652 0.034541 0.046256
v -0.009675 0.035665 0.043367
v -0.008986 0.036899 0.044705
v -0.008376 0.035963 0.040257
v -0.008705 0.034623 0.038141
v -0.008802 0.033131 0.036231
v -0.008972 0.031547 0.034395
v -0.010003 0.034462 0.041088
v -0.010213 0.033303 0.038982
v -0.010299 0.031976 0.036887
v -0.010302 0.030352 0.034716
v -0.011577 0.032023 0.042248
v -0.011847 0.030912 0.040075
v -0.011943 0.029690 0.037815
v -0.011893 0.028242 0.035415
v -0.013226 0.028975 0.043533
v -0.013459 0.027963 0.041276
v -0.013463 0.026909 0.038930
v -0.013391 0.025752 0.036445
v -0.014672 0.025470 0.044984
v -0.014842 0.024605 0.042651
v -0.014812 0.023984 0.040229
v -0.014790 0.023115 0.037888
v -0.015376 0.022133 0.040718
v -0.015318 0.021347 0.038206
v -0.008733 0.029502 0.031767
v -0.008425 0.027401 0.029160
v -0.008413 0.025409 0.026123
v -0.008481 0.023669 0.023067
v -0.008576 0.022007 0.019894
v -0.010074 0.028674 0.032120
v -0.009852 0.026754 0.029320
v -0.009603 0.024914 0.026383
v -0.009490 0.022978 0.023409
v -0.009335 0.021331 0.020527
v -0.011679 0.026641 0.032739
v -0.011400 0.024956 0.029871
v -0.011048 0.023259 0.026908
v -0.010684 0.021563 0.023982
v -0.010406 0.020135 0.021305
v -0.013186 0.024415 0.033608
v -0.012764 0.022975 0.030604
v -0.012320 0.021481 0.027560
v -0.011839 0.020030 0.024707
v -0.011452 0.018659 0.022025
v -0.014546 0.022008 0.034778
v -0.013968 0.020941 0.031431
v -0.013394 0.019717 0.028250
v -0.012829 0.018429 0.025329
v -0.012393 0.017055 0.022586
v -0.015024 0.020445 0.035156
v -0.014520 0.019342 0.031963
v -0.014051 0.018149 0.028875
v -0.013506 0.016852 0.025896
v -0.012938 0.015634 0.022902
v -0.008532 0.022097 0.017307
v -0.008543 0.021835 0.015910
v -0.008612 0.020124 0.014015
v -0.009294 0.020670 0.018203
v -0.009296 0.020103 0.016427
v -0.009281 0.019278 0.014755
v -0.010159 0.019185 0.019081
v -0.010051 0.018455 0.017195
v -0.009952 0.017726 0.015553
v -0.011131 0.017610 0.019727
v -0.010862 0.016888 0.017901
v -0.010666 0.016206 0.016244
v -0.012106 0.015841 0.020388
v -0.011798 0.015138 0.018685
v -0.011523 0.014548 0.017181
v -0.012563 0.014705 0.020913
v -0.012351 0.013982 0.019320
v -0.012155 0.013302 0.017770
v -0.008686 0.018387 0.012441
v -0.008764 0.016650 0.011098
v -0.008883 0.014887 0.009779
v -0.009504 0.017389 0.013158
v -0.009550 0.015695 0.011634
v -0.009576 0.014665 0.010645
v -0.010050 0.016175 0.013834
v -0.010060 0.014631 0.012195
v -0.010070 0.013326 0.010464
v -0.010669 0.014838 0.014482
v -0.010682 0.013403 0.012890
v -0.010855 0.011743 0.011345
v -0.011420 0.013374 0.015304
v -0.011284 0.012222 0.013504
v -0.011160 0.011681 0.012436
v -0.011980 0.012298 0.015855
v -0.011873 0.011304 0.014003
v -0.011757 0.010396 0.012622
v -0.009043 0.013741 0.009019
v -0.011533 0.009608 0.011184
v -0.009155 0.012247 0.008065
v -0.009336 0.010802 0.007057
v -0.009438 0.009345 0.006087
v -0.009619 0.007826 0.005051
v -0.010254 0.011701 0.009012
v -0.010342 0.010269 0.007741
v -0.010427 0.008777 0.006510
v -0.010472 0.007456 0.005413
v -0.010890 0.010439 0.009700
v -0.010918 0.009234 0.008302
v -0.010962 0.008077 0.006993
v -0.010984 0.007050 0.005860
v -0.011421 0.008731 0.009989
v -0.011372 0.007932 0.008764
v -0.011345 0.007136 0.007580
v -0.011389 0.006340 0.006363
v 0.004395 0.035765 0.047012
v 0.005180 0.034919 0.048031
v 0.005702 0.036380 0.046017
v 0.006757 0.035610 0.047056
v -0.006876 0.035117 0.041287
v -0.003635 0.035621 0.047087
v -0.004107 0.034758 0.048413
v -0.004895 0.036180 0.046348
v -0.005602 0.035910 0.047470
v -0.006142 0.037038 0.045250
v 0.006742 0.036972 0.044794
v -0.007353 0.036659 0.046359
v 0.007757 0.037208 0.043479
v -0.007384 0.026821 0.029734
v -0.007933 0.037182 0.042363
v -0.007259 0.033909 0.039076
v -0.007527 0.032593 0.036924
v -0.007654 0.031077 0.034907
v -0.007474 0.028983 0.032574
v -0.005239 0.035308 0.044626
v -0.003852 0.034716 0.045447
v -0.002411 0.034503 0.045860
v -0.000959 0.034421 0.045969
v 0.000628 0.034470 0.045958
v 0.002131 0.034582 0.045889
v 0.004543 0.034969 0.045416
v -0.005661 0.034088 0.042434
v -0.004258 0.033318 0.043334
v -0.002664 0.032988 0.043834
v -0.001072 0.032904 0.044009
v 0.000517 0.032982 0.044036
v 0.002069 0.033105 0.043957
v 0.003517 0.033243 0.043722
v -0.005955 0.032795 0.040281
v -0.004519 0.031915 0.041248
v -0.002856 0.031501 0.041810
v -0.001202 0.031427 0.042014
v 0.000440 0.031507 0.042070
v 0.002064 0.031666 0.042016
v 0.003625 0.031840 0.041783
v -0.006137 0.031427 0.038167
v -0.004662 0.030470 0.039171
v -0.003016 0.030005 0.039748
v -0.001319 0.029937 0.039982
v 0.000362 0.030033 0.040073
v 0.002047 0.030209 0.040105
v 0.003709 0.030454 0.039921
v -0.006249 0.029895 0.035998
v -0.004797 0.028938 0.036960
v -0.003147 0.028409 0.037598
v -0.001431 0.028339 0.037863
v 0.000263 0.028449 0.038013
v 0.001968 0.028615 0.038086
v 0.003676 0.028856 0.037794
v -0.006180 0.028196 0.033712
v -0.004782 0.027380 0.034689
v -0.003202 0.026776 0.035383
v -0.001494 0.026589 0.035657
v 0.000200 0.026536 0.035705
v 0.001929 0.026713 0.035639
v 0.003658 0.027112 0.035314
v -0.006143 0.026231 0.031127
v -0.004576 0.025477 0.032485
v -0.003093 0.025079 0.033368
v -0.001513 0.024809 0.033731
v 0.000134 0.024642 0.033814
v 0.001809 0.024746 0.033654
v 0.003737 0.025245 0.032961
v 0.003378 0.034685 0.045684
v 0.010055 0.033857 0.038724
v 0.009848 0.034951 0.040579
v 0.009651 0.035868 0.042471
v 0.009456 0.036403 0.044237
v 0.005799 0.035397 0.044513
v 0.006926 0.036024 0.043261
v 0.008035 0.036659 0.041885
v 0.004899 0.033587 0.043268
v 0.006123 0.034224 0.042408
v 0.007258 0.034981 0.041291
v 0.008451 0.035737 0.040027
v 0.005082 0.032265 0.041255
v 0.006306 0.033009 0.040399
v 0.007429 0.033886 0.039382
v 0.008624 0.034707 0.038313
v 0.005172 0.030969 0.039309
v 0.006357 0.031776 0.038437
v 0.007470 0.032649 0.037491
v 0.008756 0.033598 0.036582
v 0.005135 0.029500 0.037099
v 0.006330 0.030423 0.036258
v 0.007492 0.031410 0.035478
v 0.008826 0.032363 0.034605
v 0.005119 0.027903 0.034642
v 0.006324 0.028937 0.033773
v 0.007503 0.029933 0.032834
v 0.008859 0.030827 0.032116
v 0.004929 0.026183 0.032377
v 0.006219 0.027612 0.031309
v 0.007189 0.028634 0.029880
v 0.008719 0.029862 0.029776
v 0.010211 0.032702 0.036842
v 0.010322 0.031287 0.034678
v 0.010293 0.029905 0.032328
v 0.010423 0.028761 0.030002
v 0.013045 0.025531 0.031068
v 0.013801 0.022958 0.030732
v 0.014708 0.021029 0.031968
v 0.014682 0.017939 0.031500
v 0.011767 0.028330 0.032513
v 0.013124 0.026523 0.032855
v 0.014223 0.024334 0.033153
v 0.015031 0.022057 0.033588
v 0.015731 0.019627 0.034036
v 0.011814 0.029590 0.034859
v 0.013232 0.027702 0.035205
v 0.014439 0.025604 0.035663
v 0.015422 0.023427 0.036231
v 0.016198 0.021245 0.036965
v 0.011778 0.030842 0.037108
v 0.013205 0.028837 0.037572
v 0.014427 0.026729 0.038163
v 0.015472 0.024560 0.038834
v 0.016291 0.022293 0.039622
v 0.011675 0.031933 0.039225
v 0.013084 0.029846 0.039851
v 0.014298 0.027681 0.040546
v 0.015344 0.025460 0.041291
v 0.016192 0.023089 0.042123
v 0.011550 0.032967 0.041307
v 0.012926 0.030792 0.042129
v 0.014105 0.028532 0.042952
v 0.015105 0.026209 0.043794
v 0.015915 0.023789 0.044707
v 0.011332 0.033918 0.043396
v 0.012665 0.031682 0.044529
v 0.013765 0.029323 0.045552
v 0.014794 0.026763 0.046611
v 0.015529 0.024444 0.047318
v 0.010951 0.034826 0.045382
v 0.012214 0.032467 0.047099
v 0.013142 0.030065 0.048659
v 0.014326 0.027135 0.049378
v 0.015167 0.024991 0.049615
v 0.013737 0.017043 0.032749
v 0.014253 0.018502 0.035095
v 0.014642 0.019861 0.037673
v 0.014623 0.020878 0.040315
v 0.014488 0.021741 0.042833
v 0.014117 0.022383 0.045377
v 0.013744 0.023058 0.048042
v 0.013494 0.023947 0.050861
v 0.011335 0.022076 0.051763
v 0.009747 0.019869 0.051964
v 0.008584 0.016961 0.051647
v 0.011868 0.021336 0.048653
v 0.010286 0.019274 0.048968
v 0.009168 0.016789 0.048931
v 0.012308 0.020699 0.045945
v 0.010779 0.018722 0.046328
v 0.009649 0.016473 0.046485
v 0.012653 0.020065 0.043438
v 0.011181 0.018175 0.043939
v 0.010071 0.016098 0.044271
v 0.012845 0.019290 0.040993
v 0.011440 0.017536 0.041656
v 0.010413 0.015629 0.042193
v 0.012956 0.018338 0.038600
v 0.011656 0.016741 0.039482
v 0.010717 0.015047 0.040251
v 0.012853 0.017184 0.036249
v 0.011770 0.015797 0.037384
v 0.010962 0.014338 0.038417
v 0.012620 0.015959 0.033991
v 0.011671 0.014697 0.035302
v 0.011000 0.013459 0.036489
v -0.000145 0.011002 0.049931
v -0.000013 0.013994 0.050988
v 0.007163 0.008638 0.048726
v 0.007225 0.006008 0.047788
v 0.008420 0.014272 0.048606
v 0.007891 0.011665 0.047983
v 0.007551 0.008946 0.047226
v 0.007516 0.006278 0.046632
v 0.008843 0.014123 0.046414
v 0.008337 0.011650 0.046100
v 0.008026 0.009132 0.045677
v 0.007964 0.006588 0.045281
v 0.009279 0.013899 0.044393
v 0.008768 0.011630 0.044343
v 0.008540 0.009227 0.044119
v 0.008518 0.006759 0.043829
v 0.009687 0.013620 0.042531
v 0.009239 0.011571 0.042722
v 0.009045 0.009316 0.042642
v 0.009103 0.006901 0.042392
v 0.010071 0.013280 0.040821
v 0.009676 0.011457 0.041200
v 0.009512 0.009458 0.041314
v 0.009615 0.007097 0.041040
v 0.010443 0.012815 0.039224
v 0.010084 0.011312 0.039813
v 0.009933 0.009534 0.040081
v 0.010029 0.007337 0.039853
v 0.010581 0.012206 0.037624
v 0.010299 0.011139 0.038512
v 0.010145 0.009558 0.039035
v 0.010258 0.007398 0.038852
v 0.010711 0.005017 0.037649
v 0.011343 0.001923 0.035434
v 0.011971 -0.001382 0.033721
v 0.012433 -0.005013 0.032943
v 0.010364 0.004890 0.039057
v 0.010839 0.001800 0.037752
v 0.011221 -0.001321 0.036829
v 0.011386 -0.004582 0.036526
v 0.009871 0.004583 0.040507
v 0.010210 0.001731 0.039778
v 0.010504 -0.001250 0.039255
v 0.010515 -0.004290 0.039258
v 0.009288 0.004390 0.042026
v 0.009583 0.001694 0.041593
v 0.009849 -0.001163 0.041348
v 0.009904 -0.004034 0.041639
v 0.008676 0.004267 0.043569
v 0.008930 0.001671 0.043348
v 0.009303 -0.001018 0.043383
v 0.009658 -0.003715 0.043809
v 0.008116 0.004133 0.045077
v 0.008396 0.001646 0.044995
v 0.009027 -0.000820 0.045239
v 0.009656 -0.003332 0.045752
v 0.007672 0.003922 0.046459
v 0.008032 0.001610 0.046542
v 0.008842 -0.000561 0.046922
v 0.009783 -0.002876 0.047509
v 0.007413 0.003629 0.047553
v 0.007832 0.001492 0.047850
v 0.008562 -0.000160 0.048453
v 0.010003 -0.002329 0.049339
v 0.012647 -0.008739 0.033471
v 0.013037 -0.010998 0.035557
v 0.013750 -0.012788 0.038147
v 0.011496 -0.007766 0.037011
v 0.012076 -0.010504 0.038382
v 0.014060 -0.012788 0.039718
v 0.010520 -0.007342 0.039772
v 0.011504 -0.010220 0.040864
v 0.013995 -0.012519 0.041801
v 0.009975 -0.006992 0.042254
v 0.011288 -0.009841 0.043211
v 0.013929 -0.012017 0.044053
v 0.009896 -0.006481 0.044542
v 0.011242 -0.009264 0.045458
v 0.014000 -0.011263 0.046123
v 0.010113 -0.005932 0.046577
v 0.011420 -0.008439 0.047532
v 0.013949 -0.010226 0.047907
v 0.010573 -0.005219 0.048436
v 0.011922 -0.007253 0.049308
v 0.013862 -0.008814 0.049551
v 0.011296 -0.004238 0.050158
v 0.012748 -0.005959 0.050744
v 0.013886 -0.007256 0.050929
v 0.014983 -0.008547 0.050806
v 0.015878 -0.010067 0.049486
v 0.016602 -0.011564 0.047783
v 0.016991 -0.012599 0.046051
v 0.017188 -0.013280 0.044436
v 0.017284 -0.013929 0.042394
v 0.017200 -0.014467 0.040341
v 0.016726 -0.014743 0.037855
v 0.013292 -0.013178 0.036311
v 0.012060 -0.012368 0.034061
v 0.013759 0.019532 0.029134
v -0.007357 0.017776 0.025763
v 0.012756 0.017763 0.030923
v 0.011624 0.016394 0.032569
v 0.010773 0.015124 0.033903
v 0.010146 0.013718 0.035298
v 0.009478 0.012343 0.036364
v 0.009059 0.010940 0.037154
v -0.006375 0.014376 0.034457
v 0.009498 0.004973 0.036085
v 0.010025 0.002126 0.034319
v 0.010680 -0.001201 0.032839
v 0.011385 -0.005128 0.032152
v 0.011582 -0.009257 0.032628
v 0.011897 0.029556 0.050189
v 0.010760 0.032271 0.048938
v -0.004908 0.032162 0.050531
v 0.008105 0.036254 0.045655
v -0.011078 0.031135 0.049553
v 0.006349 0.020726 0.052359
v -0.009812 0.006570 0.004121
v -0.010570 0.006258 0.004368
v -0.011054 0.005969 0.004715
v -0.011483 0.005335 0.005084
v -0.010043 0.005686 0.003271
v -0.010808 0.005659 0.003381
v -0.011344 0.005307 0.003716
v -0.011686 0.004764 0.004110
v -0.010102 0.005460 0.002717
v -0.010042 0.005390 0.002227
v -0.010929 0.005441 0.002848
v -0.010996 0.005334 0.002290
v -0.011605 0.004978 0.003049
v -0.012041 0.004673 0.002296
v 0.008284 0.029534 0.027446
v 0.007653 0.029436 0.025382
v 0.007222 0.030048 0.023203
v 0.009701 0.028670 0.027460
v 0.008976 0.028817 0.025240
v 0.008297 0.029276 0.023170
v 0.011871 0.026958 0.029753
v 0.010056 0.027615 0.024906
v 0.009401 0.028270 0.022877
v 0.008978 0.029168 0.021202
v 0.008702 0.029873 0.019596
v 0.008438 0.030439 0.017817
v 0.008002 0.030540 0.021630
v 0.007905 0.031336 0.020223
v 0.007654 0.031590 0.018280
v 0.007029 0.031809 0.021579
v 0.006822 0.032421 0.020677
v 0.006743 0.032421 0.018531
v 0.010798 0.025852 0.024225
v 0.011138 0.023847 0.023259
v 0.010139 0.026716 0.022269
v 0.010542 0.024880 0.021500
v 0.009657 0.027597 0.020657
v 0.010084 0.025693 0.020132
v 0.009269 0.028341 0.019126
v 0.009618 0.026533 0.018663
v 0.008965 0.029075 0.017474
v 0.009133 0.027341 0.017145
v 0.010839 0.027135 0.027153
v 0.011680 0.024989 0.026356
v 0.012080 0.022357 0.025503
v 0.012666 0.024090 0.028434
v 0.012774 0.021205 0.027042
v 0.008568 0.028345 0.015137
v 0.008137 0.029238 0.012997
v 0.008646 0.029853 0.015583
v 0.008322 0.030383 0.013221
v 0.008177 0.031022 0.015873
v 0.007956 0.031404 0.013473
v 0.007533 0.032009 0.016140
v 0.007362 0.032261 0.013713
v 0.006633 0.032651 0.016282
v 0.006448 0.032803 0.013999
v 0.007739 0.030064 0.010672
v 0.007633 0.030927 0.008283
v 0.008047 0.030998 0.010868
v 0.007811 0.031610 0.008541
v 0.007711 0.031838 0.011070
v 0.007510 0.032283 0.008689
v 0.007137 0.032532 0.011213
v 0.006951 0.032820 0.008721
v 0.006239 0.032946 0.011326
v 0.006104 0.033112 0.008611
v 0.007420 0.031390 0.006255
v 0.007312 0.031744 0.004242
v 0.007620 0.032004 0.006393
v 0.007453 0.032254 0.004314
v 0.007400 0.032599 0.006489
v 0.007319 0.032817 0.004376
v 0.006845 0.033007 0.006517
v 0.006824 0.033149 0.004401
v 0.005938 0.033180 0.006535
v 0.005899 0.033319 0.004545
v 0.007268 0.031627 0.003679
v 0.007266 0.031522 0.003113
v 0.007561 0.032305 0.003702
v 0.007800 0.032269 0.003141
v 0.007485 0.032840 0.003789
v 0.007680 0.032975 0.003216
v 0.006872 0.033272 0.003815
v 0.006907 0.033498 0.003260
v 0.005885 0.033404 0.003951
v 0.005801 0.033461 0.003268
v 0.006106 0.001415 0.048374
v 0.004280 0.001236 0.048465
v 0.002632 0.001030 0.048557
v 0.005601 0.003456 0.047726
v 0.003965 0.003376 0.047755
v 0.002397 0.003219 0.047781
v 0.005417 0.005818 0.047895
v 0.003833 0.005780 0.047846
v 0.002243 0.005646 0.047762
v 0.005569 0.008448 0.048782
v 0.003883 0.008290 0.048642
v 0.002247 0.008182 0.048496
v 0.001207 0.000866 0.048765
v 0.000093 0.000857 0.049273
v 0.000906 0.003073 0.048051
v -0.000004 0.003067 0.048938
v 0.000744 0.005531 0.047977
v -0.000141 0.005416 0.048759
v 0.000914 0.008112 0.048822
v -0.000226 0.008082 0.049043
v -0.000998 0.000645 0.048864
v -0.002373 0.000546 0.048697
v -0.000902 0.002851 0.048106
v -0.002226 0.002706 0.047809
v -0.000961 0.005321 0.047859
v -0.002181 0.005162 0.047562
v -0.001286 0.008087 0.048370
v -0.002417 0.008003 0.047959
v -0.003771 0.007912 0.047978
v -0.005094 0.007860 0.048018
v -0.003617 0.005039 0.047456
v -0.005226 0.004978 0.047474
v -0.003681 0.002550 0.047708
v -0.005433 0.002435 0.047759
v -0.004213 0.000433 0.048632
v -0.006186 0.000337 0.048322
v 0.006398 0.014269 0.051122
v -0.005695 0.005126 0.045861
v -0.005969 0.002215 0.046029
v -0.006559 0.000105 0.046555
v -0.007413 -0.001286 0.048842
v 0.014850 -0.009204 0.052217
v 0.005199 -0.000705 0.049577
v 0.003414 -0.000992 0.049821
v 0.001770 -0.001171 0.050016
v 0.000310 -0.001301 0.050142
v -0.001157 -0.001319 0.050118
v -0.002794 -0.001272 0.050055
v 0.007116 -0.000334 0.049207
v -0.007316 -0.001877 0.047153
v 0.007531 0.011596 0.049915
v 0.008013 0.014262 0.050918
v 0.006005 0.011451 0.050043
v 0.005199 0.017408 0.051912
v 0.004299 0.011265 0.049937
v 0.004695 0.014189 0.051090
v 0.002691 0.011090 0.049973
v 0.003056 0.014152 0.050992
v 0.001225 0.011052 0.049942
v 0.001501 0.014099 0.050969
v -0.005669 0.011041 0.047707
v -0.005589 0.008114 0.046544
v -0.001488 0.010871 0.049889
v -0.001518 0.013816 0.051037
v -0.002768 0.010785 0.049726
v -0.002926 0.013612 0.051041
v -0.004036 0.010768 0.049560
v -0.004290 0.013449 0.051007
v -0.005259 0.010745 0.049368
v -0.005544 0.013400 0.050870
v -0.006065 0.013748 0.049040
v -0.006782 0.016499 0.049923
v 0.008819 0.031481 0.050609
v 0.013095 0.026462 0.050659
v 0.003462 0.017481 0.051748
v 0.001774 0.017471 0.051633
v 0.000100 0.017372 0.051662
v -0.001624 0.017196 0.051831
v -0.003168 0.016935 0.051952
v 0.008290 0.020540 0.052403
v -0.006242 0.016070 0.051756
v -0.010314 0.022530 0.051976
v -0.010592 0.021699 0.049672
v -0.007900 0.019773 0.052268
v -0.008333 0.019449 0.050043
v -0.012762 0.026190 0.050675
v -0.009603 0.024992 0.052165
v -0.004634 0.016515 0.051972
v 0.002293 0.021291 0.051898
v 0.000258 0.021243 0.051861
v -0.001706 0.021371 0.052051
v 0.004442 0.021231 0.052158
v -0.006341 0.022141 0.052492
v 0.002900 0.025309 0.051977
v 0.000489 0.024927 0.051792
v -0.001655 0.025292 0.051923
v 0.009499 0.034545 0.047315
v 0.007815 0.033960 0.048847
v 0.003801 0.031746 0.050474
v -0.007139 0.033398 0.049653
v -0.009281 0.034386 0.047836
v -0.002582 0.031033 0.050835
v -0.003572 0.026453 0.052031
v -0.003684 0.021732 0.052313
v 0.006045 0.030025 0.051534
v 0.005900 0.033033 0.049937
v -0.008528 0.029517 0.051555
v -0.005825 0.027693 0.052046
v 0.010147 0.024326 0.052136
v 0.007547 0.023628 0.052410
v 0.006083 0.025730 0.052250
v -0.015303 0.023438 0.045402
v -0.015394 0.022803 0.043097
v -0.013483 0.022524 0.046212
v -0.011146 0.021169 0.046846
v -0.011307 0.020431 0.043942
v -0.008962 0.019124 0.047158
v -0.009397 0.018628 0.044108
v -0.007413 0.016401 0.046787
v -0.007810 0.016073 0.043915
v -0.006603 0.013647 0.046206
v -0.007027 0.013302 0.043555
v -0.006162 0.010888 0.045462
v -0.006693 0.010612 0.043254
v -0.009585 0.005914 0.006466
v -0.009534 0.006779 0.007702
v -0.006117 0.008022 0.044764
v -0.006759 0.007900 0.042879
v -0.006256 0.005120 0.044301
v -0.006921 0.005125 0.042501
v -0.006468 0.002387 0.044233
v -0.007107 0.002277 0.042234
v -0.006791 -0.000020 0.044480
v -0.007261 -0.000163 0.042143
v -0.007083 -0.002372 0.045039
v -0.007174 -0.002643 0.042372
v -0.009460 0.009960 0.012999
v -0.010766 0.010096 0.012791
v -0.010489 0.005984 0.006516
v -0.010710 0.004991 0.005165
v -0.011117 0.004430 0.004287
v -0.009821 0.005008 0.005197
v -0.009847 0.004286 0.004216
v -0.010681 0.009248 0.011303
v -0.010559 0.008458 0.010086
v -0.010528 0.007646 0.008851
v -0.010434 0.006838 0.007679
v -0.009563 0.007610 0.008916
v -0.009367 0.008576 0.010249
v -0.009539 0.009307 0.011540
v -0.010885 0.014364 0.021305
v -0.010709 0.010958 0.014211
v -0.010701 0.011968 0.016137
v -0.010741 0.012921 0.018100
v -0.010850 0.013644 0.019727
v -0.009306 0.014124 0.021569
v -0.009348 0.010788 0.014397
v -0.009405 0.011810 0.016363
v -0.009359 0.012708 0.018338
v -0.009269 0.013440 0.020046
v -0.008178 0.014547 0.034636
v -0.011012 0.015316 0.023434
v -0.010988 0.016348 0.026364
v -0.011366 0.017170 0.029066
v -0.009057 0.014941 0.023726
v -0.008972 0.015553 0.026457
v -0.008801 0.015798 0.028988
v -0.007883 0.013506 0.035934
v -0.012665 0.019392 0.035893
v -0.007846 0.011576 0.037394
v -0.007608 0.012291 0.038893
v -0.008047 0.009596 0.038139
v -0.007694 0.009955 0.039407
v -0.008266 0.007971 0.038009
v -0.007898 0.007772 0.039295
v -0.007373 0.007817 0.041006
v -0.007334 0.012772 0.041069
v -0.007197 0.010298 0.041180
v -0.010883 0.018499 0.036692
v -0.013436 0.021741 0.043604
v -0.008766 0.016159 0.036163
v -0.009677 0.017468 0.037205
v -0.013423 0.021089 0.041210
v -0.013205 0.020277 0.038567
v -0.011387 0.019819 0.041304
v -0.011283 0.019227 0.038872
v -0.009536 0.018074 0.041197
v -0.009542 0.017593 0.038834
v -0.008054 0.015631 0.041025
v -0.008108 0.015142 0.038155
v -0.011230 0.017926 0.032590
v -0.009650 0.017117 0.034661
v -0.008669 0.015788 0.031173
v -0.008370 0.015390 0.033064
v -0.007586 0.005208 0.040570
v -0.008175 0.005317 0.038678
v -0.008651 0.005611 0.037024
v -0.007804 0.002346 0.039981
v -0.008420 0.002667 0.037859
v -0.009086 0.003212 0.035788
v -0.007851 -0.000231 0.039697
v -0.008607 -0.000113 0.037119
v -0.009559 0.000179 0.034331
v -0.007715 -0.002937 0.039829
v -0.008629 -0.002886 0.036943
v -0.009929 -0.002480 0.033549
v -0.010257 -0.005601 0.032976
v -0.010537 -0.008353 0.033918
v -0.010699 -0.010559 0.035786
v -0.008531 -0.005952 0.037325
v -0.009149 -0.008430 0.037884
v -0.010226 -0.010333 0.039416
v -0.007563 -0.006110 0.040771
v -0.008579 -0.008590 0.041757
v -0.010369 -0.010535 0.042985
v -0.007143 -0.005800 0.043705
v -0.008400 -0.008074 0.044571
v -0.010269 -0.009898 0.045373
v -0.007299 -0.005093 0.046152
v -0.008494 -0.007399 0.047091
v -0.010357 -0.009043 0.047587
v -0.007831 -0.004065 0.048215
v -0.009103 -0.006221 0.049135
v -0.010889 -0.007716 0.049341
v -0.008813 -0.003047 0.049821
v -0.010340 -0.004565 0.050712
v -0.011711 -0.006031 0.050800
v 0.009171 -0.004557 0.031288
v -0.007495 0.003135 0.034652
v -0.007979 0.000385 0.033446
v -0.008752 -0.002445 0.032666
v -0.009124 -0.005896 0.032267
v -0.009262 -0.008364 0.032619
v -0.010850 -0.012334 0.036463
v 0.015959 -0.014647 0.035505
v 0.014334 -0.013820 0.033213
v -0.012747 -0.007301 0.050584
v -0.013751 -0.008509 0.050032
v -0.012685 -0.008800 0.049079
v -0.014561 -0.009780 0.048960
v -0.012591 -0.010115 0.047696
v -0.015194 -0.010863 0.047860
v -0.012772 -0.011195 0.045851
v -0.015772 -0.011940 0.046261
v -0.012197 -0.011591 0.043686
v -0.016163 -0.012760 0.044528
v -0.012118 -0.012019 0.041485
v -0.016438 -0.013375 0.042511
v -0.012197 -0.012276 0.039704
v -0.016603 -0.013648 0.040548
v -0.012388 -0.035055 0.037921
v -0.016667 -0.013820 0.038543
v -0.007105 0.005531 0.035880
v -0.006294 0.012988 0.035538
v -0.006301 0.011318 0.036632
v -0.006626 0.015756 0.033146
v 0.006782 -0.004022 0.030712
v 0.004150 -0.003506 0.030388
v 0.001179 -0.002999 0.030353
v 0.008691 -0.000897 0.032167
v 0.006466 -0.000456 0.031680
v 0.004031 -0.000000 0.031362
v 0.001270 0.000444 0.031330
v 0.008201 0.002275 0.033530
v 0.006152 0.002595 0.032947
v 0.003797 0.002939 0.032571
v 0.001284 0.003232 0.032384
v 0.007794 0.004994 0.034979
v 0.005852 0.005263 0.034243
v 0.003599 0.005469 0.033717
v 0.001272 0.005696 0.033361
v -0.001347 -0.002765 0.030536
v -0.003901 -0.002576 0.031004
v -0.006383 -0.002483 0.031737
v -0.001191 0.000539 0.031500
v -0.003656 0.000546 0.031963
v -0.005966 0.000471 0.032590
v -0.001160 0.003383 0.032557
v -0.003473 0.003297 0.033042
v -0.005639 0.003207 0.033687
v -0.001047 0.005709 0.033474
v -0.003242 0.005643 0.034086
v -0.005329 0.005613 0.034836
v 0.009002 0.007219 0.037162
v 0.008818 0.009252 0.037557
v 0.007433 0.007251 0.036013
v 0.007312 0.009263 0.036398
v 0.005685 0.007534 0.035159
v 0.005691 0.009528 0.035463
v 0.003532 0.007740 0.034495
v 0.003595 0.009673 0.034759
v 0.001290 0.007931 0.034075
v 0.001383 0.009897 0.034381
v -0.000926 0.007822 0.034177
v -0.000788 0.009717 0.034450
v -0.003025 0.007728 0.034919
v -0.002859 0.009557 0.035113
v -0.004967 0.007629 0.035747
v -0.004669 0.009473 0.036081
v -0.006645 0.007604 0.036825
v -0.006337 0.009501 0.037156
v -0.006959 0.017131 0.030879
v -0.006692 0.018422 0.028471
v -0.009420 0.005020 0.003912
v -0.007711 0.017338 0.022957
v -0.007933 0.016747 0.020707
v -0.008049 0.016109 0.018790
v -0.008151 0.015259 0.016924
v -0.008380 0.014094 0.015140
v 0.005463 0.032540 0.003266
v -0.009316 0.005772 0.004919
v -0.009141 0.006882 0.006159
v -0.009029 0.008085 0.007253
v -0.008945 0.009228 0.008275
v -0.008822 0.010697 0.009736
v -0.008956 0.010495 0.011173
v -0.008774 0.011584 0.012171
v -0.008592 0.012863 0.013505
v 0.005667 0.032532 0.003891
v 0.005897 0.031577 0.003151
v 0.005920 0.031679 0.003762
v 0.005942 0.031749 0.004381
v 0.005760 0.032520 0.004455
v 0.008766 -0.002652 0.050674
v -0.016308 -0.013525 0.047298
v -0.016764 -0.014543 0.045344
v -0.017135 -0.015261 0.043192
v -0.017291 -0.015757 0.040962
v -0.017276 -0.016231 0.038453
v -0.015646 -0.012224 0.048975
v -0.017550 -0.020671 0.048289
v -0.013862 -0.009381 0.051398
v -0.016712 -0.022221 0.053267
v -0.009447 -0.004854 0.052164
v -0.006504 -0.003202 0.051773
v -0.005195 -0.001231 0.049802
v 0.010556 -0.004559 0.051569
v 0.013454 -0.007938 0.052453
v 0.017451 -0.015741 0.042768
v 0.015812 -0.011226 0.050862
v 0.016635 -0.012871 0.048820
v 0.017123 -0.014133 0.046853
v 0.017365 -0.015035 0.044888
v 0.012305 -0.012824 0.031254
v 0.017319 -0.016307 0.040459
v 0.016866 -0.016498 0.037915
v 0.015967 -0.016313 0.035312
v 0.014157 -0.015658 0.033048
v 0.011852 -0.014927 0.031211
v 0.008570 -0.012178 0.030148
v 0.008694 -0.014245 0.030091
v 0.004720 -0.009396 0.029720
v 0.001344 -0.006659 0.029747
v -0.004452 0.016763 0.032937
v -0.002209 0.016481 0.033297
v -0.000128 0.016374 0.033398
v 0.002046 0.016263 0.033440
v 0.004387 0.016144 0.033410
v 0.009122 0.015471 0.033439
v -0.004439 0.014589 0.034100
v -0.002347 0.014564 0.033952
v -0.000253 0.014567 0.033918
v 0.001915 0.014515 0.033934
v 0.004122 0.014450 0.034055
v 0.006354 0.014346 0.034272
v 0.008345 0.014053 0.034639
v -0.004503 0.012861 0.034920
v -0.002506 0.012884 0.034442
v -0.000400 0.012924 0.034262
v 0.001743 0.012914 0.034306
v 0.003892 0.012844 0.034502
v 0.005992 0.012749 0.034938
v 0.007812 0.012578 0.035583
v -0.004596 0.011213 0.035681
v -0.002691 0.011233 0.034851
v -0.000589 0.011318 0.034432
v 0.001576 0.011358 0.034463
v 0.003738 0.011297 0.034745
v 0.005788 0.011180 0.035350
v 0.007454 0.011019 0.036206
v -0.006651 0.023058 0.027310
v -0.007258 0.021196 0.024296
v -0.007568 0.020132 0.021500
v -0.007753 0.019685 0.019165
v -0.007783 0.019093 0.017266
v -0.007881 0.018293 0.015354
v -0.008038 0.016475 0.013768
v -0.008277 0.014998 0.012300
v -0.008536 0.013114 0.010968
v 0.005673 0.018168 0.032256
v 0.005306 0.020034 0.031569
v 0.005220 0.022908 0.030883
v 0.003918 0.018259 0.032653
v 0.003621 0.020438 0.032170
v 0.003434 0.023145 0.032186
v 0.001950 0.018303 0.032848
v 0.001836 0.020478 0.032531
v 0.001703 0.022853 0.032693
v 0.000011 0.018366 0.032868
v 0.000102 0.020504 0.032567
v 0.000107 0.022830 0.032762
v -0.001806 0.018431 0.032719
v -0.001511 0.020510 0.032364
v -0.001467 0.023023 0.032615
v -0.003439 0.018652 0.032301
v -0.003019 0.020555 0.031892
v -0.002913 0.023005 0.032095
v -0.005529 0.019783 0.030021
v -0.005457 0.018178 0.031445
v -0.005444 0.023021 0.029649
v -0.004303 0.020499 0.031110
v -0.004314 0.022948 0.031097
v -0.004447 0.019066 0.031604
v -0.011934 0.004258 0.003336
v -0.012345 0.003865 0.002383
v -0.011535 0.003825 0.003499
v -0.011595 0.003117 0.002882
v -0.009976 0.003729 0.003481
v -0.010131 0.003158 0.002959
v -0.009399 0.003215 0.002458
v -0.009352 0.004116 0.003227
v -0.009024 0.004135 0.002271
v -0.009252 0.004497 0.002908
v -0.009484 0.005140 0.002764
v -0.009272 0.005187 0.002186
v -0.009583 0.005301 0.003154
v -0.009416 0.004921 0.003291
v 0.005865 0.032441 0.006424
v 0.006077 0.031438 0.006329
v 0.005956 0.032032 0.008628
v 0.006083 0.031784 0.011132
v 0.006203 0.031556 0.013875
v 0.006314 0.031218 0.016160
v 0.006376 0.030927 0.018347
v 0.006467 0.031043 0.020361
v 0.006594 0.030569 0.021342
v 0.006852 0.029148 0.022833
v 0.006960 0.027935 0.025257
v 0.006961 0.027996 0.027501
v 0.006291 0.030891 0.008363
v 0.006418 0.029990 0.010946
v 0.007854 0.025322 0.020560
v 0.006727 0.028941 0.013288
v 0.007048 0.028083 0.015469
v 0.007411 0.027002 0.017502
v 0.007623 0.026237 0.018941
v 0.006783 0.018079 0.031751
v 0.008080 0.024377 0.022051
v 0.008310 0.023263 0.023694
v 0.006921 0.025766 0.025627
v 0.008345 0.021698 0.025951
v 0.006660 0.028813 0.019940
v 0.006973 0.026542 0.023697
v 0.006885 0.027550 0.021771
v 0.006038 0.024102 0.029536
v 0.006605 0.025100 0.027529
v 0.006758 0.018855 0.031220
v 0.010893 0.017809 0.030822
v 0.011559 0.018680 0.029736
v 0.009939 0.016647 0.032236
v 0.006712 0.016308 0.033076
v 0.007878 0.017283 0.031760
v 0.008087 0.018419 0.030220
v 0.008158 0.020209 0.027978
v 0.004370 -0.002767 0.051650
v 0.005212 -0.004587 0.053621
v 0.006137 -0.006530 0.056111
v 0.002350 -0.002921 0.051832
v 0.002805 -0.004641 0.053821
v 0.003031 -0.006251 0.055970
v 0.000484 -0.003035 0.051921
v 0.000640 -0.004731 0.053935
v 0.000765 -0.006288 0.055993
v -0.001374 -0.003071 0.051982
v -0.001541 -0.004853 0.054126
v -0.001648 -0.006576 0.056491
v -0.003522 -0.003066 0.052028
v -0.004100 -0.005064 0.054369
v 0.014759 -0.032095 0.043337
v 0.015308 -0.030618 0.046473
v 0.015856 -0.019240 0.057358
v 0.015291 -0.017098 0.057838
v 0.015211 -0.015276 0.057388
v 0.015078 -0.013438 0.056589
v 0.014878 -0.011901 0.055573
v 0.014791 -0.010544 0.054071
v 0.014920 -0.024946 0.054478
v 0.014137 -0.022609 0.056604
v 0.013759 -0.020402 0.058020
v 0.013510 -0.017554 0.058855
v 0.013422 -0.015199 0.058653
v 0.013243 -0.013084 0.057802
v 0.012957 -0.011146 0.056466
v 0.012877 -0.009319 0.054641
v 0.016516 -0.021323 0.056172
v 0.017223 -0.024043 0.053981
v 0.012545 -0.034308 0.037845
v 0.013858 -0.033295 0.040595
v 0.008879 -0.035997 0.032683
v 0.010571 -0.034798 0.035250
v 0.017932 -0.027893 0.048977
v 0.017619 -0.026130 0.051696
v 0.017411 -0.030752 0.043104
v 0.017816 -0.029458 0.046308
v 0.014956 -0.033542 0.036385
v 0.016637 -0.032164 0.039439
v 0.015343 -0.027111 0.052004
v 0.015498 -0.029085 0.049275
v 0.011033 -0.035963 0.031737
v 0.013038 -0.034595 0.033865
v -0.015316 -0.034537 0.037854
v 0.010020 -0.008714 0.031530
v -0.008716 -0.035092 0.038226
v -0.005371 -0.035885 0.038999
v -0.003099 -0.037505 0.040211
v -0.000090 -0.040328 0.042569
v 0.001081 -0.041822 0.044505
v 0.001411 -0.043284 0.047662
v 0.001567 -0.043942 0.050917
v 0.001639 -0.043923 0.054211
v 0.001531 -0.043399 0.057365
v 0.001280 -0.042613 0.060470
v 0.001178 -0.041596 0.063577
v 0.001049 -0.040332 0.066659
v 0.001200 -0.038757 0.069803
v 0.001306 -0.036976 0.072940
v 0.001316 -0.035594 0.076119
v 0.001370 -0.035195 0.078750
v -0.016391 -0.028671 0.051354
v 0.008485 -0.035549 0.051727
v -0.016017 -0.033191 0.043518
v -0.016231 -0.032117 0.046220
v -0.016370 -0.030685 0.048823
v -0.015655 -0.034135 0.040162
v -0.015714 -0.030016 0.034379
v -0.015878 -0.027888 0.032592
v -0.015875 -0.025807 0.030836
v -0.017013 -0.016596 0.035574
v -0.016440 -0.013876 0.035625
v -0.014704 -0.021462 0.027598
v -0.012736 -0.007845 0.052080
v -0.016143 -0.026017 0.053737
v -0.015847 -0.023143 0.055317
v -0.015377 -0.020168 0.056270
v -0.014718 -0.017365 0.056654
v -0.013251 -0.012758 0.056401
v -0.011435 -0.006453 0.052262
v -0.011888 0.001642 0.004888
v -0.011583 -0.008108 0.054252
v -0.012436 -0.010379 0.055591
v -0.015393 -0.023659 0.029221
v -0.012925 -0.015385 0.022356
v -0.012537 -0.013535 0.020560
v -0.012259 -0.011759 0.018619
v -0.012201 -0.010061 0.016527
v -0.012052 -0.008432 0.014581
v -0.011911 -0.006851 0.012716
v -0.011933 -0.005267 0.010916
v -0.011997 -0.003618 0.009321
v -0.012096 -0.002033 0.007749
v -0.012111 -0.000567 0.006199
v -0.012192 0.000973 0.004389
v -0.012335 0.002098 0.003237
v -0.011849 0.002552 0.003481
v -0.012505 -0.008653 0.053570
v -0.013610 -0.010666 0.053449
v -0.014260 -0.013239 0.054294
v -0.015326 -0.017488 0.054816
v -0.016023 -0.019725 0.054305
v -0.014226 -0.029002 0.051822
v -0.017209 -0.024807 0.051625
v -0.017306 -0.027193 0.049420
v -0.017093 -0.028917 0.047067
v -0.016912 -0.029991 0.044528
v -0.016674 -0.030909 0.041883
v -0.015624 -0.032535 0.036173
v -0.004215 -0.036827 0.042207
v -0.001373 -0.039992 0.044488
v -0.000474 -0.041038 0.045484
v -0.000813 -0.038768 0.065842
v -0.009139 -0.031695 0.050214
v -0.000479 -0.041889 0.056745
v -0.000694 -0.041043 0.059831
v -0.000817 -0.040065 0.062919
v -0.012837 -0.034546 0.040635
v -0.000419 -0.037203 0.069175
v -0.000022 -0.035293 0.072541
v 0.000457 -0.033589 0.076116
v 0.000760 -0.034013 0.078831
v -0.013447 -0.033727 0.043660
v -0.013991 -0.032610 0.046402
v -0.014284 -0.031083 0.049129
v -0.012996 -0.017713 0.058021
v -0.014038 -0.026361 0.054123
v -0.013755 -0.023538 0.055920
v -0.013453 -0.020586 0.057262
v -0.012145 -0.004347 0.013792
v -0.011226 -0.012055 0.057964
v -0.009698 -0.007089 0.054607
v 0.002873 -0.041621 0.045675
v 0.002748 -0.039067 0.066425
v 0.003963 -0.040596 0.044838
v -0.009181 -0.010327 0.033366
v 0.004662 -0.034903 0.034709
v -0.004369 -0.037547 0.049052
v -0.003540 -0.038112 0.046193
v -0.006145 -0.035196 0.048208
v 0.002896 -0.042046 0.057444
v 0.002894 -0.041278 0.060359
v 0.002674 -0.040440 0.063412
v 0.002191 -0.034297 0.078647
v 0.002579 -0.037640 0.069426
v 0.002533 -0.035700 0.072614
v 0.002193 -0.034467 0.076064
v 0.002477 -0.035825 0.081408
v 0.002354 -0.037526 0.082459
v 0.000619 -0.034956 0.080644
v 0.001380 -0.035845 0.080606
v 0.002257 -0.035157 0.080526
v 0.003137 -0.040402 0.043233
v 0.004377 -0.039607 0.041627
v 0.005065 -0.038861 0.039865
v 0.005754 -0.038163 0.037969
v 0.006280 -0.037461 0.035855
v 0.006701 -0.036916 0.033559
v 0.005041 -0.039510 0.043448
v 0.006008 -0.038515 0.041708
v 0.006913 -0.037587 0.039722
v 0.003080 -0.038468 0.040788
v 0.002618 -0.036436 0.039111
v 0.004006 -0.035443 0.037539
v 0.005026 -0.035570 0.032947
v 0.006663 -0.038134 0.031871
v -0.011804 0.000427 0.006937
v -0.011847 -0.000771 0.008625
v -0.011863 -0.001971 0.010329
v -0.011909 -0.003118 0.012046
v -0.012323 -0.005694 0.015814
v -0.012552 -0.006968 0.017941
v -0.012928 -0.008290 0.020266
v -0.013397 -0.009617 0.022169
v -0.013437 -0.011837 0.023017
v -0.013108 -0.013357 0.022349
v -0.014025 -0.011272 0.024977
v -0.013804 -0.012648 0.024307
v -0.013411 -0.014674 0.023350
v -0.013391 -0.017236 0.024085
v -0.013967 -0.019330 0.025868
v -0.014013 -0.016355 0.025212
v -0.014705 -0.017676 0.027112
v -0.014524 -0.013925 0.026521
v -0.015224 -0.015200 0.028532
v -0.014559 -0.012260 0.027242
v -0.015095 -0.013059 0.029328
v -0.015472 -0.019114 0.028989
v -0.015796 -0.016131 0.030272
v -0.016466 -0.016716 0.032631
v -0.015551 -0.013450 0.031185
v -0.016021 -0.013769 0.033066
v -0.016501 -0.020599 0.031954
v -0.016951 -0.023889 0.033599
v -0.017018 -0.026407 0.035268
v -0.016163 -0.031979 0.038949
v -0.014845 -0.010864 0.050295
v -0.015328 -0.014244 0.052565
v -0.015851 -0.017444 0.053548
v -0.016437 -0.018831 0.052738
v -0.017106 -0.020798 0.051428
v -0.017500 -0.017550 0.043987
v -0.017190 -0.016651 0.046318
v -0.017718 -0.019779 0.044973
v -0.016624 -0.029387 0.037529
v -0.017831 -0.022113 0.046203
v -0.017465 -0.018621 0.047157
v -0.016678 -0.015338 0.048312
v -0.015955 -0.013828 0.050041
v -0.014924 -0.012311 0.051733
v -0.017247 -0.019679 0.035812
v -0.017603 -0.018939 0.038877
v -0.017665 -0.018242 0.041561
v -0.017520 -0.022658 0.036843
v -0.017797 -0.021690 0.039827
v -0.017827 -0.020773 0.042544
v -0.017630 -0.025424 0.038326
v -0.017876 -0.024446 0.041206
v -0.017930 -0.023365 0.043837
v -0.017303 -0.028333 0.040361
v -0.017611 -0.027305 0.042928
v -0.017800 -0.026111 0.045404
v -0.017809 -0.024589 0.047706
v -0.017576 -0.022765 0.049755
v -0.017132 -0.019064 0.050080
v -0.016993 -0.017213 0.049067
v -0.016273 -0.015622 0.050883
v -0.016446 -0.017384 0.051703
v -0.012456 -0.015193 0.058258
v -0.014088 -0.015150 0.056698
v -0.014821 -0.015473 0.054738
v -0.015669 -0.016084 0.053148
v -0.013736 -0.013243 0.037626
v -0.013969 -0.013362 0.035052
v -0.013645 -0.013216 0.033003
v -0.013206 -0.012915 0.031148
v -0.012812 -0.012477 0.029370
v -0.012370 -0.011748 0.027341
v -0.012444 0.002444 0.002479
v -0.009212 -0.011886 0.033905
v -0.012668 -0.030580 0.034513
v -0.012633 -0.028387 0.032796
v -0.012527 -0.026268 0.031170
v -0.012337 -0.024095 0.029518
v -0.012314 -0.032960 0.036297
v 0.007421 -0.007526 0.030473
v -0.010761 -0.003001 0.012091
v -0.010518 0.002456 0.003700
v -0.001440 -0.006389 0.029871
v -0.004310 -0.006199 0.030409
v -0.006826 -0.006046 0.031231
v 0.010679 -0.011578 0.032218
v 0.007953 -0.010153 0.030500
v 0.004451 -0.006879 0.029913
v 0.001367 -0.009045 0.029553
v 0.004944 -0.011537 0.029608
v 0.001369 -0.011005 0.029419
v 0.005060 -0.013522 0.029584
v 0.001480 -0.012905 0.029384
v -0.010728 0.001765 0.004828
v -0.010817 0.000565 0.006859
v -0.010812 -0.000605 0.008621
v -0.010809 -0.001816 0.010335
v -0.009816 0.002194 0.003776
v -0.010856 -0.004142 0.013853
v -0.010932 -0.005476 0.015892
v -0.010908 -0.006746 0.018052
v -0.010947 -0.008119 0.020455
v -0.011157 -0.009250 0.022472
v -0.011850 -0.010734 0.025177
v -0.008216 -0.009078 0.022229
v -0.009917 0.001599 0.004846
v -0.010000 0.000457 0.006857
v -0.009900 -0.000705 0.008551
v -0.009745 -0.001949 0.010235
v -0.009594 -0.003068 0.011894
v -0.012078 -0.021856 0.027778
v -0.008614 -0.007954 0.020356
v -0.008862 -0.006722 0.017924
v -0.009187 -0.005514 0.015793
v -0.009397 -0.004275 0.013758
v -0.011742 -0.019581 0.026013
v -0.011408 -0.017458 0.024251
v -0.010765 -0.015394 0.022294
v -0.010776 -0.005194 0.010872
v -0.001619 -0.035900 0.038847
v 0.001600 -0.039295 0.041643
v -0.009667 -0.012653 0.033193
v -0.006976 -0.011787 0.031339
v -0.008011 -0.012308 0.030782
v -0.006127 -0.012599 0.030319
v -0.006834 -0.012569 0.029609
v -0.007757 -0.010684 0.024719
v -0.009557 -0.010369 0.024736
v 0.010700 -0.024271 0.031024
v -0.009778 -0.011040 0.026068
v -0.010021 -0.011718 0.027690
v -0.010211 -0.012287 0.029388
v -0.010756 -0.012650 0.030989
v -0.011627 -0.013023 0.032902
v -0.012427 -0.013168 0.034436
v -0.011632 -0.013012 0.035444
v -0.004411 -0.011858 0.030050
v -0.001502 -0.012368 0.029481
v -0.007157 -0.010138 0.031485
v -0.004589 -0.010272 0.030165
v -0.001606 -0.010603 0.029521
v -0.007018 -0.008319 0.031222
v -0.004368 -0.008450 0.030180
v -0.001495 -0.008656 0.029618
v -0.007484 -0.011587 0.026465
v -0.007310 -0.012233 0.027790
v -0.009251 -0.004740 0.010750
v -0.007721 -0.014978 0.021851
v -0.009557 -0.003276 0.009215
v -0.009707 -0.001764 0.007698
v -0.009775 -0.000302 0.006097
v -0.009788 0.000966 0.004491
v -0.009817 0.001452 0.003621
v -0.009086 -0.006353 0.012408
v -0.008904 -0.008093 0.014011
v -0.008657 -0.009882 0.016007
v -0.008440 -0.011235 0.017629
v -0.008122 -0.012764 0.019425
v -0.007540 -0.012414 0.022748
v -0.006900 -0.013089 0.025871
v -0.006528 -0.013704 0.027213
v -0.006037 -0.014286 0.028634
v -0.005321 -0.014563 0.029947
v -0.010571 -0.013545 0.020185
v -0.010611 -0.011709 0.017958
v -0.010492 -0.010132 0.016069
v -0.010490 -0.008339 0.014192
v -0.010555 -0.006743 0.012512
v -0.010994 -0.003609 0.009234
v -0.011086 -0.002055 0.007620
v -0.011134 -0.000649 0.006089
v -0.012134 0.001625 0.002552
v -0.012044 0.001600 0.003106
v -0.011033 0.001334 0.002451
v -0.011019 0.001561 0.002971
v -0.009659 0.001699 0.002376
v -0.009761 0.001658 0.003049
v -0.009343 0.002491 0.002301
v -0.009587 0.002446 0.003074
v -0.011529 0.000832 0.004242
v -0.010918 0.001334 0.003547
v -0.009529 -0.017414 0.024238
v -0.007238 -0.017426 0.024342
v -0.009301 -0.019627 0.026141
v -0.006580 -0.019493 0.026295
v -0.009068 -0.022102 0.027966
v -0.005884 -0.021976 0.028222
v -0.008777 -0.024467 0.029827
v -0.005239 -0.024232 0.029915
v -0.008492 -0.026730 0.031536
v -0.004549 -0.026781 0.031790
v -0.008325 -0.028976 0.033227
v -0.004043 -0.029492 0.033687
v -0.008317 -0.031267 0.035006
v -0.003964 -0.031877 0.035428
v -0.008451 -0.033535 0.036774
v -0.004355 -0.034548 0.037681
v 0.011041 -0.022117 0.031175
v -0.004852 -0.016721 0.029824
v 0.011250 -0.020177 0.031175
v -0.004613 -0.021307 0.030144
v 0.011624 -0.016637 0.031176
v -0.003979 -0.023750 0.031303
v -0.001986 -0.024083 0.031840
v -0.003537 -0.026207 0.032521
v -0.001631 -0.026354 0.032833
v -0.003060 -0.029138 0.034281
v -0.001367 -0.029032 0.034286
v -0.002981 -0.031932 0.035858
v -0.001279 -0.031561 0.035836
v -0.002791 -0.033556 0.036856
v 0.011427 -0.018361 0.031164
v -0.004642 -0.018939 0.029911
v -0.005615 -0.019177 0.028045
v -0.006451 -0.016884 0.025914
v -0.007200 -0.014480 0.023647
v -0.009407 -0.016075 0.022966
v -0.007514 -0.016020 0.022924
v -0.006913 -0.015514 0.024573
v -0.007188 -0.012973 0.024439
v -0.006819 -0.014258 0.025384
v -0.006360 -0.015313 0.026695
v -0.005722 -0.016354 0.028291
v -0.010741 -0.020733 0.058935
v -0.008577 -0.021373 0.061122
v -0.011057 -0.024017 0.056971
v -0.011477 -0.026686 0.054876
v -0.011781 -0.029173 0.052490
v -0.009288 -0.029939 0.053444
v -0.011845 -0.031236 0.049700
v -0.011344 -0.032741 0.046868
v -0.010535 -0.033802 0.044011
v -0.009673 -0.034577 0.041024
v -0.006547 -0.035125 0.041545
v 0.011799 -0.023193 0.057435
v 0.010298 -0.024186 0.059108
v 0.011473 -0.020698 0.058944
v 0.007686 -0.017262 0.066887
v 0.011446 -0.017778 0.059799
v -0.006947 -0.005559 0.054341
v 0.011469 -0.015236 0.059777
v 0.011353 -0.012873 0.059022
v 0.010690 -0.010334 0.057731
v -0.007100 -0.007145 0.056051
v 0.011772 -0.007865 0.054147
v 0.012158 -0.006475 0.052232
v 0.007858 -0.004443 0.052913
v 0.006575 -0.002565 0.051341
v -0.009670 -0.009012 0.056669
v 0.012070 -0.025503 0.055674
v -0.001990 -0.028123 0.077770
v 0.013146 -0.027821 0.052747
v 0.013422 -0.029849 0.049984
v 0.013156 -0.031516 0.047324
v 0.012621 -0.033074 0.044431
v -0.007648 -0.034249 0.044501
v 0.011814 -0.034273 0.041708
v -0.008574 -0.033171 0.047353
v 0.010569 -0.035154 0.038930
v -0.005300 -0.035998 0.045283
v 0.008649 -0.035719 0.035731
v 0.007741 -0.036702 0.037562
v -0.009615 -0.017002 0.060419
v -0.008210 -0.018334 0.062045
v -0.009357 -0.013865 0.060079
v -0.004517 -0.011832 0.064625
v -0.008576 -0.011343 0.059294
v -0.005055 -0.010394 0.061225
v -0.007157 -0.009079 0.058230
v -0.005433 -0.009379 0.059467
v -0.004752 -0.007137 0.056870
v -0.003699 -0.008292 0.058950
v 0.009562 -0.014769 0.060857
v 0.009771 -0.012814 0.060001
v 0.008661 -0.010656 0.059266
v 0.011336 -0.009133 0.056001
v 0.004767 -0.007994 0.058650
v -0.003945 -0.013353 0.029884
v -0.003300 -0.015188 0.029859
v -0.002848 -0.017224 0.030007
v -0.002494 -0.019442 0.030411
v -0.002272 -0.021708 0.031000
v -0.001199 -0.014077 0.029510
v -0.000802 -0.015889 0.029641
v -0.000451 -0.017869 0.029893
v -0.000134 -0.020031 0.030288
v 0.001760 -0.014694 0.029467
v 0.002035 -0.016498 0.029613
v 0.002279 -0.018448 0.029846
v 0.002453 -0.020567 0.030188
v 0.005092 -0.015326 0.029657
v 0.005194 -0.017173 0.029739
v 0.005264 -0.019131 0.029859
v 0.005247 -0.021224 0.030084
v 0.008574 -0.015994 0.030103
v 0.008439 -0.017759 0.030128
v 0.008357 -0.019640 0.030195
v 0.008319 -0.021563 0.030287
v 0.008135 -0.023749 0.030091
v 0.014037 -0.017288 0.033020
v 0.013888 -0.018963 0.032971
v 0.013726 -0.020794 0.032911
v 0.013488 -0.022775 0.032842
v 0.013032 -0.024977 0.032698
v 0.015961 -0.017903 0.035247
v 0.015904 -0.019574 0.035180
v 0.015772 -0.021449 0.035131
v 0.015549 -0.023331 0.035071
v 0.015106 -0.025573 0.034855
v 0.016994 -0.018280 0.037860
v 0.017084 -0.020044 0.037849
v 0.017113 -0.021970 0.037878
v 0.016799 -0.024455 0.037337
v 0.017509 -0.018205 0.040502
v 0.017647 -0.020125 0.040612
v 0.017716 -0.022218 0.040815
v 0.017621 -0.024600 0.040974
v 0.017361 -0.027717 0.040945
v 0.017687 -0.017694 0.042949
v 0.017851 -0.019711 0.043236
v 0.017923 -0.021851 0.043641
v 0.017896 -0.024238 0.044186
v 0.017775 -0.026908 0.044950
v 0.017600 -0.016825 0.045156
v 0.017788 -0.018884 0.045676
v 0.017831 -0.020969 0.046267
v 0.017793 -0.023213 0.046953
v 0.017761 -0.025602 0.047800
v 0.017326 -0.015751 0.047323
v 0.017507 -0.017617 0.048014
v 0.017611 -0.019606 0.048748
v 0.017630 -0.021712 0.049521
v 0.017607 -0.023933 0.050404
v 0.016431 -0.019253 0.055275
v 0.017207 -0.021801 0.052891
v 0.016369 -0.017483 0.054601
v 0.017197 -0.019728 0.052054
v 0.016271 -0.015682 0.053768
v 0.017119 -0.017772 0.051230
v 0.016102 -0.013999 0.052758
v 0.016955 -0.015957 0.050374
v 0.015940 -0.012461 0.051716
v 0.016799 -0.014324 0.049538
v 0.001039 -0.006789 0.058101
v 0.000877 -0.005340 0.060349
v 0.000868 -0.002472 0.062085
v 0.001049 -0.000253 0.063785
v 0.001015 0.000946 0.066113
v 0.000993 0.001200 0.068613
v 0.000937 0.000863 0.071005
v 0.001027 -0.000095 0.073292
v -0.000095 -0.000666 0.073432
v -0.000154 0.000116 0.071087
v -0.000169 0.000272 0.068797
v -0.000235 -0.000123 0.066403
v -0.000020 -0.001087 0.064040
v -0.001864 -0.036669 0.088923
v -0.001291 -0.007231 0.059684
v 0.001914 -0.000968 0.073609
v 0.002148 -0.000065 0.071142
v 0.002150 0.000280 0.068843
v 0.002733 -0.007002 0.058301
v 0.002581 -0.006087 0.060642
v 0.002131 -0.001201 0.064007
v 0.002156 -0.000029 0.066333
v 0.010510 -0.034656 0.030696
v 0.012526 -0.032526 0.032759
v 0.014637 -0.031378 0.035079
v 0.016469 -0.029815 0.037966
v 0.000041 -0.022215 0.030850
v 0.002461 -0.022739 0.030736
v 0.004973 -0.023670 0.030119
v 0.000198 -0.024356 0.031575
v 0.002425 -0.024683 0.031573
v 0.004520 -0.024933 0.030762
v 0.004187 -0.045185 0.027547
v 0.013985 -0.027722 0.033922
v 0.004507 -0.033583 0.033874
v 0.000346 -0.026671 0.032630
v 0.002419 -0.026694 0.032513
v 0.004268 -0.026853 0.031885
v 0.000425 -0.029124 0.034001
v 0.002304 -0.029095 0.033789
v 0.003869 -0.029065 0.033101
v 0.010226 -0.026603 0.030569
v 0.003835 -0.031821 0.034667
v 0.000429 -0.031517 0.035555
v 0.002096 -0.031630 0.035437
v 0.002281 -0.033603 0.036863
v 0.003897 -0.033504 0.035807
v 0.000471 -0.033530 0.037005
v -0.001285 -0.033661 0.037236
v 0.000483 -0.035325 0.038342
v -0.001554 -0.038844 0.041098
v -0.002677 -0.038505 0.043363
v 0.000205 -0.037658 0.040189
v 0.005301 -0.024634 0.028251
v 0.012850 -0.028414 0.032908
v 0.004935 -0.025935 0.029726
v 0.004746 -0.027397 0.031107
v 0.004580 -0.029790 0.032249
v 0.004563 -0.031894 0.032955
v 0.008167 -0.024363 0.029351
v 0.005131 -0.037287 0.031021
v 0.005022 -0.039420 0.029773
v 0.004685 -0.042294 0.029020
v 0.003879 -0.045205 0.028902
v 0.003469 -0.047808 0.028954
v 0.003463 -0.050167 0.029122
v 0.006762 -0.040154 0.031089
v 0.006313 -0.042981 0.030497
v 0.005820 -0.045445 0.030132
v 0.005395 -0.047755 0.029974
v 0.004877 -0.050044 0.029894
v 0.003002 -0.006762 0.078723
v -0.001147 -0.004557 0.075905
v 0.005836 -0.050583 0.027773
v 0.005687 -0.050396 0.029751
v 0.005970 -0.050910 0.029226
v 0.006646 -0.047693 0.029635
v 0.007311 -0.047645 0.028812
v 0.007059 -0.045435 0.029682
v 0.007717 -0.045748 0.028721
v 0.007483 -0.042883 0.029878
v 0.008369 -0.042932 0.028864
v 0.007951 -0.040312 0.030299
v 0.009053 -0.040433 0.029319
v 0.008235 -0.038153 0.031144
v 0.009741 -0.038398 0.030055
v 0.005397 -0.038824 0.028856
v 0.005157 -0.041993 0.028165
v 0.006464 -0.038885 0.026643
v 0.003511 -0.047583 0.027615
v 0.003336 -0.048710 0.023080
v 0.006075 -0.046737 0.024915
v 0.004799 -0.046624 0.025002
v 0.005813 -0.038745 0.027683
v 0.005785 -0.041684 0.027312
v 0.006668 -0.041649 0.026395
v 0.005200 -0.045575 0.026399
v 0.006539 -0.045531 0.026017
v 0.005670 -0.046671 0.022963
v 0.004447 -0.046614 0.023147
v 0.003307 -0.047175 0.023320
v 0.003517 -0.047284 0.025069
v 0.008744 -0.037305 0.028795
v 0.008316 -0.039684 0.028220
v 0.007854 -0.042377 0.027723
v 0.007354 -0.045650 0.027320
v 0.006966 -0.047604 0.027464
v 0.006233 -0.036601 0.026934
v 0.005648 -0.036576 0.028196
v 0.005293 -0.036735 0.029755
v 0.005988 -0.034468 0.027196
v 0.005433 -0.034562 0.028798
v 0.005457 -0.026896 0.027841
v 0.013768 -0.029656 0.033910
v 0.016377 -0.026880 0.036981
v 0.015386 -0.028487 0.035704
v 0.012758 -0.029321 0.032862
v 0.007544 -0.032527 0.028070
v 0.012266 -0.026908 0.032274
v 0.007689 -0.029507 0.028355
v 0.005062 -0.027645 0.029016
v 0.004948 -0.028499 0.030286
v 0.004968 -0.030181 0.030623
v 0.005005 -0.032320 0.031004
v 0.005047 -0.034561 0.031260
v 0.005611 -0.030044 0.027552
v 0.005174 -0.030161 0.028938
v 0.005795 -0.032541 0.027382
v 0.005295 -0.032543 0.029064
v 0.007839 -0.026522 0.028770
v 0.007858 -0.034936 0.028208
v 0.009871 -0.028879 0.030201
v 0.011662 -0.028485 0.031817
v 0.009663 -0.031041 0.029980
v 0.011520 -0.029907 0.031689
v 0.009754 -0.032854 0.030030
v 0.011845 -0.031145 0.032021
v 0.005206 -0.045813 0.020483
v 0.004684 -0.044144 0.017873
v 0.004283 -0.042081 0.015636
v 0.004272 -0.045634 0.020662
v 0.003984 -0.043978 0.018012
v 0.003754 -0.041908 0.015756
v 0.003185 -0.046130 0.020808
v 0.003218 -0.044297 0.018106
v 0.003153 -0.042188 0.015770
v 0.003852 -0.040002 0.013654
v 0.003379 -0.039728 0.013886
v 0.003195 -0.037380 0.012348
v 0.003003 -0.039975 0.013844
v 0.002774 -0.037612 0.012225
v 0.003592 -0.047288 0.026441
v 0.003479 -0.049836 0.027715
v 0.003491 -0.049536 0.026478
v 0.003412 -0.049215 0.024971
v 0.003185 -0.045244 0.017441
v 0.003303 -0.047441 0.019987
v 0.003086 -0.043063 0.015174
v 0.002936 -0.040709 0.013301
v 0.002718 -0.038227 0.011560
v 0.004665 -0.045116 0.017241
v 0.004378 -0.042744 0.014959
v 0.004140 -0.040414 0.013026
v 0.003514 -0.037600 0.011961
v 0.003788 -0.037937 0.011488
v 0.004241 -0.045990 0.016576
v 0.004115 -0.043559 0.014467
v 0.003746 -0.040919 0.012417
v 0.003719 -0.038336 0.010892
v 0.004894 -0.047187 0.019659
v 0.004345 -0.048540 0.018989
v 0.005305 -0.048402 0.022322
v 0.004409 -0.050746 0.022127
v 0.005720 -0.048941 0.024609
v 0.004612 -0.051692 0.024643
v 0.003102 -0.038666 0.010982
v 0.003282 -0.041101 0.012505
v 0.003429 -0.043681 0.014531
v 0.003557 -0.046069 0.016635
v 0.003562 -0.048085 0.019276
v 0.003576 -0.050167 0.022347
v 0.003572 -0.050879 0.024859
v 0.000824 -0.002453 0.074661
v 0.005859 -0.049874 0.026438
v 0.002530 -0.034994 0.010213
v 0.002691 -0.035156 0.009879
v 0.003112 -0.035125 0.009882
v 0.003355 -0.034960 0.010166
v 0.003242 -0.034775 0.010537
v 0.002961 -0.034648 0.010820
v 0.002665 -0.034797 0.010573
v 0.003096 -0.036163 0.011675
v 0.002664 -0.036282 0.011495
v 0.002543 -0.036548 0.010853
v 0.002745 -0.036734 0.010256
v 0.003542 -0.036649 0.010167
v 0.003576 -0.036418 0.010817
v 0.003375 -0.036271 0.011285
v 0.002902 -0.034104 0.010320
v 0.002808 -0.034124 0.010246
v 0.002763 -0.034133 0.010119
v 0.002820 -0.034150 0.010003
v 0.002948 -0.034141 0.010031
v 0.003027 -0.034125 0.010134
v 0.003004 -0.034110 0.010259
v 0.003199 -0.034443 0.010137
v 0.003138 -0.034382 0.010390
v 0.002924 -0.034324 0.010565
v 0.002747 -0.034372 0.010367
v 0.002666 -0.034418 0.010152
v 0.002765 -0.034468 0.009925
v 0.003016 -0.034481 0.009944
v 0.002905 -0.034050 0.010232
v 0.002898 -0.034047 0.010117
v 0.003791 -0.051739 0.029183
v 0.003692 -0.051431 0.027702
v 0.003643 -0.051289 0.026422
v 0.004485 -0.052279 0.029422
v 0.004468 -0.052441 0.027916
v 0.004653 -0.052143 0.026436
v -0.000388 -0.001580 0.073927
v 0.000984 -0.001489 0.073968
v -0.001286 -0.006734 0.073570
v 0.001175 -0.002076 0.077405
v 0.000775 -0.002241 0.076057
v 0.000730 -0.002005 0.077409
v -0.001174 -0.004999 0.070826
v 0.000290 -0.002052 0.077409
v 0.001741 -0.003146 0.078346
v -0.000441 -0.004409 0.080993
v 0.000724 -0.002999 0.078352
v 0.000729 -0.004328 0.079230
v -0.000252 -0.003062 0.078379
v -0.001142 -0.005042 0.078549
v -0.002044 -0.009103 0.070839
v 0.001143 -0.004316 0.082509
v 0.000731 -0.004383 0.080939
v 0.000731 -0.004314 0.082495
v -0.001251 -0.006304 0.077923
v 0.000339 -0.004375 0.082520
v 0.002325 -0.006109 0.082680
v 0.002851 -0.007927 0.083457
v 0.000912 -0.005996 0.083019
v 0.000853 -0.007931 0.083694
v -0.000360 -0.006126 0.082792
v -0.001140 -0.008062 0.083680
v -0.002252 -0.015050 0.082927
v 0.001542 -0.008222 0.088129
v 0.000895 -0.007962 0.086127
v 0.001178 -0.008263 0.088300
v 0.003162 -0.014472 0.087016
v 0.000722 -0.008200 0.088219
v 0.002811 -0.007923 0.086021
v 0.001686 -0.010689 0.088721
v 0.003147 -0.010861 0.086371
v 0.001355 -0.010700 0.088915
v -0.001003 -0.017377 0.087299
v 0.000966 -0.010739 0.088825
v -0.001060 -0.014245 0.086629
v 0.001767 -0.013833 0.088958
v -0.001036 -0.010832 0.086535
v 0.001417 -0.013767 0.089175
v -0.000834 -0.007898 0.086112
v 0.000954 -0.013802 0.089070
v 0.001637 -0.016581 0.089131
v 0.001338 -0.016505 0.089291
v 0.002739 -0.021751 0.088544
v 0.000965 -0.016475 0.089280
v -0.000271 -0.017245 0.081321
v 0.001754 -0.021169 0.089352
v 0.001417 -0.021058 0.089495
v 0.001016 -0.020990 0.089538
v 0.001575 -0.025286 0.089702
v 0.001517 -0.027598 0.089402
v 0.001262 -0.025278 0.089815
v 0.001224 -0.027673 0.089594
v 0.000850 -0.025262 0.089727
v 0.000873 -0.027714 0.089513
v 0.000823 -0.028841 0.088862
v -0.000149 -0.033172 0.088777
v 0.001150 -0.028882 0.088946
v 0.001138 -0.029523 0.088110
v 0.001461 -0.028760 0.088826
v 0.000792 -0.029407 0.087995
v 0.009171 -0.006145 0.054332
v 0.010300 -0.007824 0.055493
v 0.006991 -0.009211 0.058856
v 0.008618 -0.008355 0.057223
v 0.003022 -0.042072 0.047777
v 0.003058 -0.042543 0.050856
v 0.002913 -0.042586 0.054383
v 0.004292 -0.040651 0.047016
v 0.004585 -0.040651 0.049808
v -0.004514 -0.037213 0.058533
v 0.005481 -0.039286 0.045689
v 0.005998 -0.038880 0.048367
v -0.002710 -0.039100 0.059200
v 0.006627 -0.038078 0.044021
v 0.007250 -0.037399 0.046647
v 0.007829 -0.036622 0.049250
v 0.007792 -0.037022 0.042186
v 0.008493 -0.036172 0.044796
v 0.009115 -0.034988 0.047528
v 0.009061 -0.036095 0.040417
v 0.009999 -0.035212 0.043079
v 0.010699 -0.033944 0.045830
v -0.001969 -0.040034 0.047021
v -0.002419 -0.039956 0.049813
v -0.000430 -0.041694 0.047639
v -0.000543 -0.042172 0.050475
v -0.000358 -0.042421 0.053636
v 0.007160 -0.034408 0.065751
v 0.004991 -0.036806 0.066182
v -0.000381 -0.032562 0.079215
v -0.001983 -0.031426 0.079232
v -0.000303 -0.033707 0.080941
v -0.001476 -0.032316 0.081199
v 0.003804 -0.034749 0.082035
v -0.001224 -0.033526 0.082834
v 0.004521 -0.033601 0.082268
v 0.003306 -0.034015 0.080674
v 0.004756 -0.032418 0.081049
v 0.003333 -0.032735 0.078919
v 0.005397 -0.030984 0.079083
v -0.002730 -0.030952 0.076522
v -0.000674 -0.031930 0.076489
v 0.003645 -0.032242 0.076347
v 0.005793 -0.030362 0.076534
v 0.004141 -0.033343 0.072620
v 0.006291 -0.031046 0.072708
v 0.004627 -0.035211 0.069251
v 0.006746 -0.032691 0.069031
v 0.006595 -0.038185 0.051360
v 0.004958 -0.040224 0.052993
v -0.001374 -0.033108 0.072544
v -0.003437 -0.031577 0.072554
v -0.002090 -0.035146 0.068955
v -0.003967 -0.033304 0.068769
v -0.002522 -0.036943 0.065521
v -0.004228 -0.035188 0.065217
v 0.011192 -0.032485 0.048407
v 0.009655 -0.033897 0.049766
v -0.004285 -0.036773 0.061957
v -0.002664 -0.038343 0.062420
v 0.005243 -0.039638 0.056324
v 0.005288 -0.038995 0.059723
v 0.007546 -0.036722 0.059055
v 0.005140 -0.038083 0.063104
v 0.007419 -0.035838 0.062967
v -0.002752 -0.039499 0.055970
v -0.002654 -0.039794 0.052782
v -0.006002 -0.035340 0.052657
v -0.007454 -0.025016 0.062688
v -0.003512 -0.029108 0.062008
v -0.001880 -0.029369 0.080346
v -0.003572 -0.027969 0.081170
v -0.001805 -0.030545 0.082286
v -0.003159 -0.029519 0.082802
v -0.000563 -0.034584 0.082550
v -0.003000 -0.031172 0.084199
v -0.001769 -0.031738 0.083668
v 0.005914 -0.031129 0.083938
v 0.004692 -0.030942 0.082314
v 0.005960 -0.029333 0.082852
v 0.004736 -0.029162 0.080596
v 0.006131 -0.027461 0.080976
v -0.002325 -0.026602 0.074327
v -0.004005 -0.026347 0.078794
v 0.004939 -0.028077 0.077922
v 0.006380 -0.025980 0.078211
v 0.004972 -0.027109 0.073764
v 0.006964 -0.024549 0.074523
v 0.005113 -0.027540 0.069660
v 0.007897 -0.024132 0.070233
v 0.005510 -0.028669 0.065825
v 0.008658 -0.024680 0.066165
v 0.006019 -0.030160 0.062634
v 0.009165 -0.026012 0.062817
v 0.006906 -0.031532 0.058462
v 0.010148 -0.027639 0.058626
v -0.005007 -0.024490 0.075180
v -0.002528 -0.026761 0.070193
v -0.005903 -0.023723 0.070905
v -0.002930 -0.027806 0.065970
v -0.006758 -0.023829 0.066717
v -0.004186 -0.030558 0.058667
v -0.008094 -0.026436 0.059532
v 0.005576 -0.030207 0.084708
v 0.005538 -0.028802 0.084213
v 0.005714 -0.026058 0.082629
v 0.006093 -0.023550 0.079761
v 0.006865 -0.021522 0.075599
v 0.006794 -0.017353 0.071602
v 0.005212 -0.029678 0.085688
v 0.004544 -0.028985 0.086461
v 0.005177 -0.028161 0.085120
v 0.004625 -0.027429 0.085803
v 0.005393 -0.025283 0.083532
v 0.004936 -0.024573 0.084401
v 0.005652 -0.022071 0.080673
v 0.005112 -0.020655 0.081545
v 0.006143 -0.019100 0.076429
v 0.005273 -0.016969 0.077280
v 0.006861 -0.012694 0.064443
v -0.002959 -0.030639 0.084973
v -0.003211 -0.028116 0.083934
v -0.003607 -0.026134 0.082407
v -0.004080 -0.023781 0.080220
v -0.004987 -0.021079 0.076196
v -0.005974 -0.020235 0.072210
v -0.005035 -0.017211 0.072870
v -0.003537 -0.014222 0.073220
v -0.004082 -0.018787 0.076902
v -0.002757 -0.016509 0.077735
v -0.003438 -0.022248 0.081199
v -0.002482 -0.020728 0.082231
v -0.003239 -0.025109 0.083332
v -0.002510 -0.024159 0.084321
v -0.002992 -0.027557 0.084617
v -0.002520 -0.027054 0.085503
v -0.002848 -0.030175 0.085622
v -0.002453 -0.029607 0.086307
v -0.008677 -0.028103 0.056774
v 0.007459 -0.036966 0.054958
v -0.005279 -0.036529 0.055627
v -0.007192 -0.033598 0.050891
v -0.007053 -0.032516 0.053056
v -0.005707 -0.031636 0.055131
v 0.008247 -0.032313 0.055015
v 0.009624 -0.033104 0.051916
v 0.010949 -0.029172 0.054417
v 0.011343 -0.030907 0.051191
v 0.009450 -0.021801 0.061797
v 0.008404 -0.020911 0.066393
v 0.007786 -0.020692 0.070546
v 0.008666 -0.016883 0.062499
v -0.004160 -0.013078 0.069410
v -0.004429 -0.012471 0.066868
v -0.005971 -0.016667 0.068958
v -0.006804 -0.016430 0.064999
v -0.006846 -0.020290 0.068068
v -0.007599 -0.020768 0.064271
v 0.002292 -0.028381 0.087620
v 0.003436 -0.028664 0.087038
v -0.001349 -0.023776 0.084661
v -0.000123 -0.023186 0.085304
v -0.001493 -0.026542 0.086040
v -0.000408 -0.025999 0.086632
v -0.001350 -0.028927 0.086989
v 0.000128 -0.028732 0.087712
v -0.001066 -0.020295 0.082644
v -0.000179 -0.019757 0.083356
v -0.001163 -0.015978 0.078603
v -0.000406 -0.014972 0.079496
v -0.001770 -0.013214 0.073648
v -0.000894 -0.011700 0.074377
v -0.002525 -0.012059 0.069536
v -0.001320 -0.010583 0.069846
v 0.003219 -0.029873 0.087526
v 0.003569 -0.027050 0.086457
v 0.002625 -0.026592 0.087158
v 0.003791 -0.024240 0.085117
v 0.002805 -0.023695 0.086068
v 0.004106 -0.011737 0.079849
v 0.004148 -0.018494 0.085629
v 0.005712 -0.014619 0.072118
v 0.006368 -0.013602 0.067732
v 0.007363 -0.012243 0.062324
v 0.007592 -0.011505 0.061215
v 0.007113 -0.010554 0.060736
v 0.005960 -0.009558 0.060426
v 0.005017 -0.008653 0.060631
v 0.004498 -0.007938 0.061594
v 0.003667 -0.007182 0.060950
v 0.002955 -0.002416 0.065631
v -0.003282 -0.008818 0.060535
v -0.004488 -0.009554 0.060540
v -0.006236 -0.010769 0.060354
v -0.006534 -0.014272 0.062939
v -0.004806 -0.011140 0.062535
v -0.006080 -0.012027 0.061418
v 0.002026 -0.028025 0.088300
v 0.003784 -0.020436 0.082490
v 0.002562 -0.026338 0.088177
v 0.003443 -0.022598 0.087627
v 0.004035 -0.012910 0.072492
v 0.002679 -0.019929 0.083667
v 0.003449 -0.015585 0.077862
v 0.002656 -0.014242 0.078586
v 0.005213 -0.011062 0.064751
v 0.002916 -0.010959 0.072984
v 0.004755 -0.011813 0.068198
v 0.003342 -0.009785 0.068647
v 0.004180 -0.007762 0.063209
v 0.004046 -0.007752 0.065549
v 0.003973 -0.007929 0.069442
v 0.004128 -0.008816 0.073648
v 0.003936 -0.009173 0.065122
v 0.005821 -0.010847 0.062593
v 0.004243 -0.008938 0.062914
v 0.000234 -0.028293 0.088386
v 0.001472 -0.029272 0.088099
v -0.000668 -0.025654 0.087741
v -0.001075 -0.022853 0.086988
v -0.002146 -0.018227 0.084888
v -0.002894 -0.011511 0.066901
v -0.000639 -0.002459 0.074639
v -0.001950 -0.010406 0.075395
v -0.002219 -0.013072 0.080631
v -0.001680 -0.010221 0.067367
v -0.003014 -0.010955 0.065003
v -0.002001 -0.009768 0.065497
v -0.000940 -0.002591 0.065220
v -0.003092 -0.010375 0.062883
v -0.002194 -0.009353 0.063010
v -0.000147 -0.003111 0.062300
v -0.001066 -0.030312 0.087488
v 0.000093 -0.031391 0.088157
v 0.001155 -0.031222 0.088282
v 0.001191 -0.032749 0.088744
v 0.005131 -0.031569 0.087137
v 0.004736 -0.030325 0.086834
v 0.002219 -0.031206 0.088195
v 0.002566 -0.032970 0.088863
v 0.003573 -0.031312 0.087912
v 0.004043 -0.032799 0.088261
v -0.001297 -0.031812 0.087904
v -0.001588 -0.033185 0.088126
v 0.005611 -0.032814 0.087441
v 0.005341 -0.030759 0.085994
v 0.005611 -0.031894 0.086164
v -0.003137 -0.033912 0.086262
v 0.005651 -0.031221 0.085020
v 0.005773 -0.032224 0.085177
v 0.005366 -0.032452 0.083631
v 0.005910 -0.031924 0.084106
v 0.005930 -0.032717 0.084226
v 0.004950 -0.032017 0.083096
v -0.002443 -0.031074 0.086907
v -0.003016 -0.032542 0.087368
v -0.003364 -0.033720 0.087282
v -0.002880 -0.031381 0.085981
v -0.003046 -0.032633 0.086270
v -0.002935 -0.031687 0.085230
v -0.002957 -0.032774 0.085399
v 0.005887 -0.033765 0.084223
v -0.002957 -0.031897 0.084525
v -0.002962 -0.032820 0.084693
v 0.005823 -0.033365 0.085174
v 0.002252 -0.034516 0.089304
v 0.002231 -0.035780 0.089549
v 0.001997 -0.037444 0.089657
v 0.001236 -0.034746 0.089206
v 0.001186 -0.035887 0.089406
v 0.001264 -0.037400 0.089666
v 0.000253 -0.034699 0.089252
v 0.000317 -0.035909 0.089452
v 0.000438 -0.037493 0.089566
v -0.000690 -0.036631 0.089316
v -0.000581 -0.037404 0.089209
v 0.003390 -0.037308 0.089375
v 0.003532 -0.036551 0.089426
v 0.003713 -0.037921 0.088868
v 0.002958 -0.047520 0.089416
v -0.000770 -0.037949 0.088867
v 0.002475 -0.038831 0.089152
v -0.001065 -0.036059 0.088893
v -0.000970 -0.035339 0.088541
v 0.003880 -0.036065 0.089304
v 0.003475 -0.035046 0.089095
v -0.001265 -0.038130 0.088300
v -0.001460 -0.040656 0.086266
v 0.004246 -0.037900 0.088433
v -0.002362 -0.038479 0.087280
v 0.004473 -0.036093 0.088694
v 0.004650 -0.035099 0.088058
v -0.001616 -0.036258 0.088240
v -0.001927 -0.035415 0.087837
v -0.001818 -0.036905 0.088053
v -0.002895 -0.036636 0.087173
v -0.001729 -0.037608 0.088009
v -0.002310 -0.038154 0.086204
v 0.004712 -0.037333 0.088308
v -0.000972 -0.039141 0.088172
v 0.004733 -0.036663 0.088363
v 0.005866 -0.035938 0.087065
v 0.000304 -0.038836 0.089153
v 0.005318 -0.037766 0.085832
v -0.002247 -0.038163 0.084820
v -0.003049 -0.035326 0.086156
v 0.005990 -0.034303 0.087229
v 0.004366 -0.033872 0.088022
v -0.003216 -0.035200 0.087142
v -0.001915 -0.034599 0.087880
v 0.003420 -0.034170 0.088799
v -0.000931 -0.034438 0.088496
v 0.002040 -0.033701 0.089069
v 0.001224 -0.033808 0.089023
v 0.000439 -0.033882 0.089043
v 0.005761 -0.036119 0.085892
v 0.005899 -0.034545 0.086063
v 0.005841 -0.033156 0.086237
v -0.002684 -0.036904 0.086178
v -0.002962 -0.033968 0.085320
v -0.002920 -0.033831 0.084508
v -0.002901 -0.035355 0.085012
v -0.002848 -0.035628 0.083576
v -0.002659 -0.036843 0.084747
v -0.002710 -0.036859 0.083169
v 0.004947 -0.037875 0.083439
v 0.005142 -0.037808 0.084730
v 0.005815 -0.034696 0.084862
v 0.005845 -0.034944 0.083529
v 0.005657 -0.036184 0.084687
v 0.005648 -0.036119 0.083178
v 0.003252 -0.037895 0.083077
v 0.004227 -0.037884 0.083223
v 0.005167 -0.033314 0.083445
v 0.005174 -0.034428 0.083222
v 0.005116 -0.035488 0.082931
v 0.004915 -0.036335 0.082946
v -0.002036 -0.032386 0.084013
v -0.002172 -0.033095 0.084012
v -0.002136 -0.034345 0.083622
v -0.002018 -0.035618 0.083079
v -0.001823 -0.036854 0.082916
v -0.001359 -0.038095 0.083083
v -0.000694 -0.035923 0.082642
v -0.000671 -0.036911 0.082709
v -0.000578 -0.038133 0.082907
v 0.003675 -0.035913 0.082518
v 0.003526 -0.036910 0.082827
v 0.000447 -0.035668 0.081630
v 0.001293 -0.036576 0.081230
v 0.000394 -0.036609 0.082120
v 0.001292 -0.037356 0.081678
v 0.000377 -0.037533 0.082382
v 0.001397 -0.038036 0.081977
v 0.000413 -0.038473 0.082643
v 0.002447 -0.036657 0.082019
v 0.001333 -0.038857 0.089636
v 0.001234 -0.041072 0.089565
v 0.001301 -0.043271 0.089688
v 0.001357 -0.045383 0.089910
v 0.001535 -0.047425 0.090078
v 0.000329 -0.041046 0.088933
v 0.000456 -0.043296 0.089031
v 0.000602 -0.045484 0.089339
v 0.000665 -0.047631 0.089811
v 0.002215 -0.041063 0.089183
v 0.002114 -0.043216 0.089356
v 0.002158 -0.045347 0.089409
v 0.002228 -0.047393 0.089761
v 0.003596 -0.047701 0.089062
v 0.002937 -0.045372 0.088656
v 0.003819 -0.045721 0.087680
v 0.003160 -0.043059 0.088399
v 0.004123 -0.042859 0.087407
v 0.003561 -0.040732 0.088302
v 0.004685 -0.040259 0.087285
v 0.003908 -0.038844 0.088156
v 0.005461 -0.037859 0.087008
v -0.000673 -0.040989 0.088134
v -0.001703 -0.040768 0.087444
v -0.000282 -0.043254 0.088237
v -0.001184 -0.043239 0.087474
v -0.000051 -0.045555 0.088634
v -0.000838 -0.045814 0.087864
v 0.000045 -0.047659 0.089512
v -0.000478 -0.047666 0.089070
v -0.000888 -0.043527 0.086416
v -0.000557 -0.045759 0.087077
v -0.000278 -0.048351 0.088639
v 0.004519 -0.040330 0.086217
v 0.003851 -0.043265 0.086476
v 0.003543 -0.046372 0.087048
v 0.003394 -0.048535 0.088716
v -0.002291 -0.038149 0.083364
v -0.001392 -0.040668 0.085231
v -0.001389 -0.040688 0.084176
v -0.000811 -0.043611 0.085678
v -0.000777 -0.043685 0.084916
v 0.002848 -0.048098 0.086604
v 0.001909 -0.027446 0.088909
v 0.004304 -0.040345 0.085160
v 0.004110 -0.040374 0.084120
v 0.003679 -0.043281 0.085790
v 0.003549 -0.043321 0.085094
v 0.000366 -0.027629 0.088942
v 0.002283 -0.038369 0.082800
v 0.001357 -0.038862 0.082341
v 0.003428 -0.040539 0.083937
v 0.002701 -0.040685 0.083851
v 0.002048 -0.040877 0.083581
v 0.001459 -0.041081 0.083204
v 0.003019 -0.043433 0.084793
v 0.002424 -0.043544 0.084654
v 0.001868 -0.043651 0.084432
v 0.001319 -0.043758 0.084191
v 0.002505 -0.045737 0.085709
v 0.002194 -0.045736 0.085441
v 0.001914 -0.046158 0.085279
v 0.001336 -0.046409 0.085006
v 0.000763 -0.045981 0.085265
v 0.000494 -0.045520 0.085292
v 0.000192 -0.045483 0.085395
v 0.000782 -0.043705 0.084345
v 0.000225 -0.043641 0.084500
v -0.000228 -0.043739 0.084598
v 0.000640 -0.041049 0.083397
v -0.000108 -0.040889 0.083600
v -0.000774 -0.040873 0.083764
v 0.000146 -0.048354 0.089047
v 0.000772 -0.048422 0.089425
v 0.001534 -0.048413 0.089623
v 0.002261 -0.048314 0.089506
v 0.002864 -0.048314 0.089208
v 0.000729 -0.047106 0.085367
v 0.000707 -0.047985 0.085641
v 0.001408 -0.047295 0.084989
v -0.000119 -0.025111 0.088779
v 0.002007 -0.047180 0.085354
v 0.002174 -0.025787 0.089128
v 0.003901 -0.047026 0.088343
v 0.002993 -0.046585 0.088976
v 0.002160 -0.046435 0.089540
v 0.001451 -0.046459 0.089987
v 0.000628 -0.046610 0.089599
v -0.000046 -0.046626 0.089150
v -0.000711 -0.047069 0.088533
v 0.003052 -0.048479 0.087524
v -0.000253 -0.045578 0.086292
v 0.002131 -0.048512 0.086354
v 0.002275 -0.048852 0.087262
v 0.001506 -0.048550 0.086252
v 0.001600 -0.048813 0.087135
v 0.001468 -0.048282 0.085357
v -0.000159 -0.046971 0.086591
v 0.001024 -0.048717 0.087169
v 0.001106 -0.049314 0.088063
v 0.000130 -0.048339 0.087513
v 0.001682 -0.049484 0.088117
v -0.000463 -0.047373 0.087582
v 0.002233 -0.049406 0.088123
v 0.000943 -0.048916 0.088824
v 0.001588 -0.049011 0.088908
v 0.002239 -0.048955 0.088925
v 0.002955 -0.049004 0.088450
v 0.002712 -0.048747 0.088882
v 0.000253 -0.048875 0.088295
v 0.000445 -0.048696 0.088793
v 0.003639 -0.047523 0.087764
v 0.000154 -0.047977 0.086581
v 0.000813 -0.048445 0.086369
v 0.003210 -0.047264 0.086633
v 0.003155 -0.046214 0.086495
v 0.000329 -0.047642 0.086023
v 0.002151 -0.048005 0.085611
v 0.002549 -0.047759 0.086037
v 0.002596 -0.047070 0.085973
v 0.002784 -0.046123 0.086072
v 0.000247 -0.046860 0.085911
v 0.000015 -0.045722 0.085612
v 0.003064 -0.017517 0.087544
v -0.000508 -0.021684 0.088281
v -0.001196 -0.017944 0.080609
v -0.002705 -0.018479 0.079900
v -0.003830 -0.020408 0.078964
v -0.004566 -0.022360 0.078108
v -0.004470 -0.025317 0.076904
v -0.002122 -0.027313 0.075962
v -0.003076 -0.031252 0.074429
v -0.000911 -0.032454 0.074358
v 0.000235 -0.034469 0.074226
v 0.001312 -0.036242 0.074413
v 0.002319 -0.035083 0.074233
v 0.003813 -0.032751 0.074352
v 0.005977 -0.030672 0.074502
v 0.004994 -0.027565 0.075737
v 0.006621 -0.025161 0.076290
v 0.006492 -0.022484 0.077572
v 0.005939 -0.020502 0.078451
v 0.005307 -0.018691 0.079330
v 0.003693 -0.017813 0.080129
v 0.002695 -0.016935 0.081002
v 0.004413 -0.015087 0.083601
v 0.003519 -0.010682 0.083285
v 0.003370 -0.010076 0.081046
v -0.001627 -0.010982 0.083899
v -0.000925 -0.003676 0.077198
v -0.000229 -0.002220 0.076111
v 0.003197 -0.008015 0.076972
v -0.002124 -0.008513 0.067711
v -0.000634 -0.004344 0.079108
v 0.003041 -0.007367 0.081307
v 0.002720 -0.005754 0.081363
v 0.001701 -0.004371 0.081010
v 0.002146 -0.004332 0.079289
v -0.001004 -0.005406 0.080717
v -0.001314 -0.007283 0.080761
v 0.002819 -0.005392 0.079447
v -0.001537 -0.009940 0.080739
v -0.001381 -0.008324 0.076884
v 0.002416 -0.003782 0.077412
v 0.002795 -0.004825 0.076498
v 0.001679 -0.002361 0.076098
v 0.002318 -0.002607 0.074889
v 0.002982 -0.006269 0.075202
v 0.002968 -0.005713 0.072411
v 0.002340 -0.003538 0.062461
v 0.003330 -0.006320 0.062934
v 0.003193 -0.005890 0.065616
v 0.003066 -0.005614 0.069440
v 0.003027 -0.001806 0.068588
v 0.002881 -0.001608 0.071271
v 0.002282 -0.001828 0.074013
v -0.000293 -0.005840 0.060692
v -0.001063 -0.005211 0.064077
v -0.001192 -0.002087 0.071040
v -0.001094 -0.002341 0.068075
v -0.001134 -0.005180 0.067092
v -0.002074 -0.008137 0.065411
v -0.002124 -0.008005 0.062950
v -0.002390 -0.008216 0.060987
v -0.002020 -0.037093 0.088719
v -0.001938 -0.037568 0.088660
v -0.001703 -0.037785 0.088993
v -0.001313 -0.037764 0.089214
v -0.001281 -0.037384 0.089480
v -0.001238 -0.036914 0.089506
v -0.001540 -0.036612 0.089288
v -0.001282 -0.036310 0.089076
v -0.001716 -0.036470 0.088565
v -0.001906 -0.036991 0.088352
v -0.001832 -0.037598 0.088313
v -0.001456 -0.038022 0.088587
v -0.001011 -0.037899 0.089035
v -0.000825 -0.037406 0.089344
v -0.000929 -0.036754 0.089418
v -0.000248 -0.036303 0.089448
v -0.001021 -0.035733 0.088733
v -0.001723 -0.035886 0.088017
v -0.002261 -0.036780 0.087582
v -0.001993 -0.037996 0.087649
v -0.001105 -0.038575 0.088217
v -0.000275 -0.038344 0.088982
v -0.000121 -0.037446 0.089375
v 0.004833 -0.037053 0.089017
v 0.004697 -0.036836 0.089261
v 0.004417 -0.036720 0.089472
v 0.004272 -0.037020 0.089587
v 0.004133 -0.037352 0.089564
v 0.004344 -0.037619 0.089406
v 0.004590 -0.037704 0.089111
v 0.004793 -0.037391 0.089080
v 0.004941 -0.037528 0.087669
v 0.005132 -0.036339 0.087731
v 0.004540 -0.035671 0.088412
v 0.003718 -0.035614 0.089233
v 0.002966 -0.036223 0.089434
v 0.002774 -0.037347 0.089412
v 0.003148 -0.038279 0.088925
v 0.004045 -0.038263 0.088259
v 0.004773 -0.037417 0.088632
v 0.004820 -0.036879 0.088696
v 0.004622 -0.036428 0.088975
v 0.004182 -0.036388 0.089427
v 0.003869 -0.036785 0.089570
v 0.003762 -0.037364 0.089499
v 0.003997 -0.037852 0.089136
v 0.004413 -0.037845 0.088767
v 0.004618 -0.037232 0.089433
v -0.001846 -0.037260 0.089318
v -0.012522 0.004061 0.002296
v -0.012887 0.003990 0.002121
v 0.006864 0.034055 0.002997
v 0.006816 0.034746 0.002834
v -0.001239 0.005973 0.001965
v 0.005508 0.031147 0.002917
v 0.005398 0.033806 0.003049
v 0.004789 0.034407 0.002859
v 0.004937 0.032612 0.002971
v 0.004153 0.032736 0.002825
v 0.008349 0.031958 0.002965
v 0.007426 0.030926 0.002918
v -0.013916 -0.004399 0.001218
v -0.011017 0.000902 0.002222
v 0.008183 0.033447 0.003060
v 0.008751 0.033924 0.002929
v -0.008047 0.004229 0.002005
v -0.008547 0.004205 0.002124
v -0.009367 0.001252 0.002120
v -0.013941 -0.004711 0.000350
v -0.008544 0.002004 0.002032
v -0.014232 -0.009176 0.001311
v -0.008746 0.003083 0.002150
v -0.007885 0.002796 0.001967
v -0.012104 0.003117 0.002533
v -0.012279 0.003375 0.002414
v -0.008657 0.005667 0.001949
v -0.008031 0.006180 0.001842
v -0.009825 0.005864 0.002006
v -0.009520 0.006708 0.001840
v -0.013655 -0.000032 0.000202
v -0.012230 0.001248 0.002366
v -0.012321 0.002837 0.002435
v -0.011065 0.005651 0.002082
v -0.011080 0.006044 0.001946
v -0.012275 0.005126 0.002112
v -0.012424 0.005519 0.001983
v -0.012510 0.003563 0.002333
v -0.012758 0.003545 0.002225
v -0.012461 0.003157 0.002386
v -0.012740 0.003173 0.002259
v -0.012575 0.002775 0.002368
v -0.012808 0.002814 0.002257
v -0.012665 0.002375 0.002383
v -0.012974 0.002378 0.002205
v 0.006684 0.035602 0.002561
v 0.004755 0.035626 0.002629
v 0.008746 0.035601 0.002563
v 0.011517 0.035629 0.002523
v 0.011436 0.033736 0.002771
v 0.014013 0.035646 0.002321
v 0.013877 0.033560 0.002584
v 0.009077 0.031894 0.002842
v -0.004651 0.005377 0.001846
v 0.011208 0.031506 0.002705
v -0.001354 0.008824 0.001967
v 0.013610 0.031132 0.002580
v -0.005222 0.008550 0.001815
v -0.013023 0.003187 0.002097
v -0.013153 0.005287 0.001781
v -0.013300 0.004068 0.001792
v -0.013369 0.003210 0.001813
v -0.013411 0.002381 0.001850
v -0.013674 0.000459 0.001103
v -0.013438 0.004201 0.001207
v -0.013510 0.004132 0.000687
v -0.013500 0.003246 0.001236
v -0.013547 0.003299 0.000693
v -0.013584 0.002233 0.001090
v -0.013403 0.002321 0.000183
v -0.013300 0.004850 0.000163
v -0.013402 0.005413 0.001040
v -0.008452 0.008786 0.001830
v -0.007785 0.011864 0.001957
v -0.010622 0.008432 0.001833
v -0.010128 0.011507 0.001904
v -0.012158 0.008054 0.001860
v -0.011985 0.010440 0.001874
v -0.012963 0.007987 0.001788
v -0.012963 0.010399 0.001752
v -0.007744 0.015777 0.002098
v -0.007404 0.020630 0.002307
v -0.007307 0.025401 0.002337
v -0.007258 0.029172 0.002553
v -0.010116 0.015657 0.002039
v -0.009717 0.020577 0.002369
v -0.009514 0.025398 0.002367
v -0.009347 0.029174 0.002458
v -0.011747 0.015536 0.001992
v -0.011537 0.020541 0.002276
v -0.011339 0.025349 0.002391
v -0.011054 0.029593 0.002509
v -0.012737 0.015520 0.001867
v -0.012567 0.020534 0.002064
v -0.012393 0.025374 0.002257
v -0.012213 0.030055 0.002419
v -0.007731 0.032078 0.002576
v -0.008131 0.034045 0.002587
v -0.008150 0.035722 0.002524
v -0.009494 0.032093 0.002526
v -0.009483 0.033983 0.002566
v -0.009464 0.035671 0.002504
v -0.011103 0.032032 0.002516
v -0.011053 0.033922 0.002530
v -0.011002 0.035674 0.002459
v -0.012119 0.032037 0.002369
v -0.012033 0.033933 0.002377
v -0.011876 0.035766 0.002237
v -0.004924 0.035700 0.002554
v -0.001703 0.035639 0.002512
v 0.001529 0.035639 0.002582
v -0.004901 0.034135 0.002658
v -0.001672 0.034225 0.002672
v 0.001562 0.034315 0.002729
v -0.005033 0.032360 0.002645
v -0.001970 0.032486 0.002671
v 0.001095 0.032613 0.002708
v -0.004675 0.001417 0.001882
v -0.001354 0.003507 0.001963
v -0.004666 0.003437 0.001884
v -0.004492 0.029270 0.002669
v -0.001191 0.029459 0.002716
v 0.001963 0.029874 0.002628
v 0.005081 0.030478 0.002771
v 0.007607 0.030302 0.002811
v 0.010739 0.029231 0.002666
v 0.013332 0.028693 0.002527
v -0.004210 0.025154 0.002475
v -0.000661 0.025158 0.002524
v 0.002851 0.025139 0.002545
v 0.005778 0.025149 0.002594
v 0.008998 0.024756 0.002597
v 0.011352 0.024652 0.002594
v 0.013379 0.024594 0.002440
v -0.004279 0.020632 0.002287
v -0.000574 0.020606 0.002290
v 0.002770 0.020556 0.002415
v 0.005918 0.020530 0.002488
v 0.008671 0.020488 0.002538
v 0.011027 0.020457 0.002525
v 0.013088 0.020442 0.002393
v -0.004450 0.015775 0.002222
v -0.000813 0.015849 0.002186
v 0.002516 0.015907 0.002254
v 0.005533 0.015963 0.002418
v 0.008224 0.016031 0.002544
v 0.010559 0.016087 0.002527
v 0.012540 0.016113 0.002319
v -0.004697 0.011780 0.002083
v -0.001160 0.011935 0.002035
v 0.002171 0.011912 0.002119
v 0.005185 0.011957 0.002265
v 0.007821 0.012259 0.002468
v 0.010180 0.012252 0.002429
v 0.012194 0.011870 0.002320
v 0.004984 0.009159 0.002218
v 0.001998 0.008983 0.002083
v -0.001341 0.000619 0.002080
v 0.007614 0.009364 0.002312
v 0.010004 0.009519 0.002389
v 0.012117 0.009721 0.002332
v 0.001941 0.006229 0.002129
v 0.004803 0.006514 0.002227
v 0.007457 0.006657 0.002317
v 0.009860 0.006778 0.002475
v 0.011950 0.006935 0.002397
v 0.001800 0.003667 0.002126
v 0.004690 0.003934 0.002187
v 0.007351 0.004066 0.002395
v 0.009805 0.004180 0.002487
v 0.011918 0.003951 0.002382
v 0.001820 0.000600 0.002232
v 0.004727 0.000855 0.002319
v 0.007402 0.000815 0.002306
v 0.009850 0.000739 0.002360
v 0.012280 -0.002851 0.002332
v -0.004116 -0.008689 0.002393
v -0.003649 -0.016172 0.002806
v -0.003371 -0.021716 0.002982
v -0.000891 -0.008545 0.002447
v -0.000464 -0.016043 0.002762
v -0.000117 -0.021750 0.003059
v 0.002328 -0.008333 0.002415
v 0.002761 -0.015991 0.002771
v 0.003100 -0.021780 0.003082
v 0.005203 -0.008140 0.002386
v 0.005636 -0.016020 0.002872
v 0.005947 -0.021825 0.003202
v 0.007924 -0.008120 0.002564
v 0.008300 -0.015986 0.002998
v 0.008585 -0.021850 0.003382
v 0.010314 -0.008037 0.002671
v 0.010634 -0.015853 0.003095
v 0.011238 -0.021754 0.003546
v 0.012082 0.000565 0.002379
v 0.012648 -0.007899 0.002470
v 0.013387 -0.015740 0.002980
v 0.014090 -0.021577 0.003450
v 0.010102 -0.002980 0.002410
v 0.007686 -0.003122 0.002332
v 0.004970 -0.003177 0.002264
v 0.002087 -0.003360 0.002459
v -0.001175 -0.003567 0.002327
v -0.004404 -0.003751 0.002095
v -0.007380 0.001456 0.001824
v -0.009090 0.000726 0.001977
v -0.011020 0.000462 0.002056
v -0.012578 0.000828 0.002160
v -0.013460 0.000711 0.001890
v -0.006517 -0.003856 0.002039
v -0.008493 -0.003965 0.002013
v -0.010356 -0.004099 0.002030
v -0.012053 -0.004211 0.002039
v -0.013511 -0.004234 0.001933
v -0.006438 -0.008730 0.002347
v -0.008500 -0.008747 0.002266
v -0.010466 -0.008794 0.002262
v -0.012318 -0.008865 0.002311
v -0.013863 -0.008854 0.002207
v -0.006381 -0.016035 0.002863
v -0.008769 -0.015899 0.002883
v -0.010816 -0.015767 0.002821
v -0.012742 -0.015659 0.002834
v -0.014627 -0.015321 0.002760
v -0.006494 -0.021314 0.003035
v -0.009274 -0.020955 0.003124
v -0.011703 -0.020642 0.003197
v -0.013788 -0.020367 0.003199
v -0.015381 -0.020391 0.002985
v -0.014205 -0.009562 0.000309
v -0.015113 -0.015528 0.001584
v -0.015041 -0.015809 0.000218
v 0.014320 -0.021728 0.000768
v 0.014444 -0.021739 0.002273
v -0.013293 0.007941 0.001072
v -0.013233 0.007724 0.000136
v -0.013211 0.010764 0.001059
v -0.013103 0.010833 0.000143
v -0.013029 0.015522 0.001116
v -0.013056 0.015412 0.000223
v -0.012835 0.020531 0.001283
v -0.012870 0.020294 0.000328
v -0.012657 0.025376 0.001354
v -0.012647 0.025144 0.000361
v -0.012529 0.029767 0.001362
v -0.012339 0.028855 0.000187
v -0.012465 0.032023 0.001341
v -0.012252 0.031610 0.000152
v -0.012383 0.033947 0.001342
v -0.012356 0.034051 0.000298
v -0.006541 -0.021986 0.000321
v -0.006552 -0.021914 0.001795
v 0.013848 -0.015684 0.001812
v 0.013875 -0.015712 0.000347
v 0.013024 -0.007973 0.001540
v 0.013128 -0.008331 0.000421
v 0.012625 -0.002897 0.001475
v 0.012734 -0.003108 0.000482
v 0.012481 0.000570 0.001541
v 0.012533 0.000614 0.000461
v 0.012419 0.003900 0.001553
v 0.012544 0.003418 0.000529
v 0.012494 0.006849 0.001493
v 0.012527 0.006530 0.000356
v 0.012583 0.009733 0.001399
v 0.012622 0.009330 0.000327
v 0.012685 0.011614 0.001404
v 0.012733 0.011628 0.000377
v 0.012939 0.016014 0.001476
v 0.012932 0.015892 0.000437
v 0.014246 0.035516 0.000428
v 0.014207 0.035594 0.001413
v 0.013283 0.020445 0.001441
v 0.013214 0.020406 0.000364
v 0.013629 0.024758 0.001459
v 0.013597 0.024616 0.000399
v 0.013869 0.028878 0.001654
v 0.013755 0.028496 0.000387
v 0.014028 0.031217 0.001699
v 0.013980 0.031055 0.000385
v 0.014191 0.033557 0.001657
v 0.014176 0.033499 0.000396
v 0.006580 0.035444 0.000060
v 0.006616 0.035851 0.001401
v 0.011720 0.035813 0.001397
v 0.011751 0.035739 0.000200
v 0.008863 0.035837 0.001437
v 0.008941 0.035460 0.000061
v -0.004689 0.036023 0.000399
v -0.004831 0.036019 0.001643
v 0.004571 0.035887 0.001595
v 0.004456 0.035860 0.000257
v 0.001440 0.035922 0.001605
v 0.001478 0.035921 0.000355
v -0.001698 0.035937 0.001562
v -0.001587 0.035955 0.000339
v -0.008231 0.036083 0.001431
v -0.007535 0.035578 0.000068
v -0.009657 0.036111 0.001442
v -0.009500 0.035874 0.000083
v -0.011214 0.036139 0.001479
v -0.011209 0.036070 0.000249
v -0.012184 0.036024 0.001370
v -0.012189 0.036013 0.000316
v -0.015799 -0.020665 0.001768
v -0.015849 -0.020819 0.000322
v -0.014384 -0.021137 0.001931
v -0.014329 -0.021260 0.000376
v -0.012247 -0.021376 0.001882
v -0.012200 -0.021490 0.000426
v -0.009718 -0.021604 0.001804
v -0.009545 -0.021689 0.000342
v 0.011543 -0.022217 0.002290
v 0.011620 -0.022277 0.000871
v 0.008864 -0.022320 0.002154
v 0.008869 -0.022407 0.000762
v -0.013247 -0.016291 0.000078
v -0.003380 -0.022180 0.001779
v -0.003413 -0.022301 0.000301
v -0.000093 -0.022283 0.001889
v -0.000019 -0.022336 0.000350
v 0.003112 -0.022302 0.001928
v 0.003216 -0.022416 0.000432
v 0.006208 -0.022316 0.001972
v 0.006145 -0.022417 0.000574
v -0.012605 -0.010785 0.000069
v -0.012301 -0.006054 0.000054
v -0.012176 -0.001959 0.000074
v -0.011827 0.001284 0.000055
v -0.011613 0.004298 0.000070
v -0.011513 0.007345 0.000049
v -0.011413 0.010686 0.000080
v -0.011346 0.014808 0.000104
v -0.011162 0.019368 0.000246
v -0.010962 0.023850 0.000200
v -0.010723 0.027760 0.000080
v -0.010638 0.030836 0.000091
v -0.010779 0.033515 0.000071
v -0.011038 -0.016586 0.000145
v -0.010472 -0.011395 0.000097
v -0.010182 -0.006757 0.000040
v -0.010008 -0.002711 0.000091
v -0.009766 0.000706 0.000061
v -0.009599 0.003904 0.000101
v -0.009514 0.007081 0.000073
v -0.009435 0.010500 0.000100
v -0.009350 0.014511 0.000152
v -0.009170 0.018869 0.000163
v -0.008971 0.023174 0.000166
v -0.008770 0.027098 0.000069
v -0.008711 0.030318 0.000091
v -0.008930 0.033181 0.000070
v -0.008381 -0.016831 0.000162
v -0.007986 -0.011700 0.000128
v -0.007771 -0.007073 0.000123
v -0.007599 -0.003007 0.000118
v -0.007432 0.000432 0.000074
v -0.007331 0.003670 0.000118
v -0.007288 0.006888 0.000060
v -0.007239 0.010248 0.000118
v -0.007154 0.014343 0.000329
v -0.006970 0.018669 0.000158
v -0.006761 0.022921 0.000135
v -0.006571 0.026876 0.000097
v -0.006490 0.030064 0.000113
v -0.006761 0.032973 0.000062
v -0.005576 -0.016983 0.000137
v -0.005288 -0.011833 0.000173
v -0.005140 -0.007213 0.000243
v -0.005004 -0.003147 0.000189
v -0.004882 0.000316 0.000084
v -0.004808 0.003569 0.000112
v -0.004757 0.006810 0.000070
v -0.004679 0.009990 0.000158
v -0.004520 0.014270 0.000298
v -0.004340 0.018608 0.000142
v -0.004144 0.022849 0.000169
v -0.003992 0.026883 0.000137
v -0.003923 0.030009 0.000171
v -0.004100 0.032988 0.000056
v -0.002683 -0.017103 0.000090
v -0.002480 -0.011884 0.000174
v -0.002386 -0.007254 0.000352
v -0.002291 -0.003192 0.000367
v -0.002191 0.000287 0.000234
v -0.002110 0.003546 0.000158
v -0.002030 0.006788 0.000149
v -0.001938 0.009992 0.000164
v -0.001779 0.014231 0.000210
v -0.001601 0.018538 0.000154
v -0.001413 0.022737 0.000225
v -0.001276 0.026635 0.000211
v -0.001209 0.029898 0.000141
v -0.001277 0.032940 0.000006
v 0.000309 -0.017116 0.000052
v 0.000387 -0.011865 0.000136
v 0.000430 -0.007208 0.000246
v 0.000490 -0.003115 0.000414
v 0.000564 0.000337 0.000279
v 0.000651 0.003581 0.000225
v 0.000751 0.006836 0.000210
v 0.000851 0.010021 0.000173
v 0.000999 0.014228 0.000186
v 0.001161 0.018505 0.000193
v 0.001325 0.022651 0.000172
v 0.001446 0.026482 0.000162
v 0.001534 0.029801 0.000042
v 0.001571 0.032887 0.000028
v 0.003231 -0.017075 0.000074
v 0.003200 -0.011786 0.000110
v 0.003197 -0.007098 0.000117
v 0.003209 -0.002943 0.000198
v 0.003272 0.000455 0.000288
v 0.003371 0.003648 0.000192
v 0.003481 0.006916 0.000262
v 0.003582 0.010002 0.000195
v 0.003714 0.014230 0.000336
v 0.003859 0.018492 0.000257
v 0.003983 0.022604 0.000181
v 0.004082 0.026413 0.000100
v 0.004178 0.029735 0.000032
v 0.004267 0.032817 0.000054
v 0.005996 -0.016932 0.000127
v 0.005877 -0.011553 0.000151
v 0.005822 -0.006882 0.000088
v 0.005799 -0.002721 0.000146
v 0.005829 0.000682 0.000195
v 0.005890 0.003838 0.000289
v 0.005952 0.007060 0.000231
v 0.006028 0.010387 0.000207
v 0.006137 0.014328 0.000376
v 0.006270 0.018497 0.000282
v 0.006433 0.022593 0.000164
v 0.006553 0.026413 0.000072
v 0.006636 0.029704 0.000052
v 0.006657 0.032701 0.000050
v 0.008637 -0.016642 0.000170
v 0.008433 -0.011012 0.000260
v 0.008332 -0.006287 0.000096
v 0.008279 -0.002194 0.000132
v 0.008292 0.001168 0.000205
v 0.008338 0.004271 0.000330
v 0.008381 0.007444 0.000281
v 0.008438 0.010797 0.000206
v 0.008556 0.014577 0.000292
v 0.008708 0.018654 0.000227
v 0.008874 0.022705 0.000138
v 0.009007 0.026553 0.000032
v 0.009091 0.029815 0.000000
v 0.009097 0.032740 0.000027
v 0.011251 -0.016206 0.000129
v 0.010867 -0.010006 0.000158
v 0.010695 -0.005123 0.000089
v 0.010604 -0.001148 0.000116
v 0.010627 0.002000 0.000215
v 0.010671 0.005008 0.000198
v 0.010724 0.007997 0.000209
v 0.010749 0.011171 0.000150
v 0.010927 0.014949 0.000160
v 0.011147 0.019092 0.000158
v 0.011354 0.023240 0.000182
v 0.011486 0.027126 0.000055
v 0.011592 0.030238 0.000007
v 0.011678 0.033010 0.000039
vn -0.8261 -0.0996 0.5546
vn -0.9008 -0.3368 0.2742
vn 0.0507 -0.2037 0.9777
vn -0.5931 -0.2886 0.7517
vn -0.5758 -0.7378 0.3522
vn -0.8530 0.3454 0.3912
vn -0.9509 0.3058 0.0471
vn -0.6627 0.5629 0.4938
vn -0.5296 0.2036 0.8235
vn 0.0237 0.6806 0.7323
vn -0.2210 0.0056 0.9753
vn 0.0264 0.1685 0.9853
vn 0.0017 0.0470 0.9989
vn -0.0097 0.1384 0.9903
vn 0.2743 0.0878 0.9576
vn -0.0565 0.2369 0.9699
vn 0.5470 0.3334 0.7679
vn 0.2346 0.2558 0.9378
vn 0.5961 0.6869 0.4157
vn 0.0128 0.7002 0.7138
vn -0.0028 0.9988 -0.0481
vn -0.0202 0.8126 0.5825
vn -0.0589 0.9940 0.0923
vn 0.1775 0.9751 0.1327
vn -0.1693 0.9763 0.1349
vn 0.0357 0.4111 -0.9109
vn -0.9939 0.1078 -0.0222
vn 0.9844 0.1600 -0.0727
vn -0.8573 -0.0728 0.5097
vn -0.6117 -0.1738 0.7718
vn 0.0578 -0.2859 0.9565
vn 0.6856 -0.1450 0.7134
vn 0.9038 -0.0120 0.4279
vn 0.0235 0.0886 -0.9958
vn 0.9952 0.0121 -0.0968
vn 0.8935 -0.0954 0.4389
vn 0.7595 -0.1302 0.6373
vn 0.0730 -0.1832 0.9804
vn -0.6642 -0.1320 0.7358
vn -0.7994 -0.1260 0.5874
vn -0.9998 -0.0054 -0.0172
vn 0.0386 0.9945 0.0979
vn -0.0400 0.7933 0.6076
vn -0.5373 0.8420 0.0486
vn -0.7163 0.3317 -0.6139
vn -0.7114 0.1026 -0.6953
vn -0.1083 0.9890 0.1007
vn 0.0494 0.7911 0.6097
vn 0.5318 0.8466 0.0198
vn 0.7412 0.3417 -0.5778
vn 0.7539 0.0913 -0.6506
vn 0.0360 -0.1698 -0.9848
vn 0.7710 -0.0507 -0.6349
vn 0.9995 -0.0174 -0.0248
vn -0.6502 0.1535 0.7441
vn -0.6489 0.0242 0.7605
vn -0.6476 -0.0705 0.7587
vn -0.7439 -0.0750 0.6640
vn -0.7527 -0.1886 -0.6308
vn -0.7285 -0.0642 -0.6821
vn 0.0466 -0.3380 -0.9400
vn 0.0804 -0.4339 -0.8974
vn -0.7658 -0.3239 -0.5556
vn 0.7884 -0.1718 -0.5907
vn 0.8044 -0.2442 -0.5415
vn 0.1048 -0.5061 -0.8561
vn 0.9976 -0.0541 -0.0440
vn 0.9974 -0.0643 -0.0323
vn 0.9986 -0.0450 -0.0271
vn 0.8402 -0.0265 0.5417
vn 0.7589 -0.0349 0.6502
vn 0.0967 -0.0831 0.9918
vn 0.8326 0.0525 0.5513
vn 0.7734 0.0521 0.6318
vn 0.1129 0.0580 0.9919
vn 0.8338 0.1264 0.5374
vn 0.7826 0.1463 0.6051
vn 0.1561 0.2183 0.9633
vn 0.8320 0.2119 0.5127
vn 0.7757 0.2531 0.5782
vn 0.1167 0.3825 0.9166
vn -0.9980 -0.0608 0.0146
vn -0.7336 0.0149 0.6794
vn -0.9933 -0.0713 0.0913
vn -0.7506 0.1395 0.6458
vn -0.9941 -0.0460 0.0985
vn -0.7649 -0.2594 -0.5896
vn -0.9988 -0.0294 0.0392
vn 0.9987 -0.0244 -0.0440
vn 0.9968 -0.0015 -0.0795
vn 0.9949 0.0315 -0.0960
vn 0.9959 0.0674 -0.0608
vn 0.8026 -0.1630 -0.5739
vn 0.8276 0.2884 0.4815
vn 0.8166 0.3349 0.4701
vn 0.8056 0.3478 0.4796
vn 0.7975 0.3364 0.5009
vn 0.0414 -0.3059 -0.9512
vn 0.7567 0.3410 0.5578
vn 0.7419 0.3861 0.5482
vn 0.7393 0.3900 0.5489
vn 0.7320 0.3840 0.5628
vn 0.8273 -0.1420 -0.5435
vn 0.0753 0.5031 0.8610
vn 0.0751 0.5497 0.8320
vn 0.0758 0.5597 0.8252
vn 0.1066 0.5532 0.8262
vn 0.0197 0.5464 0.8373
vn 0.8148 -0.2764 -0.5096
vn 0.8123 -0.2924 -0.5047
vn 0.8018 -0.2790 -0.5284
vn 0.7998 -0.2425 -0.5490
vn 0.8008 -0.1982 -0.5652
vn -0.7575 -0.1392 -0.6379
vn 0.0502 -0.5201 -0.8526
vn 0.0564 -0.4844 -0.8730
vn 0.0544 -0.4316 -0.9004
vn 0.0676 -0.3622 -0.9296
vn -0.7772 -0.1928 -0.5990
vn -0.7697 -0.3531 -0.5319
vn -0.7809 -0.3232 -0.5346
vn -0.7868 -0.2828 -0.5486
vn -0.7871 -0.2418 -0.5674
vn 0.2220 0.8397 -0.4956
vn -0.9987 -0.0481 -0.0193
vn -0.9999 -0.0128 0.0026
vn -0.9991 0.0362 0.0208
vn -0.9970 0.0753 0.0177
vn -0.9953 0.0955 -0.0145
vn -0.7808 0.2407 0.5766
vn -0.6687 0.2715 0.6922
vn -0.7962 0.2834 0.5346
vn -0.6866 0.3423 0.6414
vn -0.7787 0.3137 0.5434
vn -0.6760 0.3836 0.6291
vn -0.7549 0.3421 0.5595
vn -0.6522 0.4077 0.6391
vn -0.7458 0.3602 0.5605
vn -0.6378 0.4150 0.6488
vn -0.7357 0.3686 0.5682
vn -0.6346 0.4252 0.6454
vn -0.9842 0.1641 0.0664
vn -0.9767 0.1973 0.0850
vn -0.9449 0.3000 0.1309
vn -0.7345 0.6786 0.0039
vn -0.7000 0.3784 0.6057
vn -0.6599 0.3741 0.6516
vn -0.6016 0.4159 0.6820
vn -0.4272 0.7930 0.4344
vn -0.6214 0.4260 0.6576
vn -0.5840 0.4259 0.6910
vn -0.4877 0.4885 0.7235
vn -0.2485 0.8546 0.4560
vn 0.0208 0.5425 0.8398
vn -0.0032 0.5464 0.8375
vn 0.0460 0.5927 0.8041
vn 0.1044 0.8861 0.4515
vn 0.4472 0.8379 0.3130
vn 0.6012 0.7499 0.2759
vn 0.8412 0.5398 -0.0318
vn 0.6111 0.4782 0.6308
vn 0.7329 0.4095 0.5433
vn 0.9648 0.2520 0.0756
vn 0.6488 0.4208 0.6340
vn 0.7678 0.3515 0.5357
vn 0.9848 0.1696 0.0368
vn 0.6769 0.3946 0.6214
vn 0.7823 0.3399 0.5219
vn 0.9906 0.1354 -0.0169
vn 0.7137 0.3796 0.5887
vn 0.7935 0.3317 0.5102
vn 0.9935 0.0982 -0.0574
vn 0.1240 -0.2688 -0.9552
vn 0.8626 -0.0910 -0.4976
vn 0.1864 -0.2224 -0.9570
vn 0.8866 0.0011 -0.4625
vn 0.2096 -0.1234 -0.9700
vn 0.7301 0.4212 -0.5381
vn 0.2179 0.2622 -0.9401
vn -0.7517 -0.0940 -0.6527
vn -0.7554 0.0064 -0.6553
vn -0.4362 0.5413 -0.7188
vn 0.3589 0.8142 -0.4563
vn -0.0323 0.9006 -0.4335
vn 0.4614 0.8203 -0.3381
vn 0.3778 0.9154 -0.1392
vn 0.2160 0.9534 -0.2108
vn 0.1246 0.9660 -0.2267
vn 0.0444 0.9862 -0.1592
vn -0.1167 0.9927 -0.0294
vn -0.1828 0.9313 -0.3151
vn 0.7297 0.5446 -0.4134
vn 0.0658 0.9799 -0.1882
vn -0.9107 0.4118 -0.0324
vn -0.8134 0.4964 0.3033
vn -0.8760 0.4745 -0.0862
vn -0.7509 0.6110 0.2505
vn -0.7934 0.5872 -0.1603
vn -0.5769 0.8007 0.1617
vn -0.0572 0.8655 -0.4977
vn -0.0838 0.8344 -0.5447
vn -0.0760 0.7924 -0.6053
vn -0.0972 0.7797 -0.6186
vn -0.7952 0.5712 -0.2033
vn -0.7837 0.5577 -0.2733
vn -0.7571 0.5466 -0.3577
vn -0.7232 0.5520 -0.4150
vn -0.8767 0.4665 -0.1175
vn -0.8715 0.4576 -0.1764
vn -0.8588 0.4463 -0.2514
vn -0.8373 0.4514 -0.3086
vn -0.9123 0.4038 -0.0686
vn -0.9128 0.3899 -0.1216
vn -0.9051 0.3846 -0.1814
vn -0.8887 0.3951 -0.2326
vn -0.9474 0.3196 -0.0172
vn -0.9458 0.3155 -0.0766
vn -0.9412 0.3150 -0.1224
vn -0.9345 0.3158 -0.1641
vn -0.9302 -0.3570 0.0853
vn -0.9231 -0.3809 0.0517
vn 0.0114 0.7914 -0.6113
vn 0.1672 0.7873 -0.5935
vn 0.2451 0.7880 -0.5648
vn 0.2352 0.8164 -0.5274
vn 0.1670 0.9381 -0.3034
vn -0.6645 0.5874 -0.4620
vn -0.6138 0.6340 -0.4704
vn -0.6202 0.6483 -0.4416
vn -0.6981 0.6031 -0.3859
vn -0.7942 0.5476 -0.2634
vn -0.8122 0.4682 -0.3479
vn -0.7948 0.4832 -0.3671
vn -0.7903 0.4870 -0.3718
vn -0.8013 0.4807 -0.3561
vn -0.8311 0.4661 -0.3034
vn -0.8681 0.4063 -0.2852
vn -0.8508 0.4160 -0.3211
vn -0.8405 0.4207 -0.3414
vn -0.8401 0.4203 -0.3429
vn -0.8528 0.4135 -0.3190
vn -0.9230 0.3117 -0.2258
vn -0.9069 0.3203 -0.2740
vn -0.8933 0.3328 -0.3019
vn -0.8865 0.3393 -0.3146
vn -0.8919 0.3349 -0.3039
vn -0.9179 -0.3968 0.0013
vn -0.9084 -0.4179 -0.0136
vn -0.9009 -0.4339 -0.0116
vn -0.8810 -0.4730 0.0134
vn -0.8849 -0.4638 0.0444
vn 0.0987 0.9718 -0.2143
vn 0.0796 0.8987 -0.4314
vn 0.1099 0.7334 -0.6708
vn -0.8795 0.4555 -0.1376
vn -0.9126 0.3689 -0.1764
vn -0.8989 0.3518 -0.2610
vn -0.8744 0.4252 -0.2337
vn -0.9090 0.3631 -0.2046
vn -0.9229 0.3193 -0.2153
vn -0.8738 0.3929 -0.2866
vn -0.8959 0.3611 -0.2588
vn -0.9107 0.3313 -0.2468
vn -0.9030 0.3198 -0.2868
vn -0.9058 0.3227 -0.2745
vn -0.9069 0.3288 -0.2634
vn -0.8830 -0.4626 0.0799
vn -0.8957 -0.4380 0.0766
vn -0.9147 -0.3951 0.0850
vn 0.1428 0.6326 -0.7612
vn 0.1923 0.5805 -0.7912
vn 0.2290 0.5287 -0.8173
vn -0.8835 0.3410 -0.3213
vn -0.8601 0.3580 -0.3634
vn -0.8348 0.3809 -0.3975
vn -0.9213 0.2982 -0.2494
vn -0.9129 0.3106 -0.2649
vn -0.8638 0.3662 -0.3460
vn -0.9130 0.3146 -0.2596
vn -0.9128 0.3155 -0.2592
vn -0.9129 0.3199 -0.2535
vn -0.9035 0.3364 -0.2654
vn -0.8962 0.3457 -0.2781
vn -0.8984 0.3401 -0.2780
vn -0.9194 -0.3745 0.1197
vn -0.9356 -0.3301 0.1249
vn -0.9236 -0.3587 0.1350
vn -0.7669 0.4216 -0.4839
vn -0.9273 -0.3487 0.1360
vn 0.2995 0.5487 -0.7805
vn 0.3122 0.5619 -0.7660
vn 0.3480 0.5399 -0.7664
vn 0.3480 0.5485 -0.7603
vn -0.8273 0.4029 -0.3914
vn -0.7841 0.4267 -0.4507
vn -0.7275 0.4593 -0.5097
vn -0.6530 0.5164 -0.5540
vn -0.9214 0.2999 -0.2471
vn -0.9179 0.3027 -0.2565
vn -0.8948 0.3379 -0.2918
vn -0.8480 0.4039 -0.3432
vn -0.8986 -0.3828 0.2143
vn -0.8975 -0.3797 0.2242
vn -0.9028 -0.3581 0.2380
vn -0.9333 -0.2767 0.2288
vn -0.2329 0.9505 0.2056
vn -0.0165 0.7305 0.6827
vn -0.3414 0.9333 0.1114
vn 0.1288 0.7958 0.5917
vn 0.7218 0.5404 -0.4324
vn 0.3372 0.9358 0.1031
vn 0.1200 0.7040 0.7000
vn 0.4751 0.8795 0.0278
vn 0.0484 0.7941 0.6058
vn 0.4439 0.8959 0.0177
vn -0.3482 0.9367 0.0377
vn -0.1714 0.8347 0.5234
vn -0.1164 0.9816 -0.1510
vn 0.7247 0.5311 -0.4391
vn -0.0210 0.8857 -0.4638
vn 0.7007 0.5617 -0.4398
vn 0.6662 0.5794 -0.4695
vn 0.6355 0.6024 -0.4829
vn 0.6463 0.6128 -0.4548
vn 0.6824 0.5821 -0.4421
vn 0.4444 0.7334 -0.5144
vn 0.1903 0.8169 -0.5446
vn 0.0317 0.8328 -0.5527
vn -0.0652 0.8292 -0.5551
vn -0.1304 0.8196 -0.5579
vn -0.4617 0.7364 -0.4946
vn 0.7119 0.5457 -0.4421
vn 0.4907 0.6890 -0.5334
vn 0.2189 0.7765 -0.5909
vn 0.0387 0.7960 -0.6041
vn -0.0596 0.7963 -0.6020
vn -0.1312 0.7930 -0.5949
vn -0.2693 0.7739 -0.5732
vn 0.7253 0.5407 -0.4262
vn 0.5272 0.6764 -0.5143
vn 0.2420 0.7771 -0.5811
vn 0.0451 0.8024 -0.5950
vn -0.0553 0.8016 -0.5952
vn -0.1334 0.7942 -0.5928
vn -0.2972 0.7678 -0.5676
vn 0.7259 0.5418 -0.4237
vn 0.5483 0.6670 -0.5044
vn 0.2624 0.7721 -0.5788
vn 0.0524 0.7997 -0.5981
vn -0.0417 0.7976 -0.6018
vn -0.1314 0.7891 -0.6000
vn -0.3345 0.7581 -0.5598
vn 0.7133 0.5598 -0.4216
vn 0.5670 0.6644 -0.4869
vn 0.2944 0.7642 -0.5738
vn 0.0733 0.7880 -0.6113
vn -0.0305 0.7857 -0.6179
vn -0.1451 0.7845 -0.6030
vn -0.3801 0.7510 -0.5399
vn 0.6977 0.5780 -0.4233
vn 0.5830 0.6532 -0.4832
vn 0.3444 0.7371 -0.5815
vn 0.1197 0.7556 -0.6439
vn -0.0214 0.7471 -0.6643
vn -0.1974 0.7487 -0.6329
vn -0.4511 0.7106 -0.5400
vn 0.7308 0.4985 -0.4664
vn 0.6167 0.5400 -0.5728
vn 0.3952 0.6133 -0.6839
vn 0.1781 0.6302 -0.7557
vn 0.0026 0.6113 -0.7914
vn -0.2326 0.5859 -0.7763
vn -0.5013 0.5114 -0.6980
vn -0.2307 0.8079 -0.5423
vn 0.6665 0.6664 -0.3341
vn 0.6682 0.6871 -0.2855
vn 0.6505 0.7299 -0.2101
vn 0.5449 0.8296 0.1219
vn -0.6791 0.5908 -0.4356
vn -0.7429 0.5385 -0.3977
vn -0.1644 0.8868 -0.4318
vn -0.5079 0.6928 -0.5120
vn -0.6969 0.5752 -0.4283
vn -0.7539 0.5238 -0.3964
vn -0.1126 0.8658 -0.4875
vn -0.5505 0.6770 -0.4884
vn -0.7136 0.5734 -0.4025
vn -0.7424 0.5483 -0.3850
vn -0.1132 0.8471 -0.5192
vn -0.5912 0.6644 -0.4573
vn -0.7217 0.5801 -0.3776
vn -0.7284 0.5716 -0.3778
vn -0.1046 0.8436 -0.5267
vn -0.6286 0.6505 -0.4263
vn -0.7292 0.5841 -0.3566
vn -0.7128 0.5988 -0.3653
vn -0.0894 0.8498 -0.5195
vn -0.6804 0.6139 -0.4003
vn -0.7595 0.5731 -0.3078
vn -0.7091 0.6378 -0.3006
vn -0.0533 0.8944 -0.4441
vn -0.7385 0.4403 -0.5106
vn -0.8504 0.4261 -0.3086
vn -0.8187 0.5462 -0.1771
vn -0.0512 0.9593 -0.2778
vn 0.6506 0.6641 -0.3683
vn 0.6376 0.6639 -0.3908
vn 0.6329 0.6869 -0.3574
vn 0.6580 0.7023 -0.2717
vn 0.8693 0.3953 -0.2966
vn 0.9131 0.2402 -0.3295
vn 0.9222 0.1463 -0.3579
vn 0.7479 -0.5500 -0.3718
vn 0.7623 0.5743 -0.2983
vn 0.8434 0.4575 -0.2815
vn 0.8987 0.3308 -0.2880
vn 0.9245 0.2295 -0.3045
vn 0.9583 -0.2758 -0.0748
vn 0.7614 0.5677 -0.3129
vn 0.8340 0.4868 -0.2597
vn 0.8922 0.3902 -0.2276
vn 0.9292 0.3012 -0.2140
vn 0.9750 -0.2216 0.0142
vn 0.7841 0.5581 -0.2716
vn 0.8462 0.4917 -0.2054
vn 0.8929 0.4220 -0.1567
vn 0.9300 0.3465 -0.1228
vn 0.9735 -0.2122 0.0847
vn 0.8060 0.5467 -0.2268
vn 0.8626 0.4809 -0.1570
vn 0.8995 0.4252 -0.1008
vn 0.9308 0.3613 -0.0545
vn 0.9673 -0.2139 0.1361
vn 0.8218 0.5403 -0.1810
vn 0.8787 0.4657 -0.1047
vn 0.9084 0.4157 -0.0439
vn 0.9328 0.3605 0.0037
vn 0.9592 -0.2212 0.1759
vn 0.8295 0.5473 -0.1111
vn 0.8898 0.4556 -0.0257
vn 0.9118 0.4093 0.0328
vn 0.9286 0.3656 0.0632
vn 0.9542 -0.2181 0.2049
vn 0.7065 0.6765 0.2080
vn 0.7708 0.5632 0.2978
vn 0.7821 0.4758 0.4024
vn 0.8085 0.3679 0.4593
vn 0.8752 -0.1065 0.4719
vn 0.5764 -0.8022 -0.1553
vn 0.7364 -0.6373 0.2272
vn 0.7109 -0.6553 0.2554
vn 0.6936 -0.6707 0.2628
vn 0.6810 -0.6825 0.2652
vn 0.6779 -0.6843 0.2687
vn 0.6763 -0.6843 0.2727
vn 0.6456 -0.2846 0.7087
vn 0.5801 -0.3213 0.7485
vn 0.5795 -0.3343 0.7432
vn 0.6016 -0.3392 0.7232
vn 0.7440 -0.6125 0.2669
vn 0.8406 -0.4816 0.2480
vn 0.9111 -0.3494 0.2186
vn 0.7450 -0.6128 0.2634
vn 0.8349 -0.4903 0.2501
vn 0.9005 -0.3684 0.2309
vn 0.7468 -0.6129 0.2581
vn 0.8364 -0.4916 0.2425
vn 0.8990 -0.3701 0.2341
vn 0.7536 -0.6032 0.2611
vn 0.8436 -0.4783 0.2442
vn 0.9049 -0.3529 0.2380
vn 0.7727 -0.5812 0.2553
vn 0.8576 -0.4517 0.2460
vn 0.9156 -0.3198 0.2438
vn 0.8023 -0.5533 0.2242
vn 0.8773 -0.4320 0.2088
vn 0.9330 -0.2992 0.1997
vn 0.6402 -0.7514 -0.1597
vn 0.7312 -0.6573 -0.1826
vn 0.8032 -0.5579 -0.2086
vn -0.0175 -0.3488 0.9370
vn 0.0453 -0.2707 0.9616
vn 0.6378 -0.3044 0.7075
vn 0.6662 -0.1282 0.7346
vn 0.9439 -0.2660 0.1957
vn 0.9568 -0.2076 0.2035
vn 0.9625 -0.1252 0.2408
vn 0.9615 -0.0132 0.2745
vn 0.9362 -0.2728 0.2216
vn 0.9515 -0.1927 0.2398
vn 0.9522 -0.1128 0.2838
vn 0.9462 -0.0200 0.3230
vn 0.9346 -0.2637 0.2386
vn 0.9499 -0.1679 0.2638
vn 0.9466 -0.0847 0.3110
vn 0.9361 -0.0128 0.3514
vn 0.9378 -0.2403 0.2507
vn 0.9497 -0.1397 0.2804
vn 0.9448 -0.0551 0.3228
vn 0.9345 -0.0005 0.3561
vn 0.9439 -0.2055 0.2586
vn 0.9520 -0.1088 0.2860
vn 0.9474 -0.0331 0.3183
vn 0.9404 0.0104 0.3399
vn 0.9598 -0.1877 0.2086
vn 0.9673 -0.0956 0.2350
vn 0.9651 -0.0166 0.2614
vn 0.9597 0.0273 0.2797
vn 0.8715 -0.4396 -0.2172
vn 0.9432 -0.2670 -0.1978
vn 0.9791 -0.0445 -0.1983
vn 0.9722 0.1605 -0.1702
vn 0.9443 0.2792 -0.1744
vn 0.9145 0.3187 -0.2494
vn 0.9117 0.2447 -0.3301
vn 0.9257 0.0974 -0.3655
vn 0.9602 0.0390 0.2766
vn 0.9646 0.0424 0.2601
vn 0.9638 0.0401 0.2635
vn 0.9575 0.0545 0.2831
vn 0.9418 0.0258 0.3352
vn 0.9493 0.0368 0.3124
vn 0.9565 0.0307 0.2901
vn 0.9603 0.0396 0.2760
vn 0.9329 0.0309 0.3589
vn 0.9431 0.0593 0.3272
vn 0.9623 0.0652 0.2642
vn 0.9809 0.0601 0.1848
vn 0.9340 0.0434 0.3546
vn 0.9477 0.1071 0.3008
vn 0.9723 0.1444 0.1840
vn 0.9921 0.1147 0.0513
vn 0.9453 0.0659 0.3196
vn 0.9539 0.1783 0.2414
vn 0.9643 0.2500 0.0874
vn 0.9789 0.1909 -0.0726
vn 0.9593 0.0960 0.2654
vn 0.9490 0.2529 0.1885
vn 0.9314 0.3635 0.0213
vn 0.9368 0.2995 -0.1810
vn 0.6738 0.1339 0.7267
vn 0.6840 0.4065 0.6058
vn 0.7073 0.5626 0.4281
vn 0.7873 0.5815 0.2052
vn 0.9470 -0.0005 -0.3213
vn 0.9730 0.1501 -0.1754
vn 0.7204 0.6831 -0.1198
vn 0.9425 0.2068 0.2626
vn 0.8572 0.4969 0.1351
vn 0.6176 0.7828 -0.0766
vn 0.9516 0.2181 0.2163
vn 0.8267 0.5599 0.0553
vn 0.5657 0.8150 -0.1253
vn 0.9682 0.2381 0.0764
vn 0.8055 0.5867 -0.0835
vn 0.5272 0.8196 -0.2244
vn 0.9667 0.2443 -0.0759
vn 0.7817 0.5802 -0.2286
vn 0.4943 0.7968 -0.3476
vn 0.9402 0.2535 -0.2275
vn 0.7448 0.5369 -0.3962
vn 0.4788 0.7362 -0.4783
vn 0.8729 0.2845 -0.3965
vn 0.6898 0.4540 -0.5640
vn 0.5055 0.6352 -0.5839
vn 0.8129 0.5819 0.0241
vn 0.7645 0.6400 -0.0770
vn 0.7138 0.6944 -0.0908
vn 0.7870 0.6147 -0.0528
vn 0.8141 0.5560 -0.1676
vn 0.8181 0.5548 -0.1512
vn 0.8158 0.5604 -0.1432
vn 0.8162 0.5634 -0.1280
vn 0.8276 0.5467 -0.1271
vn 0.8501 0.5010 -0.1623
vn 0.8385 0.4872 -0.2440
vn 0.7818 0.5697 -0.2535
vn 0.8174 0.4494 -0.3604
vn 0.6529 -0.4054 -0.6398
vn 0.9349 -0.3479 -0.0702
vn 0.1560 -0.7930 -0.5890
vn 0.1737 -0.7971 -0.5784
vn 0.2328 -0.7547 -0.6133
vn 0.3338 -0.6967 -0.6349
vn 0.4410 -0.5943 -0.6726
vn 0.5899 -0.3838 -0.7104
vn -0.1054 -0.6491 -0.7533
vn 0.5792 0.4779 -0.6604
vn 0.5068 0.4745 -0.7197
vn 0.4782 0.3389 -0.8102
vn 0.5181 0.0864 -0.8509
vn 0.6671 -0.1204 -0.7351
vn 0.4948 0.4053 0.7687
vn 0.4736 0.5917 0.6524
vn 0.0521 0.4700 0.8811
vn 0.2740 0.8371 0.4736
vn -0.5074 0.4754 0.7187
vn -0.0534 -0.0480 0.9974
vn 0.3708 0.6216 -0.6900
vn -0.5539 0.6674 -0.4978
vn -0.7962 0.5305 -0.2909
vn -0.9256 -0.2144 0.3120
vn 0.3411 0.8351 -0.4315
vn -0.4228 0.8359 -0.3500
vn -0.7621 0.6341 -0.1310
vn -0.9283 -0.0570 0.3675
vn 0.1776 0.9624 -0.2054
vn 0.1286 0.8255 0.5496
vn -0.3496 0.9170 -0.1922
vn -0.2594 0.8177 0.5138
vn -0.7489 0.6625 0.0162
vn -0.5508 0.4719 0.6884
vn -0.1509 0.9835 -0.0997
vn -0.3160 0.9413 0.1184
vn -0.3245 0.7888 0.5219
vn 0.6390 0.7452 -0.1906
vn 0.6172 0.7836 -0.0715
vn 0.6653 0.7249 0.1786
vn 0.8156 0.5079 -0.2772
vn 0.8176 0.5593 -0.1370
vn 0.8326 0.5539 0.0002
vn 0.8714 0.4825 0.0890
vn 0.8977 0.4398 0.0253
vn 0.8933 0.4494 0.0056
vn 0.7482 0.5860 0.3111
vn 0.7939 0.5992 0.1037
vn 0.7647 0.6438 0.0292
vn -0.1559 0.7809 0.6048
vn -0.2414 0.9237 0.2976
vn -0.3024 0.9501 0.0765
vn 0.9167 0.3491 -0.1941
vn 0.7247 -0.4049 -0.5575
vn 0.9288 0.3492 -0.1243
vn 0.7404 -0.4250 -0.5208
vn 0.9406 0.3288 -0.0845
vn 0.7470 -0.4447 -0.4942
vn 0.9533 0.2896 -0.0856
vn 0.7486 -0.4715 -0.4661
vn 0.9652 0.2436 -0.0953
vn 0.7266 -0.5191 -0.4501
vn 0.8199 0.5251 -0.2282
vn 0.9073 0.3267 -0.2648
vn 0.6931 -0.3952 -0.6028
vn 0.9056 0.2851 -0.3141
vn 0.6595 -0.3861 -0.6449
vn 0.7017 -0.5856 -0.4058
vn 0.6639 -0.6544 -0.3618
vn 0.9742 0.2015 -0.1016
vn 0.9860 0.1216 -0.1142
vn 0.8858 0.4640 0.0045
vn 0.8812 0.4726 -0.0115
vn 0.7251 0.6872 0.0438
vn 0.6785 0.7343 0.0193
vn -0.3384 0.9335 0.1189
vn -0.4088 0.9077 0.0950
vn 0.5970 -0.7299 -0.3328
vn 0.6157 -0.7407 -0.2687
vn 0.9921 0.0810 -0.0959
vn 0.9938 0.0824 -0.0747
vn 0.8598 0.5106 0.0075
vn 0.8257 0.5635 0.0249
vn 0.6116 0.7904 0.0360
vn 0.5175 0.8541 0.0512
vn -0.4788 0.8731 0.0919
vn -0.5272 0.8450 0.0901
vn 0.5892 -0.7814 -0.2056
vn 0.6151 -0.7885 -0.0055
vn 0.9962 0.0503 -0.0706
vn 0.9981 -0.0425 0.0457
vn 0.8078 0.5890 0.0227
vn 0.8071 0.5770 0.1253
vn 0.4246 0.9037 0.0553
vn 0.3839 0.9141 0.1308
vn -0.5860 0.8060 0.0833
vn -0.5752 0.8067 0.1360
vn 0.4980 -0.8447 0.1962
vn 0.2687 -0.5854 0.7649
vn 0.9580 -0.1496 0.2448
vn 0.5987 -0.1732 0.7820
vn 0.8200 0.4775 0.3156
vn 0.5229 0.2869 0.8026
vn 0.3497 0.9027 0.2505
vn 0.1992 0.6682 0.7168
vn -0.5306 0.8130 0.2396
vn -0.3822 0.5395 0.7502
vn 0.1184 0.3896 0.9133
vn 0.0124 0.4112 0.9114
vn 0.0463 0.4306 0.9014
vn 0.0630 0.1141 0.9915
vn -0.0037 0.1409 0.9900
vn 0.0658 0.1690 0.9834
vn 0.0296 -0.1916 0.9810
vn -0.0266 -0.1713 0.9849
vn 0.0764 -0.1440 0.9866
vn 0.0271 -0.3558 0.9342
vn -0.0246 -0.3561 0.9341
vn 0.0692 -0.3560 0.9319
vn 0.2357 0.4043 0.8837
vn -0.0099 0.3768 0.9263
vn 0.3879 0.1781 0.9043
vn -0.0119 0.1786 0.9838
vn 0.3820 -0.0965 0.9191
vn -0.0741 -0.0773 0.9943
vn 0.2128 -0.3122 0.9259
vn -0.0973 -0.2955 0.9504
vn -0.2524 0.4058 0.8784
vn -0.1022 0.4860 0.8679
vn -0.4339 0.1768 0.8834
vn -0.1477 0.2390 0.9597
vn -0.4759 -0.0554 0.8778
vn -0.1541 -0.0340 0.9875
vn -0.3348 -0.3218 0.8856
vn -0.1223 -0.3420 0.9317
vn -0.0146 -0.3315 0.9433
vn -0.6113 -0.2532 0.7498
vn -0.0162 -0.0319 0.9994
vn -0.6113 0.0108 0.7913
vn -0.0562 0.2459 0.9677
vn -0.5889 0.2942 0.7528
vn -0.1119 0.4910 0.8640
vn -0.6297 0.5384 0.5600
vn 0.0487 -0.3153 0.9477
vn -0.9533 0.0359 0.2998
vn -0.9510 0.1959 0.2391
vn -0.9451 0.3183 0.0732
vn -0.7537 0.6121 0.2393
vn 0.7968 0.4740 0.3748
vn 0.0457 0.6006 0.7982
vn 0.0181 0.6265 0.7792
vn 0.0567 0.6210 0.7817
vn -0.0013 0.6073 0.7945
vn -0.0634 0.6302 0.7738
vn -0.0503 0.6681 0.7424
vn 0.2206 0.5805 0.7838
vn -0.9546 0.2432 -0.1721
vn 0.6426 -0.3628 0.6749
vn 0.6326 -0.3529 0.6895
vn 0.0436 -0.3774 0.9250
vn -0.0660 -0.1702 0.9832
vn -0.0073 -0.3783 0.9257
vn -0.0289 -0.2952 0.9550
vn 0.0256 -0.3767 0.9260
vn -0.0285 -0.2720 0.9619
vn 0.0542 -0.3497 0.9353
vn 0.0014 -0.2606 0.9654
vn -0.9566 -0.1825 0.2274
vn -0.9585 -0.0748 0.2749
vn -0.0972 -0.4123 0.9058
vn 0.0501 -0.2988 0.9530
vn -0.0608 -0.4700 0.8806
vn 0.0207 -0.3422 0.9394
vn -0.0512 -0.4776 0.8771
vn -0.0372 -0.3866 0.9215
vn -0.6233 -0.4059 0.6684
vn -0.5828 -0.4116 0.7007
vn -0.9406 -0.2723 0.2028
vn -0.8973 -0.3923 0.2026
vn 0.2359 0.4797 0.8451
vn 0.4866 0.2340 0.8417
vn -0.0822 -0.1447 0.9861
vn -0.0258 -0.1317 0.9910
vn 0.0545 -0.1295 0.9901
vn 0.0936 -0.1392 0.9858
vn 0.0716 -0.1591 0.9847
vn 0.1082 -0.0820 0.9907
vn -0.5528 -0.3566 0.7531
vn -0.4969 -0.3477 0.7951
vn -0.6509 -0.6999 0.2940
vn -0.4889 -0.3573 0.7958
vn -0.7934 -0.5616 0.2349
vn -0.5151 0.2619 0.8161
vn -0.2297 0.1186 0.9660
vn 0.0054 -0.1966 0.9805
vn -0.0631 -0.0295 0.9976
vn 0.0332 -0.0224 0.9992
vn 0.0988 -0.0126 0.9950
vn -0.1013 -0.0305 0.9944
vn -0.0226 -0.0022 0.9997
vn -0.0770 0.0724 0.9944
vn 0.0064 0.0579 0.9983
vn 0.0778 0.0838 0.9934
vn 0.4017 0.7242 0.5605
vn 0.1953 0.6864 0.7005
vn -0.0182 0.4921 0.8703
vn -0.1438 0.5762 0.8046
vn -0.4166 0.6473 0.6384
vn 0.0024 0.3724 0.9281
vn 0.0721 0.1439 0.9870
vn 0.0808 -0.0055 0.9967
vn -0.0057 0.3271 0.9450
vn -0.0077 0.5922 0.8057
vn -0.2080 0.3357 0.9187
vn 0.0156 0.2024 0.9792
vn 0.2251 0.0883 0.9703
vn 0.0074 0.0484 0.9988
vn -0.0264 0.1141 0.9931
vn -0.9305 -0.3270 0.1649
vn -0.9327 -0.3439 0.1087
vn -0.5323 -0.8042 0.2646
vn -0.6167 -0.7478 0.2458
vn -0.6087 -0.7648 0.2111
vn -0.7697 -0.6000 0.2180
vn -0.7620 -0.6208 0.1842
vn -0.8919 -0.4085 0.1940
vn -0.8976 -0.4084 0.1658
vn -0.9466 -0.2567 0.1951
vn -0.9601 -0.2136 0.1807
vn -0.9618 -0.1398 0.2355
vn -0.9680 -0.0777 0.2386
vn 0.5357 -0.7046 0.4654
vn 0.5448 -0.6843 0.4847
vn -0.9548 -0.0415 0.2944
vn -0.9534 -0.0024 0.3015
vn -0.9474 0.0297 0.3186
vn -0.9466 0.0226 0.3215
vn -0.9572 0.1121 0.2669
vn -0.9577 0.0484 0.2836
vn -0.9801 0.1511 0.1288
vn -0.9770 0.0367 0.2100
vn -0.9952 0.0915 -0.0341
vn -0.9913 0.0227 0.1298
vn 0.4928 -0.7692 0.4069
vn -0.2469 -0.8450 0.4744
vn -0.1982 -0.7865 0.5849
vn -0.2120 -0.7778 0.5916
vn -0.2931 -0.7304 0.6169
vn 0.4791 -0.7324 0.4838
vn 0.4429 -0.7093 0.5484
vn -0.2157 -0.8477 0.4847
vn -0.1795 -0.8256 0.5349
vn -0.1871 -0.8160 0.5470
vn -0.1955 -0.8054 0.5595
vn 0.5408 -0.6950 0.4738
vn 0.6200 -0.6711 0.4064
vn 0.5256 -0.7494 0.4027
vn -0.2389 -0.8922 0.3834
vn -0.2502 -0.8417 0.4784
vn -0.2533 -0.8657 0.4318
vn -0.2555 -0.8821 0.3958
vn -0.2483 -0.8898 0.3829
vn 0.4239 -0.8505 0.3115
vn 0.5203 -0.7527 0.4034
vn 0.4819 -0.7919 0.3750
vn 0.4676 -0.8159 0.3401
vn 0.4703 -0.8180 0.3312
vn -0.6314 -0.6947 -0.3446
vn -0.2526 -0.9068 0.3375
vn -0.3203 -0.9109 0.2601
vn -0.4110 -0.8865 0.2127
vn 0.4079 -0.8848 0.2251
vn 0.2921 -0.9458 0.1419
vn 0.1733 -0.9845 0.0286
vn -0.7862 -0.4940 -0.3713
vn -0.4835 -0.8538 0.1931
vn -0.8944 -0.2144 -0.3924
vn -0.9910 -0.0466 0.1257
vn -0.9442 0.0606 -0.3236
vn -0.9724 0.0687 0.2231
vn -0.9363 0.2098 -0.2815
vn -0.9584 0.0537 0.2804
vn -0.9561 0.0320 0.2912
vn -0.9782 -0.1369 0.1565
vn -0.9728 -0.0015 0.2315
vn -0.6063 -0.7823 0.1429
vn -0.5218 -0.8216 0.2296
vn -0.8601 -0.5070 0.0561
vn -0.7547 -0.6509 0.0827
vn -0.5088 -0.8325 0.2192
vn -0.4885 -0.8480 0.2056
vn -0.5992 -0.7786 0.1865
vn -0.5892 -0.7909 0.1656
vn -0.7641 -0.6283 0.1465
vn -0.7696 -0.6294 0.1072
vn -0.9144 -0.3846 0.1262
vn -0.9383 -0.3364 0.0798
vn -0.5162 -0.8387 0.1735
vn -0.7090 -0.6992 0.0921
vn -0.0579 -0.9920 -0.1119
vn -0.3436 -0.8988 -0.2723
vn -0.9527 0.0197 0.3033
vn -0.9569 0.0207 0.2895
vn -0.9188 0.2846 -0.2735
vn -0.9587 0.0084 0.2844
vn -0.9558 -0.0020 0.2939
vn -0.9184 0.2824 -0.2773
vn -0.9641 -0.0110 0.2653
vn -0.9512 -0.0092 0.3084
vn -0.9192 0.2507 -0.3037
vn -0.9692 0.0021 0.2464
vn -0.9459 0.0081 0.3243
vn -0.9366 0.1783 -0.3017
vn -0.9287 0.0938 -0.3588
vn -0.9650 -0.0039 -0.2621
vn -0.9576 0.1335 -0.2551
vn -0.9369 0.1657 0.3078
vn -0.8851 0.4097 0.2210
vn -0.7556 0.6524 0.0587
vn -0.9585 0.2238 0.1766
vn -0.8406 0.5392 0.0511
vn -0.6648 0.7415 -0.0909
vn -0.9700 0.2429 0.0005
vn -0.8228 0.5548 -0.1230
vn -0.6113 0.7521 -0.2464
vn -0.9555 0.2148 -0.2021
vn -0.7854 0.5083 -0.3534
vn -0.5391 0.7010 -0.4668
vn -0.8809 0.2061 -0.4260
vn -0.6793 0.3902 -0.6215
vn -0.4518 0.5719 -0.6847
vn -0.7704 0.6374 -0.0156
vn -0.7061 0.6983 -0.1176
vn -0.6795 0.6990 -0.2231
vn 0.3573 0.1446 -0.9227
vn -0.4637 0.4359 -0.7714
vn -0.4452 0.3737 -0.8137
vn -0.4583 0.2499 -0.8529
vn -0.5185 0.0372 -0.8543
vn -0.6201 -0.1780 -0.7641
vn -0.7765 0.4908 -0.3951
vn 0.8092 0.4674 -0.3560
vn 0.7496 0.4815 -0.4542
vn -0.6844 0.6906 -0.2337
vn -0.7260 0.6585 -0.1983
vn -0.3439 0.6741 -0.6537
vn -0.7103 0.6528 -0.2634
vn -0.3468 0.7746 -0.5290
vn -0.7067 0.6718 -0.2218
vn -0.3741 0.8581 -0.3517
vn -0.7093 0.6862 -0.1615
vn -0.4497 0.8690 -0.2066
vn -0.7161 0.6890 -0.1117
vn -0.4960 0.8629 -0.0969
vn -0.7178 0.6922 -0.0745
vn -0.5379 0.8356 -0.1116
vn -0.7161 0.6937 -0.0775
vn -0.0656 -0.9348 -0.3491
vn -0.7207 0.6867 -0.0948
vn -0.4835 0.4448 -0.7539
vn -0.3245 -0.5447 -0.7733
vn -0.4541 -0.3579 -0.8159
vn 0.2157 -0.7281 -0.6506
vn 0.2341 0.1862 -0.9542
vn 0.1135 0.2075 -0.9716
vn 0.0035 0.2206 -0.9754
vn 0.3259 0.3361 -0.8837
vn 0.2319 0.3342 -0.9135
vn 0.1289 0.3265 -0.9364
vn 0.0133 0.3196 -0.9475
vn 0.3553 0.4494 -0.8196
vn 0.2623 0.4230 -0.8673
vn 0.1625 0.3968 -0.9034
vn 0.0368 0.3715 -0.9277
vn 0.4225 0.4562 -0.7832
vn 0.3133 0.4127 -0.8553
vn 0.2071 0.3720 -0.9048
vn 0.0594 0.3474 -0.9358
vn -0.1059 0.2310 -0.9672
vn -0.2182 0.2390 -0.9462
vn -0.3212 0.2419 -0.9156
vn -0.1114 0.3202 -0.9408
vn -0.2191 0.3324 -0.9173
vn -0.3222 0.3516 -0.8790
vn -0.1282 0.3681 -0.9209
vn -0.2444 0.3884 -0.8885
vn -0.3527 0.4152 -0.8386
vn -0.1560 0.3577 -0.9207
vn -0.2903 0.3950 -0.8716
vn -0.3933 0.4333 -0.8109
vn 0.6543 0.3145 -0.6877
vn 0.6808 -0.0247 -0.7321
vn 0.5042 0.3104 -0.8059
vn 0.5311 0.0177 -0.8471
vn 0.3760 0.2628 -0.8885
vn 0.3949 0.0274 -0.9183
vn 0.2422 0.2330 -0.9418
vn 0.2381 0.0543 -0.9697
vn 0.0681 0.2274 -0.9714
vn 0.0686 0.0758 -0.9948
vn -0.1841 0.2439 -0.9522
vn -0.1619 0.0648 -0.9847
vn -0.3526 0.2738 -0.8948
vn -0.3669 0.0302 -0.9298
vn -0.4506 0.3222 -0.8326
vn -0.4852 0.0187 -0.8742
vn -0.5080 0.3301 -0.7956
vn -0.5204 -0.0077 -0.8539
vn 0.6047 -0.6954 -0.3883
vn 0.8764 -0.4098 -0.2529
vn 0.9957 -0.0226 0.0893
vn 0.9558 -0.2932 -0.0223
vn 0.9654 -0.2596 0.0237
vn 0.9709 -0.2332 0.0538
vn 0.9715 -0.2312 0.0526
vn 0.9698 -0.2354 0.0634
vn -0.7404 -0.0660 0.6689
vn 0.9893 -0.1277 -0.0703
vn 0.9912 -0.1259 -0.0404
vn 0.9950 -0.0994 -0.0119
vn 0.9951 -0.0954 -0.0265
vn 0.9932 -0.1114 -0.0337
vn 0.9579 -0.2628 0.1156
vn 0.9682 -0.2365 0.0813
vn 0.9716 -0.2259 0.0699
vn -0.9854 -0.0391 0.1655
vn -0.3646 -0.5701 0.7362
vn -0.5775 -0.7926 0.1958
vn -0.6515 -0.7574 0.0437
vn -0.9964 -0.0387 0.0760
vn 0.3519 0.6689 0.6548
vn -0.9468 0.3072 0.0958
vn -0.9574 0.2816 0.0630
vn -0.9654 0.2582 0.0374
vn -0.9751 0.2218 -0.0087
vn -0.9819 0.1743 -0.0746
vn -0.9258 0.3435 0.1581
vn -0.9900 0.0919 0.1066
vn -0.8553 0.4353 0.2811
vn -0.9451 0.0261 0.3256
vn -0.4412 0.7268 0.5265
vn -0.2478 0.7506 0.6126
vn -0.1923 0.6730 0.7142
vn 0.4728 0.6765 0.5647
vn 0.6190 0.6158 0.4874
vn 0.9944 0.0997 -0.0360
vn 0.9405 0.2506 0.2295
vn 0.9666 0.1873 0.1751
vn 0.9843 0.1449 0.1010
vn 0.9921 0.1210 0.0337
vn 0.5925 0.4321 -0.6799
vn 0.9879 0.0810 -0.1324
vn 0.9643 0.0618 -0.2576
vn 0.8740 0.0266 -0.4852
vn 0.7080 -0.0247 -0.7057
vn 0.4759 -0.0351 -0.8788
vn 0.3141 0.2324 -0.9205
vn 0.2307 -0.0079 -0.9730
vn 0.1408 0.0862 -0.9863
vn 0.0125 0.1257 -0.9920
vn 0.2195 -0.5028 -0.8361
vn 0.0536 -0.3358 -0.9404
vn 0.0134 -0.2801 -0.9599
vn -0.0154 -0.2943 -0.9556
vn -0.0572 -0.3815 -0.9226
vn 0.0004 -0.6842 -0.7293
vn -0.0628 -0.4635 -0.8838
vn -0.0399 -0.3246 -0.9450
vn -0.0058 -0.2583 -0.9660
vn 0.0210 -0.2656 -0.9638
vn 0.0448 -0.3419 -0.9387
vn 0.0629 -0.4730 -0.8788
vn 0.1109 -0.6022 -0.7906
vn -0.2627 -0.4018 -0.8772
vn -0.1546 -0.2614 -0.9528
vn -0.0360 -0.1803 -0.9830
vn 0.0496 -0.1795 -0.9825
vn 0.1298 -0.2422 -0.9615
vn 0.2140 -0.3580 -0.9088
vn 0.2738 -0.4921 -0.8264
vn -0.4141 -0.2757 -0.8675
vn -0.2809 -0.1669 -0.9451
vn -0.0919 -0.0747 -0.9930
vn 0.0678 -0.0550 -0.9962
vn 0.1960 -0.1058 -0.9749
vn 0.3349 -0.1910 -0.9227
vn 0.4379 -0.2886 -0.8515
vn 0.8972 0.2185 -0.3837
vn 0.9695 0.1298 -0.2078
vn 0.9860 0.1170 -0.1191
vn 0.9914 0.1214 -0.0494
vn 0.9947 0.0745 -0.0702
vn 0.9894 0.0632 -0.1311
vn 0.9912 0.0038 -0.1324
vn 0.9910 -0.0205 -0.1323
vn 0.9927 -0.0522 -0.1084
vn -0.3206 -0.4248 -0.8466
vn -0.4579 -0.2750 -0.8454
vn -0.7108 -0.0525 -0.7014
vn -0.1689 -0.3102 -0.9355
vn -0.3096 -0.1506 -0.9389
vn -0.4326 0.1818 -0.8831
vn -0.0595 -0.2310 -0.9711
vn -0.1125 -0.0611 -0.9918
vn -0.1817 0.2469 -0.9519
vn 0.0304 -0.2130 -0.9766
vn 0.0404 -0.0346 -0.9986
vn 0.0320 0.2914 -0.9561
vn 0.1327 -0.2556 -0.9576
vn 0.1956 -0.0565 -0.9791
vn 0.2150 0.3226 -0.9218
vn 0.3198 -0.3403 -0.8843
vn 0.4083 -0.1075 -0.9065
vn 0.4365 0.2858 -0.8531
vn 0.7917 -0.2823 -0.5418
vn 0.5818 -0.5374 -0.6105
vn 0.8117 0.1733 -0.5577
vn 0.6294 -0.1753 -0.7570
vn 0.6640 0.2129 -0.7168
vn 0.5344 -0.3957 -0.7469
vn -0.8993 -0.0349 0.4359
vn -0.5824 0.0517 0.8113
vn -0.4226 -0.6151 0.6656
vn -0.5176 0.1283 0.8460
vn 0.3278 -0.6832 0.6525
vn 0.4244 -0.0404 0.9046
vn 0.6372 -0.1033 0.7637
vn 0.8546 -0.3305 0.4006
vn 0.6612 0.0260 0.7497
vn 0.9712 0.1040 0.2145
vn 0.7602 0.6484 0.0399
vn 0.4513 0.4509 0.7701
vn 0.7454 0.6621 -0.0777
vn 0.9373 0.3383 0.0840
vn -0.9979 -0.0481 0.0430
vn -0.6441 -0.7573 -0.1080
vn -0.9975 -0.0616 0.0355
vn -0.9985 -0.0356 0.0409
vn -0.9983 -0.0132 0.0573
vn -0.9986 -0.0136 0.0511
vn -0.9997 -0.0028 0.0242
vn -0.9884 0.0933 0.1196
vn -0.9715 0.0854 0.2211
vn -0.9798 0.1061 0.1693
vn -0.9765 0.2021 0.0753
vn -0.9339 0.3576 0.0060
vn -0.6262 -0.7589 -0.1789
vn -0.6437 -0.7343 -0.2156
vn -0.5504 -0.7416 -0.3835
vn -0.6050 -0.7606 -0.2354
vn -0.6104 -0.7465 -0.2648
vn -0.5792 -0.7396 -0.3430
vn -0.5622 -0.7404 -0.3684
vn -0.4649 -0.5314 -0.7081
vn -0.5297 -0.7404 -0.4138
vn -0.5001 -0.7290 -0.4675
vn -0.9811 -0.1557 -0.1149
vn -0.4884 -0.6851 -0.5404
vn -0.9787 -0.2041 -0.0208
vn -0.9770 -0.2025 -0.0664
vn -0.9765 -0.2136 -0.0297
vn -0.9056 -0.0303 -0.4232
vn -0.9723 -0.0652 -0.2244
vn -0.5262 -0.4119 -0.7440
vn -0.0043 -0.7728 -0.6347
vn 0.0355 -0.7566 -0.6529
vn -0.0294 -0.7498 -0.6610
vn -0.1318 -0.5500 -0.8247
vn -0.2501 -0.6865 -0.6828
vn -0.3620 -0.6506 -0.6676
vn -0.4743 -0.6347 -0.6101
vn 0.0320 0.7242 0.6889
vn 0.0877 0.7620 0.6416
vn 0.2067 0.7842 0.5851
vn 0.0037 0.7375 0.6754
vn 0.0132 0.7770 0.6294
vn 0.0620 0.8663 0.4957
vn -0.0018 0.7425 0.6699
vn 0.0043 0.7825 0.6227
vn -0.0017 0.8968 0.4425
vn 0.0051 0.7475 0.6643
vn -0.0004 0.7819 0.6234
vn -0.0930 0.8843 0.4575
vn -0.0443 0.7501 0.6598
vn -0.0802 0.7703 0.6326
vn 0.4725 -0.8413 0.2626
vn 0.4550 -0.8132 0.3630
vn 0.7577 -0.0719 0.6486
vn 0.7407 0.0682 0.6684
vn 0.7842 0.2259 0.5780
vn 0.7841 0.3543 0.5097
vn 0.7655 0.4515 0.4585
vn 0.7776 0.4768 0.4100
vn 0.4004 -0.5947 0.6971
vn 0.4032 -0.4803 0.7789
vn 0.4160 -0.3264 0.8488
vn 0.4602 -0.0593 0.8858
vn 0.5130 0.2219 0.8292
vn 0.5330 0.4321 0.7275
vn 0.5407 0.5623 0.6257
vn 0.5633 0.6138 0.5531
vn 0.7863 -0.1973 0.5855
vn 0.8057 -0.3104 0.5046
vn 0.3740 -0.9246 0.0725
vn 0.4543 -0.8736 0.1745
vn 0.3759 -0.8191 0.4333
vn 0.3224 -0.9406 0.1060
vn 0.8535 -0.4299 0.2945
vn 0.8224 -0.3920 0.4124
vn 0.8408 -0.5358 0.0769
vn 0.8416 -0.5054 0.1906
vn 0.7167 -0.6590 -0.2282
vn 0.8186 -0.5692 -0.0767
vn 0.4106 -0.6903 0.5958
vn 0.4328 -0.7616 0.4823
vn 0.7693 -0.6287 -0.1136
vn 0.6669 -0.6937 -0.2721
vn -0.5489 -0.7722 -0.3200
vn 0.4741 -0.0236 -0.8802
vn -0.0692 -0.9285 -0.3649
vn -0.2304 -0.8719 -0.4322
vn -0.3568 -0.7919 -0.4955
vn -0.2609 -0.8102 -0.5249
vn -0.0982 -0.8978 -0.4293
vn -0.0284 -0.9629 -0.2683
vn 0.0341 -0.9957 -0.0860
vn 0.0647 -0.9945 0.0819
vn 0.0443 -0.9788 0.2002
vn -0.0104 -0.9625 0.2711
vn -0.0277 -0.9380 0.3455
vn -0.0669 -0.9008 0.4290
vn -0.0482 -0.8671 0.4958
vn -0.0436 -0.8574 0.5127
vn -0.1207 -0.9486 0.2926
vn -0.1488 -0.9687 -0.1985
vn -0.6609 -0.5407 0.5204
vn 0.8737 -0.4648 0.1432
vn -0.6786 -0.7149 0.1687
vn -0.6798 -0.6828 0.2676
vn -0.6705 -0.6346 0.3842
vn -0.6710 -0.7380 0.0718
vn -0.6066 -0.5233 -0.5985
vn -0.5998 -0.5127 -0.6143
vn -0.6065 -0.4362 -0.6647
vn -0.9800 0.1345 -0.1469
vn -0.7144 0.6940 -0.0892
vn -0.5748 -0.3912 -0.7187
vn -0.7694 0.5443 0.3343
vn -0.6505 -0.4018 0.6446
vn -0.6911 -0.2230 0.6875
vn -0.7538 -0.0301 0.6564
vn -0.7988 0.1287 0.5877
vn -0.7565 0.3796 0.5326
vn -0.6227 0.6538 0.4299
vn -0.5834 0.6706 0.4582
vn -0.6027 0.5967 0.5298
vn -0.6883 0.4911 0.5340
vn -0.5909 -0.3896 -0.7064
vn -0.5872 -0.4849 -0.6481
vn -0.6490 -0.4910 -0.5811
vn -0.6976 -0.4988 -0.5143
vn -0.7252 -0.4948 -0.4788
vn -0.7113 -0.4962 -0.4979
vn -0.6846 -0.5182 -0.5127
vn -0.6946 -0.5097 -0.5077
vn -0.7472 -0.4752 -0.4647
vn -0.7966 -0.4360 -0.4187
vn -0.8375 -0.4136 -0.3571
vn -0.9266 -0.3275 -0.1848
vn -0.9871 0.0460 0.1534
vn -0.4888 0.7099 0.5070
vn -0.7608 0.4995 0.4144
vn -0.8418 0.3947 0.3681
vn -0.8759 0.3324 0.3496
vn -0.9150 0.2165 0.3404
vn -0.9296 0.1370 0.3422
vn -0.2388 -0.7080 0.6646
vn -0.9584 -0.0957 0.2690
vn -0.9652 -0.1949 0.1742
vn -0.9658 -0.2441 0.0875
vn -0.9657 -0.2582 0.0292
vn -0.9633 -0.2663 -0.0335
vn -0.6276 -0.5172 -0.5818
vn -0.6334 -0.7709 -0.0674
vn -0.6445 -0.7363 -0.2061
vn -0.6218 -0.7477 -0.2330
vn -0.6998 -0.6347 0.3278
vn -0.4959 -0.7808 0.3801
vn -0.6814 -0.7236 0.1098
vn -0.6779 -0.7164 0.1649
vn -0.6808 -0.6907 0.2437
vn -0.1095 -0.9732 0.2020
vn -0.7293 -0.5698 0.3787
vn -0.7726 -0.5161 0.3697
vn -0.8492 -0.5075 0.1460
vn -0.8446 -0.5189 -0.1317
vn -0.1363 -0.9475 0.2892
vn -0.1702 -0.9014 0.3980
vn -0.2037 -0.8252 0.5268
vn -0.5790 -0.0149 0.8152
vn -0.2857 -0.5657 0.7736
vn -0.3724 -0.4157 0.8298
vn -0.4897 -0.2284 0.8415
vn -0.7845 0.5408 0.3036
vn -0.5587 0.4298 0.7093
vn -0.4197 0.6761 0.6056
vn 0.5178 -0.8044 -0.2913
vn 0.6524 -0.6812 0.3322
vn 0.5608 -0.8010 -0.2095
vn -0.7257 -0.2142 -0.6538
vn -0.8781 -0.4247 -0.2202
vn -0.7816 -0.6223 -0.0416
vn -0.7403 -0.6642 -0.1042
vn -0.7365 -0.6754 0.0378
vn 0.7071 -0.6912 0.1495
vn 0.6740 -0.7078 0.2115
vn 0.6480 -0.7097 0.2765
vn 0.7703 -0.6235 -0.1339
vn 0.6847 -0.6307 0.3653
vn 0.7367 -0.5796 0.3482
vn 0.7960 -0.5888 0.1405
vn 0.5621 -0.5179 -0.6449
vn 0.4941 -0.3614 -0.7907
vn -0.7836 -0.4969 -0.3729
vn -0.1308 -0.7718 -0.6223
vn 0.6447 -0.6181 -0.4498
vn 0.2491 -0.8519 -0.4607
vn 0.1957 -0.8894 -0.4132
vn 0.0570 -0.8964 -0.4395
vn -0.0247 -0.9192 -0.3930
vn -0.1012 -0.9637 -0.2471
vn -0.1196 -0.9520 0.2817
vn 0.5880 -0.7991 -0.1257
vn 0.6104 -0.7871 -0.0893
vn 0.5840 -0.8072 -0.0863
vn -0.2058 -0.7196 -0.6631
vn -0.2568 -0.6417 -0.7226
vn -0.6035 -0.5816 -0.5455
vn -0.9166 -0.3997 0.0104
vn -0.1480 -0.6037 0.7834
vn -0.6377 0.6380 0.4315
vn -0.6938 0.5841 0.4213
vn -0.7233 0.5618 0.4014
vn -0.7397 0.5671 0.3622
vn -0.7944 0.5440 0.2702
vn -0.7915 0.5591 0.2469
vn -0.7923 0.5688 0.2205
vn -0.8302 0.5410 0.1341
vn -0.9550 -0.0677 -0.2888
vn -0.9470 -0.0738 -0.3127
vn -0.8144 0.5752 0.0768
vn -0.9559 -0.0245 -0.2927
vn -0.9361 -0.0711 -0.3444
vn -0.5579 -0.4637 -0.6883
vn -0.5498 -0.4254 -0.7188
vn -0.9271 -0.0653 -0.3690
vn -0.9246 -0.0354 -0.3794
vn -0.9572 0.0315 -0.2877
vn -0.9563 0.0704 -0.2837
vn -0.7728 0.6331 0.0442
vn -0.7557 0.6547 -0.0145
vn -0.9331 -0.0085 -0.3595
vn -0.9584 0.0923 -0.2702
vn -0.9695 0.1073 -0.2205
vn -0.7269 0.6845 -0.0563
vn -0.7293 0.6782 -0.0902
vn -0.9605 0.0096 -0.2782
vn -0.9676 -0.0627 -0.2444
vn -0.9625 -0.1826 -0.2004
vn -0.9594 -0.2595 -0.1106
vn -0.8983 0.3776 0.2249
vn -0.8990 0.2952 0.3236
vn -0.9130 0.2120 0.3485
vn -0.9388 0.1697 0.2997
vn -0.9679 0.1048 0.2283
vn -0.9880 0.1478 0.0457
vn -0.9772 0.1949 0.0846
vn -0.9949 0.0911 0.0434
vn -0.9571 -0.2412 -0.1607
vn -0.9978 0.0433 0.0496
vn -0.9865 0.1351 0.0930
vn -0.9611 0.2407 0.1352
vn -0.9326 0.2886 0.2166
vn -0.8936 0.3303 0.3038
vn -0.9862 0.0503 -0.1579
vn -0.9940 0.0750 -0.0798
vn -0.9943 0.1067 -0.0074
vn -0.9900 -0.0012 -0.1408
vn -0.9975 0.0261 -0.0658
vn -0.9985 0.0542 -0.0042
vn -0.9878 -0.1094 -0.1107
vn -0.9977 -0.0525 -0.0433
vn -1.0000 -0.0059 0.0019
vn -0.9742 -0.2135 -0.0735
vn -0.9847 -0.1740 -0.0096
vn -0.9914 -0.1273 0.0311
vn -0.9950 -0.0544 0.0838
vn -0.9880 0.0283 0.1521
vn -0.9730 0.1459 0.1790
vn -0.9696 0.1878 0.1569
vn -0.9394 0.2453 0.2396
vn -0.9443 0.2026 0.2595
vn -0.6074 0.2006 0.7686
vn -0.8003 0.2552 0.5426
vn -0.8993 0.2758 0.3395
vn -0.9077 0.2479 0.3387
vn -0.2680 0.9563 -0.1167
vn -0.1718 0.9851 -0.0032
vn -0.1587 0.9841 0.0795
vn -0.1582 0.9750 0.1560
vn -0.1555 0.9564 0.2474
vn -0.1513 0.9274 0.3420
vn -0.6629 0.1128 0.7402
vn -0.7619 0.3831 -0.5223
vn -0.0339 -0.6104 -0.7914
vn -0.0256 -0.6192 -0.7848
vn -0.0077 -0.6100 -0.7923
vn -0.0049 -0.6061 -0.7954
vn -0.0254 -0.6190 -0.7850
vn 0.2896 0.0641 -0.9550
vn 0.0080 0.8348 0.5504
vn 0.1254 0.7883 0.6024
vn -0.1031 0.1396 -0.9848
vn -0.2443 0.1337 -0.9605
vn -0.3695 0.0948 -0.9244
vn 0.6318 0.3622 -0.6853
vn 0.3527 0.1541 -0.9230
vn 0.1267 0.1086 -0.9860
vn 0.0189 0.0746 -0.9970
vn 0.1242 0.0691 -0.9898
vn 0.0154 0.0401 -0.9991
vn 0.0966 -0.0046 -0.9953
vn 0.0103 -0.0097 -0.9999
vn 0.0542 0.8535 0.5183
vn 0.0218 0.8461 0.5326
vn 0.0106 0.8218 0.5697
vn 0.0119 0.8234 0.5673
vn 0.7666 0.4639 0.4440
vn -0.0234 0.8401 0.5419
vn -0.0528 0.8530 0.5192
vn -0.0674 0.8693 0.4896
vn -0.0830 0.8666 0.4920
vn -0.0964 0.8708 0.4821
vn -0.1448 0.8959 0.4201
vn 0.6804 0.6875 0.2537
vn 0.7109 0.5938 0.3768
vn 0.6716 0.6279 0.3934
vn 0.6948 0.6061 0.3871
vn 0.7125 0.6048 0.3557
vn 0.7021 0.6221 0.3465
vn -0.0087 -0.6092 -0.7930
vn 0.6564 0.6953 0.2928
vn 0.6924 0.6606 0.2902
vn 0.6901 0.6482 0.3219
vn 0.6990 0.6256 0.3464
vn -0.0028 -0.6265 -0.7794
vn -0.0010 -0.6640 -0.7478
vn -0.0189 -0.7107 -0.7032
vn 0.0677 -0.7160 -0.6948
vn -0.0169 -0.6223 -0.7826
vn 0.0084 -0.7198 -0.6941
vn -0.3496 0.9282 -0.1273
vn -0.4666 0.4652 -0.7522
vn -0.1497 0.9770 -0.1522
vn 0.1059 0.5688 -0.8157
vn 0.4528 0.8659 -0.2125
vn 0.6790 0.6955 0.2348
vn 0.0361 0.8841 0.4658
vn 0.5228 0.0474 -0.8511
vn 0.0468 0.9020 0.4292
vn 0.0354 0.9388 0.3427
vn -0.0086 0.9805 0.1963
vn -0.0936 0.9882 0.1214
vn -0.1338 0.9886 0.0695
vn -0.1388 0.9903 0.0075
vn -0.3209 0.9373 -0.1360
vn -0.2774 0.1102 -0.9544
vn -0.1071 0.0052 -0.9942
vn -0.5584 -0.0891 -0.8248
vn -0.3271 0.0184 -0.9448
vn -0.1148 0.0390 -0.9926
vn -0.4542 -0.0427 -0.8899
vn -0.2796 0.0519 -0.9587
vn -0.1046 0.0780 -0.9915
vn 0.6403 0.7336 0.2278
vn 0.5908 0.7939 0.1437
vn 0.8011 -0.3690 -0.4713
vn 0.6475 -0.4590 -0.6083
vn 0.7880 -0.3831 -0.4819
vn 0.8114 -0.3880 -0.4372
vn 0.8289 -0.4096 -0.3810
vn 0.8240 -0.4715 -0.3143
vn 0.7597 -0.6169 -0.2057
vn 0.7838 -0.3897 -0.4836
vn 0.7376 -0.4277 -0.5226
vn 0.7363 -0.4538 -0.5019
vn 0.7335 -0.4576 -0.5026
vn 0.7098 -0.4429 -0.5478
vn 0.9788 0.1233 -0.1636
vn 0.9573 0.2696 -0.1046
vn 0.9370 0.3169 -0.1472
vn 0.8832 0.3449 -0.3177
vn 0.4423 0.2213 -0.8691
vn -0.0494 -0.7438 -0.6665
vn -0.0709 -0.7612 -0.6446
vn -0.0582 -0.7509 -0.6578
vn -0.0258 -0.7299 -0.6831
vn 0.0331 -0.7229 -0.6902
vn 0.0550 -0.7086 -0.7035
vn 0.0390 -0.7217 -0.6911
vn 0.0188 -0.7549 -0.6555
vn -0.5245 -0.5669 0.6352
vn -0.5113 -0.8363 -0.1979
vn 0.0491 -0.7637 0.6437
vn 0.0339 -0.9927 -0.1160
vn 0.4875 -0.5009 0.7151
vn 0.7066 -0.7040 0.0713
vn 0.6088 -0.0659 0.7906
vn 0.8596 0.1853 0.4762
vn -0.1220 -0.8187 -0.5611
vn 0.0734 -0.8854 -0.4591
vn 0.0253 -0.6746 -0.7377
vn 0.5618 -0.4780 -0.6752
vn 0.0423 -0.6263 -0.7785
vn 0.5595 -0.4199 -0.7146
vn 0.0422 -0.6031 -0.7965
vn 0.5213 -0.4054 -0.7509
vn 0.0330 -0.6020 -0.7978
vn 0.4644 -0.4225 -0.7783
vn 0.0220 -0.5957 -0.8029
vn 0.3902 -0.4660 -0.7941
vn 0.0075 -0.6009 -0.7993
vn 0.3056 -0.5179 -0.7990
vn -0.0003 -0.6130 -0.7901
vn 0.1654 -0.5831 -0.7954
vn 0.0063 -0.6430 -0.7659
vn 0.0173 -0.6474 -0.7620
vn 0.4479 -0.0261 -0.8937
vn 0.5378 0.0525 -0.8414
vn 0.4451 -0.0445 -0.8944
vn 0.6228 -0.1686 -0.7640
vn 0.4669 -0.0393 -0.8835
vn 0.5056 -0.2919 -0.8119
vn 0.0173 -0.3784 -0.9255
vn 0.4168 -0.3828 -0.8245
vn -0.0319 -0.4531 -0.8909
vn 0.3072 -0.4702 -0.8274
vn -0.0446 -0.5048 -0.8621
vn 0.1798 -0.5413 -0.8214
vn -0.0100 -0.5367 -0.8437
vn 0.0995 -0.5910 -0.8005
vn 0.4561 -0.0417 -0.8890
vn 0.5929 -0.0555 -0.8033
vn 0.8902 -0.0361 -0.4542
vn 0.9353 -0.0156 -0.3535
vn 0.9666 0.0298 -0.2544
vn 0.0082 -0.7012 -0.7129
vn 0.5954 -0.4865 -0.6394
vn 0.9558 -0.0049 -0.2939
vn 0.9731 0.1710 -0.1544
vn 0.9683 0.1188 -0.2196
vn 0.9576 0.1258 -0.2591
vn 0.9183 0.1311 -0.3736
vn -0.6323 -0.2210 0.7425
vn -0.8604 -0.1320 0.4922
vn -0.5844 -0.4071 0.7020
vn -0.4827 -0.5649 0.6693
vn -0.3416 -0.7179 0.6065
vn -0.5348 -0.6790 0.5029
vn -0.2234 -0.8370 0.4996
vn -0.1598 -0.9105 0.3813
vn -0.1295 -0.9537 0.2714
vn -0.1215 -0.9739 0.1917
vn -0.4066 -0.9098 0.0833
vn 0.6466 -0.3618 0.6715
vn 0.8918 -0.1482 0.4275
vn 0.6325 -0.2479 0.7339
vn 0.9515 0.2345 0.1992
vn 0.5939 -0.0341 0.8038
vn -0.2438 0.7370 0.6304
vn 0.5402 0.1950 0.8186
vn 0.5095 0.4078 0.7577
vn 0.4850 0.5660 0.6667
vn -0.2791 0.7230 0.6320
vn 0.5355 0.6381 0.5532
vn 0.5540 0.6501 0.5200
vn 0.2531 0.7209 0.6451
vn 0.1337 0.6960 0.7055
vn -0.4448 0.6137 0.6523
vn 0.6663 -0.4444 0.5988
vn -0.9505 -0.3055 -0.0573
vn 0.5740 -0.6147 0.5410
vn 0.5301 -0.7141 0.4571
vn 0.5259 -0.7709 0.3593
vn 0.5285 -0.8074 0.2623
vn -0.4173 -0.8972 0.1446
vn 0.5099 -0.8484 0.1422
vn -0.4499 -0.8568 0.2519
vn 0.4723 -0.8813 -0.0182
vn -0.6833 -0.7297 -0.0252
vn 0.4865 -0.8732 -0.0292
vn 0.5595 -0.8219 -0.1068
vn -0.6863 0.0831 0.7226
vn -0.8678 0.0867 0.4893
vn -0.5816 0.3061 0.7537
vn -0.6879 0.6629 0.2958
vn -0.4851 0.4947 0.7211
vn -0.5537 0.6467 0.5246
vn -0.3660 0.6693 0.6465
vn -0.4074 0.7206 0.5610
vn -0.2196 0.7935 0.5676
vn -0.3653 0.8247 0.4317
vn 0.6871 0.2480 0.6829
vn 0.5747 0.4055 0.7109
vn 0.4977 0.5898 0.6360
vn 0.5241 0.6128 0.5915
vn 0.4465 0.8338 0.3248
vn -0.1546 0.0602 -0.9862
vn -0.0700 -0.0341 -0.9970
vn -0.0025 -0.1039 -0.9946
vn 0.0515 -0.1786 -0.9826
vn 0.0610 -0.2828 -0.9572
vn -0.0869 -0.0474 -0.9951
vn -0.0714 -0.0995 -0.9925
vn -0.0742 -0.1564 -0.9849
vn -0.0927 -0.2195 -0.9712
vn 0.0073 -0.0557 -0.9984
vn -0.0061 -0.0903 -0.9959
vn -0.0356 -0.1322 -0.9906
vn -0.0898 -0.1716 -0.9811
vn 0.0823 -0.0394 -0.9958
vn 0.0650 -0.0574 -0.9962
vn 0.0341 -0.0889 -0.9955
vn -0.0274 -0.0734 -0.9969
vn 0.2253 -0.0296 -0.9738
vn 0.2156 -0.0393 -0.9757
vn 0.2015 -0.0543 -0.9780
vn 0.1914 -0.0142 -0.9814
vn 0.2237 0.4666 -0.8557
vn 0.6820 -0.0319 -0.7307
vn 0.6643 -0.0371 -0.7465
vn 0.6519 -0.0483 -0.7568
vn 0.6458 -0.0626 -0.7609
vn 0.6497 -0.0597 -0.7578
vn 0.8565 0.0077 -0.5161
vn 0.8376 -0.0162 -0.5461
vn 0.8205 -0.0425 -0.5700
vn 0.8005 -0.0699 -0.5953
vn 0.7728 -0.0902 -0.6282
vn 0.9587 0.0504 -0.2799
vn 0.9524 0.0150 -0.3045
vn 0.9466 -0.0302 -0.3209
vn 0.9241 -0.0784 -0.3741
vn 0.9871 0.0771 -0.1402
vn 0.9893 0.0381 -0.1410
vn 0.9897 -0.0192 -0.1421
vn 0.9858 -0.0707 -0.1526
vn 0.9797 -0.0819 -0.1831
vn 0.9945 0.0944 -0.0456
vn 0.9981 0.0504 -0.0365
vn 0.9997 0.0018 -0.0242
vn 0.9991 -0.0360 -0.0239
vn 0.9983 -0.0301 -0.0503
vn 0.9929 0.1153 0.0280
vn 0.9967 0.0709 0.0387
vn 0.9985 0.0249 0.0483
vn 0.9989 0.0001 0.0467
vn 0.9995 0.0207 0.0233
vn 0.9854 0.1422 0.0939
vn 0.9891 0.1111 0.0969
vn 0.9930 0.0667 0.0973
vn 0.9950 0.0357 0.0934
vn 0.9956 0.0459 0.0817
vn 0.9617 0.1305 0.2411
vn 0.9841 0.0805 0.1582
vn 0.9595 0.1367 0.2464
vn 0.9816 0.0894 0.1690
vn 0.9584 0.1865 0.2161
vn 0.9786 0.1293 0.1603
vn 0.9525 0.2287 0.2010
vn 0.9736 0.1673 0.1554
vn 0.9466 0.2441 0.2105
vn 0.9693 0.1860 0.1606
vn -0.0173 0.9986 -0.0490
vn -0.0512 0.7079 -0.7044
vn -0.0077 0.5908 -0.8068
vn 0.0220 0.7927 -0.6092
vn 0.0018 0.9584 -0.2854
vn 0.0053 1.0000 -0.0040
vn 0.0228 0.9714 0.2363
vn 0.0759 0.8023 0.5921
vn -0.5665 0.6071 0.5573
vn -0.7438 0.6511 0.1513
vn -0.7949 0.6064 -0.0190
vn -0.8143 0.5533 -0.1756
vn -0.7471 0.5148 -0.4205
vn -0.8223 0.5160 0.2398
vn -0.5002 0.8658 0.0140
vn 0.5351 0.5743 0.6196
vn 0.7616 0.6221 0.1818
vn 0.7873 0.6165 0.0106
vn 0.2960 0.9538 0.0522
vn 0.6201 0.6807 -0.3901
vn 0.7645 0.4772 -0.4334
vn 0.8034 0.5678 -0.1794
vn 0.7407 -0.0369 -0.6708
vn 0.7525 -0.0885 -0.6526
vn 0.8181 -0.1267 -0.5610
vn 0.9247 -0.1128 -0.3636
vn -0.1123 -0.2998 -0.9474
vn -0.1729 -0.2633 -0.9491
vn -0.3774 0.1199 -0.9183
vn -0.1142 -0.3832 -0.9166
vn -0.2151 -0.3914 -0.8947
vn -0.7157 -0.2269 -0.6605
vn -0.8723 0.3182 -0.3713
vn 0.7303 -0.0770 -0.6788
vn -0.9547 -0.1832 -0.2344
vn -0.1134 -0.4515 -0.8850
vn -0.2095 -0.4369 -0.8748
vn -0.6684 -0.3014 -0.6800
vn -0.1172 -0.5087 -0.8529
vn -0.2255 -0.4816 -0.8469
vn -0.6399 -0.3286 -0.6946
vn 0.6145 0.0338 -0.7882
vn -0.6998 -0.3756 -0.6077
vn -0.1050 -0.5554 -0.8249
vn -0.2408 -0.5443 -0.8036
vn -0.2380 -0.6011 -0.7630
vn -0.7185 -0.4426 -0.5365
vn -0.0733 -0.5886 -0.8051
vn 0.0135 -0.5834 -0.8121
vn -0.0449 -0.6074 -0.7931
vn -0.3246 -0.7700 -0.5493
vn -0.6712 -0.7245 -0.1568
vn -0.0158 -0.6372 -0.7706
vn -0.4191 0.4390 -0.7948
vn 0.6862 -0.0435 -0.7261
vn -0.9621 -0.0196 -0.2719
vn -0.9451 -0.0968 -0.3121
vn -0.9306 -0.1177 -0.3465
vn -0.9473 -0.1242 -0.2954
vn 0.3649 0.5129 -0.7770
vn -0.9416 -0.2388 0.2373
vn -0.9726 -0.0324 0.2304
vn -0.9547 0.1510 0.2563
vn -0.9060 0.1971 0.3745
vn -0.8815 0.0967 0.4621
vn -0.8624 -0.0623 0.5024
vn -0.0797 -0.3077 0.9481
vn -0.1008 -0.1266 0.9868
vn -0.1156 -0.0356 0.9927
vn -0.1220 -0.0048 0.9925
vn -0.1194 -0.0918 0.9886
vn 0.9887 0.1480 0.0254
vn -0.9846 0.1738 0.0197
vn 0.8571 -0.4935 -0.1478
vn 0.4522 -0.2419 0.8585
vn 0.7765 -0.5074 0.3736
vn 0.5590 -0.1506 0.8154
vn 0.9431 -0.2688 0.1958
vn 0.5869 -0.1620 0.7933
vn 0.9674 -0.1951 0.1613
vn 0.5945 -0.2250 0.7720
vn 0.9704 -0.2106 0.1179
vn 0.5385 -0.3193 0.7798
vn 0.9630 -0.2592 0.0746
vn 0.4344 -0.5270 0.7305
vn 0.9192 -0.3909 0.0468
vn -0.9478 0.0954 -0.3041
vn -0.8696 0.2248 -0.4396
vn -0.1142 0.0930 -0.9891
vn -0.9782 0.1628 -0.1292
vn -0.9965 -0.0839 -0.0029
vn 0.7576 0.4407 -0.4816
vn -0.3197 0.9283 -0.1899
vn -0.8895 0.0478 -0.4544
vn -0.7536 0.1572 -0.6382
vn 0.0954 0.1072 -0.9896
vn -0.5788 0.5258 -0.6233
vn 0.4692 0.2315 -0.8522
vn 0.8134 0.5798 -0.0462
vn -0.1629 0.9629 0.2153
vn -0.8703 0.4697 0.1478
vn -0.8733 0.4868 0.0181
vn 0.7105 0.0305 -0.7030
vn 0.7519 0.0196 -0.6590
vn 0.8269 -0.0427 -0.5607
vn 0.8990 -0.1153 -0.4224
vn 0.9264 -0.2470 -0.2841
vn -0.2400 0.0699 -0.9683
vn -0.9456 -0.0021 -0.3254
vn -0.9838 0.0193 -0.1784
vn -0.3562 0.0264 -0.9340
vn -0.9682 -0.0318 -0.2481
vn -0.4400 0.1054 -0.8918
vn 0.7498 -0.0638 -0.6586
vn 0.9061 -0.0940 -0.4125
vn 0.8378 -0.0924 -0.5381
vn 0.6959 -0.0313 -0.7174
vn 0.5231 0.0522 -0.8507
vn 0.6573 -0.0357 -0.7528
vn 0.4973 0.0697 -0.8648
vn -0.9737 -0.0227 -0.2266
vn -0.9865 -0.0389 -0.1592
vn -0.9844 -0.0477 -0.1695
vn -0.9836 -0.0512 -0.1728
vn -0.9882 -0.0581 -0.1416
vn -0.4406 0.0366 -0.8970
vn -0.9749 -0.0427 -0.2183
vn -0.4270 0.0139 -0.9042
vn -0.9750 -0.0481 -0.2171
vn 0.4674 0.1177 -0.8762
vn 0.5918 0.0599 -0.8038
vn 0.6477 0.0257 -0.7614
vn 0.6709 -0.0108 -0.7415
vn 0.6665 0.0177 -0.7453
vn 0.6848 -0.0060 -0.7287
vn 0.6814 0.0225 -0.7316
vn 0.7053 -0.0156 -0.7088
vn 0.8398 0.5282 0.1256
vn 0.8261 0.4999 0.2601
vn 0.8019 0.4811 0.3543
vn -0.0503 0.8905 0.4523
vn 0.0162 0.7948 0.6066
vn 0.0684 0.7078 0.7031
vn -0.8462 0.4664 0.2576
vn -0.8052 0.4621 0.3717
vn -0.7918 0.4034 0.4586
vn 0.8140 0.4295 0.3911
vn 0.1180 0.6178 0.7774
vn 0.2039 0.5246 0.8266
vn -0.8134 0.3119 0.4910
vn -0.8263 0.2358 0.5115
vn -0.9178 0.3619 -0.1632
vn -0.9981 -0.0593 -0.0157
vn -0.9995 -0.0306 0.0099
vn -0.9986 -0.0392 0.0349
vn -0.9875 -0.1302 -0.0890
vn -0.9892 -0.1301 -0.0681
vn -0.9874 -0.1289 -0.0921
vn -0.9854 -0.1402 -0.0968
vn -0.9814 -0.1565 -0.1110
vn 0.9728 -0.0968 -0.2103
vn 0.9864 -0.0114 -0.1640
vn 0.9945 0.0615 -0.0845
vn 0.8482 0.3397 0.4063
vn 0.9899 0.1369 0.0368
vn 0.5114 -0.5767 -0.6370
vn 0.5882 -0.4829 -0.6487
vn 0.5847 -0.4193 -0.6944
vn 0.6374 -0.2881 -0.7146
vn 0.9551 -0.1793 -0.2361
vn 0.3357 -0.7222 -0.6048
vn 0.9467 -0.2290 -0.2266
vn 0.2244 -0.8578 -0.4624
vn 0.9324 -0.2685 -0.2422
vn 0.2262 -0.9168 -0.3290
vn -0.4880 -0.4520 -0.7467
vn -0.5071 -0.5236 -0.6846
vn -0.5481 -0.5550 -0.6258
vn -0.6395 -0.5570 -0.5300
vn -0.7787 -0.5003 -0.3785
vn -0.8391 -0.4934 -0.2289
vn -0.8781 -0.4671 -0.1040
vn 0.0365 0.9241 0.3804
vn 0.9035 -0.3740 -0.2093
vn -0.9883 0.0926 -0.1215
vn -0.5561 -0.0602 -0.8289
vn 0.4578 0.0226 -0.8888
vn 0.9552 0.2131 -0.2054
vn 0.8654 0.3374 0.3705
vn 0.0716 0.5534 0.8298
vn -0.8434 0.3004 0.4454
vn 0.1933 0.4969 0.8460
vn -0.8236 0.2398 0.5140
vn -0.9939 -0.0815 -0.0744
vn -0.5786 -0.2942 -0.7607
vn 0.6185 -0.1400 -0.7732
vn 0.9840 0.1741 0.0386
vn 0.8651 0.2985 0.4031
vn -0.1006 0.7605 0.6415
vn -0.6776 0.6416 0.3595
vn -0.7802 0.6011 -0.1731
vn -0.3823 0.5036 -0.7747
vn 0.3124 0.5540 -0.7717
vn 0.7330 0.6222 -0.2748
vn 0.5997 0.7414 0.3011
vn 0.8895 0.3410 -0.3040
vn 0.8055 0.4718 0.3585
vn -0.0475 0.6410 0.7661
vn -0.8247 0.3815 0.4175
vn -0.9584 0.2658 -0.1040
vn -0.4721 0.2046 -0.8575
vn 0.4040 0.2115 -0.8900
vn -0.0307 0.9700 0.2413
vn -0.0116 0.9660 -0.2581
vn -0.8073 -0.3841 0.4480
vn -0.9013 -0.4302 -0.0499
vn -0.8847 -0.4583 -0.0849
vn -0.0540 -0.8281 0.5580
vn 0.0206 -0.9918 -0.1264
vn 0.1839 -0.9499 -0.2525
vn -0.6490 0.4667 0.6008
vn 0.0070 0.5421 0.8403
vn -0.9853 0.1663 0.0386
vn 0.3915 0.8714 0.2957
vn 0.0633 0.9864 -0.1514
vn 0.0511 0.9499 0.3082
vn -0.9900 0.1361 0.0365
vn -0.3370 0.8889 0.3103
vn 0.4931 0.6658 0.5601
vn -0.5615 0.8044 0.1942
vn 0.0096 0.6321 0.7749
vn -0.0153 0.8783 0.4779
vn -0.5028 0.6231 0.5991
vn -0.9598 0.2592 0.1078
vn -0.9936 -0.1117 0.0194
vn 0.3384 0.7571 0.5589
vn -0.0205 0.9998 0.0015
vn -0.0100 0.8249 0.5652
vn -0.9954 0.0944 0.0161
vn -0.3849 0.7050 0.5958
vn 0.6422 0.4265 0.6369
vn 0.8035 0.5095 0.3078
vn 0.0336 0.3213 0.9464
vn 0.0075 0.8429 0.5380
vn -0.5996 0.3938 0.6967
vn -0.8191 0.4892 0.2996
vn -0.9844 -0.1443 -0.1008
vn 0.4648 0.6917 0.5528
vn 0.0030 0.9982 0.0591
vn 0.0930 0.6792 0.7281
vn 0.8899 0.0905 0.4470
vn -0.3748 0.6702 0.6406
vn 0.6481 0.7255 0.2314
vn 0.6748 0.1489 0.7228
vn 0.9263 0.1427 0.3488
vn 0.1493 0.1642 0.9751
vn -0.8405 0.0642 0.5380
vn -0.5016 0.1186 0.8569
vn -0.8789 0.0749 0.4712
vn 0.6820 0.0596 0.7290
vn -0.8923 0.0862 0.4432
vn 0.1807 0.0668 0.9813
vn -0.6345 0.7171 0.2882
vn -0.4996 0.0700 0.8634
vn 0.6269 0.0489 0.7775
vn 0.2239 0.0487 0.9734
vn 0.7805 0.0332 0.6243
vn -0.4207 0.0721 0.9044
vn -0.9999 -0.0028 0.0115
vn 0.5670 0.0575 0.8217
vn 0.2135 0.0571 0.9753
vn -0.3599 0.0591 0.9311
vn 0.5505 -0.0278 0.8343
vn 0.6306 -0.2495 0.7349
vn 0.1463 -0.0191 0.9891
vn 0.1469 -0.2830 0.9478
vn -0.4351 -0.0170 0.9002
vn -0.4791 -0.2643 0.8370
vn -0.5253 -0.5641 0.6371
vn -0.2807 0.2292 0.9320
vn 0.1228 -0.6518 0.7484
vn -0.0267 -0.2860 0.9579
vn 0.6616 -0.4874 0.5699
vn -0.4636 -0.2306 0.8555
vn 0.3553 0.7171 0.5996
vn 0.4472 0.6698 0.5928
vn 0.4245 0.7207 0.5481
vn 0.3654 0.6773 0.6385
vn 0.6366 -0.7487 -0.1848
vn 0.7153 -0.6967 -0.0534
vn 0.7311 -0.6791 0.0660
vn 0.7060 -0.7008 -0.1021
vn 0.7574 -0.6517 -0.0395
vn -0.9099 -0.3801 0.1664
vn 0.7104 -0.7017 -0.0546
vn 0.7593 -0.6503 -0.0222
vn -0.7270 -0.6743 0.1297
vn 0.6948 -0.7189 -0.0186
vn 0.7537 -0.6570 0.0166
vn 0.7986 -0.6012 0.0287
vn 0.6387 -0.7695 0.0006
vn 0.6933 -0.7159 0.0827
vn 0.7524 -0.6480 0.1187
vn 0.5625 -0.8267 -0.0136
vn 0.5897 -0.7977 0.1264
vn 0.6239 -0.7479 0.2265
vn -0.7173 -0.6830 -0.1380
vn -0.7583 -0.6492 -0.0594
vn -0.6611 -0.7294 -0.1759
vn -0.6892 -0.7212 -0.0694
vn -0.6842 -0.7283 0.0380
vn 0.9595 -0.1899 0.2080
vn 0.7027 -0.6202 0.3487
vn -0.7072 -0.6832 -0.1820
vn -0.9004 -0.4351 0.0024
vn -0.7701 -0.5410 -0.3382
vn -0.9027 -0.4047 -0.1461
vn 0.6727 -0.3534 -0.6501
vn -0.8427 -0.1974 -0.5009
vn 0.8556 -0.2258 -0.4657
vn 0.7189 -0.5555 -0.4178
vn 0.9302 -0.3262 -0.1681
vn 0.7391 -0.6458 -0.1913
vn 0.9607 -0.2754 0.0344
vn -0.9072 -0.3899 0.1581
vn -0.6478 -0.7563 0.0914
vn 0.7381 -0.6689 0.0886
vn 0.9699 -0.2178 0.1087
vn 0.7255 -0.5916 0.3516
vn 0.9651 -0.1665 0.2023
vn 0.7169 -0.5827 0.3828
vn 0.9623 -0.1625 0.2182
vn 0.7898 -0.6133 0.0108
vn 0.7725 -0.6344 0.0290
vn -0.6701 -0.6297 0.3931
vn -0.9218 -0.2850 0.2630
vn -0.6923 -0.5953 0.4079
vn -0.9349 -0.2518 0.2502
vn -0.7055 -0.6172 0.3484
vn -0.9385 -0.2676 0.2183
vn 0.6644 -0.6879 0.2922
vn 0.8060 -0.5677 0.1672
vn -0.9222 -0.3422 0.1803
vn -0.7129 -0.6592 0.2391
vn 0.7543 -0.6516 0.0804
vn 0.7213 -0.6743 0.1584
vn 0.9340 -0.3317 0.1331
vn 0.6988 -0.6657 0.2619
vn 0.9424 -0.2775 0.1869
vn -0.7535 -0.6550 0.0570
vn -0.7704 -0.6376 0.0058
vn -0.8767 -0.4586 0.1453
vn -0.8425 -0.4260 0.3299
vn -0.9113 -0.3261 0.2515
vn -0.9211 -0.3702 -0.1207
vn -0.9148 -0.3898 -0.1062
vn -0.8667 -0.4231 -0.2641
vn -0.9024 -0.3821 -0.1990
vn -0.7133 -0.2125 -0.6679
vn -0.9076 -0.2719 -0.3200
vn -0.7995 -0.3022 -0.5191
vn 0.9830 -0.0664 -0.1711
vn 0.9418 -0.2202 -0.2539
vn 0.9783 -0.1670 -0.1229
vn 0.9586 -0.2600 -0.1161
vn 0.9729 -0.2274 -0.0419
vn -0.9190 -0.3941 0.0101
vn -0.9107 -0.4085 -0.0606
vn 0.9817 -0.1889 -0.0228
vn 0.9618 -0.2737 0.0044
vn 0.9748 -0.2212 0.0291
vn 0.9443 -0.3110 0.1073
vn 0.9718 -0.2121 0.1035
vn 0.9344 -0.3047 0.1847
vn 0.9617 -0.2039 0.1830
vn 0.9254 -0.2866 0.2479
vn 0.9592 -0.1831 0.2154
vn 0.8924 -0.3190 0.3192
vn 0.9336 -0.2474 0.2593
vn 0.8232 -0.4018 0.4011
vn -0.9013 -0.4243 0.0872
vn -0.9359 -0.3402 0.0916
vn -0.8856 -0.4299 0.1755
vn -0.9357 -0.3111 0.1664
vn -0.8811 -0.4070 0.2410
vn -0.8783 -0.3221 0.3535
vn -0.7161 -0.4976 0.4894
vn 0.9569 0.1334 0.2582
vn 0.9585 0.1100 0.2629
vn 0.9693 0.0950 0.2268
vn 0.9758 0.0892 0.1996
vn 0.9731 0.0994 0.2079
vn 0.9435 0.2638 0.2007
vn 0.9011 0.1885 0.3905
vn 0.6802 0.2529 0.6880
vn 0.9084 0.1444 0.3925
vn 0.7276 0.2374 0.6435
vn 0.9357 0.1431 0.3225
vn 0.7652 0.2989 0.5702
vn 0.9493 0.1702 0.2645
vn 0.7794 0.3939 0.4872
vn 0.9427 0.2435 0.2283
vn 0.7976 0.4841 0.3597
vn 0.8187 0.4828 0.3109
vn -0.9941 -0.0087 0.1078
vn -0.9818 -0.0268 0.1881
vn -0.9763 -0.0027 0.2163
vn -0.9694 0.0407 0.2423
vn -0.9578 0.0997 0.2697
vn -0.9683 0.0801 0.2368
vn -0.9036 0.3175 0.2874
vn -0.7098 0.6070 0.3574
vn -0.8898 0.3099 0.3350
vn -0.6934 0.5580 0.4559
vn -0.9017 0.2278 0.3674
vn -0.6621 0.4425 0.6048
vn -0.9150 0.1564 0.3719
vn -0.6820 0.3409 0.6471
vn -0.9308 0.0887 0.3546
vn -0.7385 0.2310 0.6335
vn -0.9518 0.0800 0.2960
vn -0.7635 0.1935 0.6161
vn -0.6135 -0.5894 0.5256
vn 0.8933 -0.4316 0.1253
vn -0.9053 -0.3815 0.1866
vn -0.7790 -0.5980 0.1885
vn -0.7866 -0.4802 0.3883
vn -0.7985 -0.3909 0.4578
vn 0.8772 -0.3512 0.3275
vn 0.8388 -0.4494 0.3073
vn 0.7476 -0.5144 0.4201
vn 0.6954 -0.6049 0.3879
vn 0.9240 -0.0299 0.3813
vn 0.9781 0.1000 0.1826
vn 0.9766 0.1171 0.1805
vn 0.8736 0.1625 0.4588
vn -0.7260 0.6334 0.2679
vn -0.7259 0.6416 0.2479
vn -0.9248 0.3074 0.2241
vn -0.9142 0.2755 0.2971
vn -0.9773 0.0450 0.2068
vn -0.9655 -0.0066 0.2604
vn 0.7155 -0.0257 0.6981
vn 0.5028 0.2329 0.8324
vn -0.5164 0.4187 0.7471
vn -0.9867 0.0712 0.1459
vn -0.5289 0.3205 0.7859
vn -0.9238 0.0867 0.3729
vn -0.5131 0.2357 0.8253
vn -0.7270 -0.0805 0.6819
vn -0.5653 0.4812 0.6700
vn -0.9993 0.0071 0.0378
vn -0.7149 0.5234 0.4636
vn -0.9937 -0.1077 -0.0310
vn -0.7191 0.6039 0.3440
vn -0.9944 -0.0976 0.0394
vn -0.6736 0.6909 0.2625
vn -0.9911 0.0662 0.1158
vn 0.4095 0.2577 0.8752
vn 0.5953 0.2489 0.7640
vn 0.8967 0.0067 0.4425
vn 0.6533 0.3508 0.6709
vn 0.9791 0.0361 0.2000
vn 0.9977 -0.0123 -0.0662
vn 0.9927 -0.1106 0.0487
vn 0.8260 0.4921 0.2750
vn 0.8479 0.4718 0.2417
vn 0.7392 0.4559 0.4958
vn 0.6449 0.5041 0.5744
vn 0.5948 0.6291 0.5004
vn 0.5898 0.7046 0.3946
vn 0.7171 0.6543 0.2404
vn 0.8898 0.4387 0.1258
vn 0.7494 0.6557 -0.0922
vn 0.9685 0.2190 -0.1184
vn -0.5820 0.7122 0.3926
vn -0.4893 0.7290 0.4786
vn -0.5287 0.5633 0.6350
vn -0.7995 0.3785 0.4665
vn -0.6310 0.6461 0.4294
vn -0.6762 0.4541 0.5802
vn 0.8673 -0.2988 0.3981
vn 0.6667 0.4673 0.5807
vn 0.9421 -0.1818 0.2817
vn 0.9754 -0.1263 0.1804
vn 0.7924 0.5357 0.2918
vn 0.9961 0.0525 0.0705
vn 0.7695 0.5098 0.3847
vn 0.9998 -0.0168 -0.0113
vn 0.7652 0.5945 0.2471
vn 0.9985 -0.0178 0.0520
vn 0.7852 0.5671 0.2488
vn 0.9878 0.0900 0.1267
vn 0.9518 0.2967 0.0775
vn 0.9886 0.1436 0.0458
vn 0.9991 0.0411 0.0106
vn 1.0000 -0.0051 -0.0057
vn 0.9642 0.2098 0.1621
vn 0.6980 0.6209 0.3567
vn 0.9086 0.3304 0.2553
vn -0.8653 -0.3412 0.3671
vn 0.5163 -0.2442 0.8208
vn -0.9754 -0.1575 0.1540
vn -0.9885 -0.1489 0.0257
vn -0.9832 -0.1732 -0.0574
vn -0.6490 0.7195 0.2473
vn -0.8005 0.5549 0.2266
vn -0.9878 -0.1422 -0.0642
vn -0.9797 -0.1390 -0.1442
vn -0.9676 0.2064 0.1455
vn -0.6469 0.7217 0.2463
vn -0.9522 0.2725 0.1383
vn -0.9630 0.2181 -0.1584
vn -0.5926 0.7196 0.3619
vn -0.8727 0.4187 0.2513
vn -0.7460 0.3946 -0.5365
vn -0.4248 0.2482 0.8706
vn -0.2362 0.2520 0.9385
vn -0.0562 0.2110 0.9759
vn -0.0505 0.3030 0.9516
vn 0.7160 0.3497 0.6042
vn 0.6787 0.3078 0.6668
vn 0.1742 0.2585 0.9502
vn 0.1976 0.2709 0.9421
vn 0.3738 0.3246 0.8689
vn 0.4199 0.2147 0.8818
vn -0.3861 0.2836 0.8778
vn -0.4150 0.1055 0.9037
vn 0.7765 0.2025 0.5967
vn 0.9144 0.2404 0.3258
vn 0.9504 0.2396 0.1982
vn -0.9880 0.0254 -0.1522
vn 0.9685 0.1462 0.2018
vn 0.9874 0.1112 0.1122
vn 0.7615 -0.0639 -0.6450
vn 0.9615 -0.0038 -0.2747
vn 0.9579 0.0167 -0.2866
vn 0.8821 -0.1351 -0.4513
vn -0.7409 0.2958 0.6029
vn -0.7879 0.2638 0.5564
vn -0.8922 0.0467 0.4492
vn -0.9770 0.1436 0.1578
vn -0.9870 0.1578 -0.0306
vn -0.9992 0.0263 0.0287
vn -0.9980 0.0310 -0.0546
vn 0.9602 0.0380 -0.2767
vn -0.9036 -0.1060 -0.4151
vn -0.9178 0.0243 -0.3962
vn 0.9989 0.0290 0.0365
vn 0.0831 0.2210 0.9717
vn 0.0627 0.1484 0.9869
vn 0.1930 -0.0612 0.9793
vn -0.0463 0.1955 0.9796
vn -0.0499 0.1466 0.9879
vn -0.0440 -0.0033 0.9990
vn -0.2521 0.1610 0.9542
vn -0.1880 0.1761 0.9662
vn -0.2329 -0.0762 0.9695
vn -0.1191 0.2149 0.9693
vn -0.0065 -0.3111 0.9504
vn -0.0893 -0.3103 0.9464
vn -0.0555 0.1218 0.9910
vn 0.2011 -0.7477 0.6328
vn 0.5253 0.0269 0.8505
vn -0.2377 -0.6260 0.7427
vn 0.4322 -0.1323 0.8920
vn -0.5117 0.4976 0.7004
vn -0.5543 0.1710 0.8145
vn 0.3336 0.3852 0.8604
vn 0.4234 0.2617 0.8673
vn -0.6060 -0.6069 0.5142
vn -0.9571 -0.2603 -0.1275
vn 0.6077 -0.7430 0.2805
vn -0.8940 -0.2506 0.3715
vn 0.7798 0.3811 0.4967
vn 0.6266 0.1367 0.7673
vn -0.8165 0.3397 0.4668
vn -0.5559 0.0102 0.8312
vn -0.9510 0.0646 0.3023
vn -0.8968 -0.1865 0.4012
vn -0.8833 -0.3325 0.3306
vn -0.9486 -0.3013 -0.0963
vn 0.9282 -0.3511 0.1234
vn -0.5853 -0.1608 0.7947
vn 0.9610 0.1062 0.2555
vn 0.9284 -0.0989 0.3581
vn -0.4762 -0.1542 0.8657
vn 0.9503 -0.2865 -0.1221
vn -0.9502 -0.3116 -0.0084
vn -0.9823 -0.1291 -0.1354
vn 0.8832 0.0259 0.4683
vn 0.5138 0.0691 0.8551
vn -0.8986 -0.1337 0.4178
vn -0.4839 -0.0381 0.8743
vn 0.4407 0.1990 0.8753
vn -0.4966 0.0623 0.8658
vn 0.0421 0.2413 0.9695
vn -0.0478 0.2474 0.9677
vn -0.1600 0.2248 0.9612
vn 0.9818 -0.1697 -0.0847
vn 0.9989 -0.0039 -0.0461
vn 0.9876 0.1476 0.0530
vn -0.9635 -0.2512 -0.0925
vn -0.9955 -0.0084 -0.0947
vn -0.9117 0.0953 -0.3997
vn -0.9935 -0.0956 -0.0618
vn -0.8609 0.0956 -0.4997
vn -0.9732 -0.2298 -0.0125
vn -0.7895 -0.1370 -0.5982
vn 0.7096 -0.3741 -0.5971
vn 0.9391 -0.3230 -0.1175
vn 0.9981 -0.0607 -0.0100
vn 0.8851 0.0883 -0.4570
vn 0.9745 -0.2173 -0.0559
vn 0.8024 -0.1694 -0.5722
vn 0.3001 -0.3136 -0.9009
vn 0.2335 -0.2952 -0.9264
vn 0.7864 -0.0080 -0.6176
vn 0.6680 0.0661 -0.7413
vn 0.4718 -0.0132 -0.8816
vn 0.3084 -0.2001 -0.9300
vn -0.6701 -0.0601 -0.7399
vn -0.6799 0.0712 -0.7298
vn -0.5859 0.1839 -0.7892
vn -0.4181 0.1689 -0.8926
vn -0.2820 -0.0653 -0.9572
vn -0.2765 -0.2597 -0.9252
vn -0.4576 -0.0294 -0.8887
vn -0.3229 -0.1328 -0.9371
vn -0.2820 -0.2391 -0.9291
vn 0.4705 -0.2937 -0.8321
vn 0.3361 -0.3100 -0.8893
vn -0.7124 -0.3567 -0.6044
vn -0.1425 -0.5747 -0.8059
vn -0.5736 -0.2380 -0.7838
vn -0.0788 -0.4371 -0.8960
vn -0.4498 -0.2472 -0.8583
vn 0.0639 -0.3863 -0.9202
vn -0.3687 -0.2831 -0.8854
vn 0.5146 -0.4199 -0.7475
vn -0.0336 -0.0971 0.9947
vn -0.1108 -0.0034 0.9938
vn -0.1107 0.0621 0.9919
vn -0.0562 0.1014 0.9933
vn 0.0539 -0.0997 0.9936
vn -0.5979 -0.0455 0.8003
vn -0.6578 0.0218 0.7529
vn -0.6340 0.1190 0.7642
vn -0.3883 -0.1733 0.9051
vn 0.4858 -0.0120 0.8740
vn 0.5326 0.0351 0.8456
vn 0.5797 0.0910 0.8097
vn 0.4418 -0.0147 0.8970
vn 0.8051 -0.1061 0.5835
vn 0.6958 0.1117 0.7095
vn 0.9837 -0.0016 0.1796
vn 0.6829 -0.0243 0.7301
vn 0.9488 -0.1444 0.2809
vn 0.6375 -0.0707 0.7672
vn 0.9154 -0.2083 0.3444
vn 0.6182 -0.1747 0.7663
vn 0.9190 -0.2550 0.3007
vn -0.6147 -0.0874 0.7839
vn -0.9045 -0.2077 0.3724
vn -0.6741 -0.0129 0.7385
vn -0.9448 -0.1412 0.2958
vn -0.7043 0.1482 0.6942
vn -0.9795 -0.0362 0.1982
vn -0.5780 -0.1570 0.8008
vn -0.8504 -0.1984 0.4873
vn -0.9546 -0.2196 -0.2013
vn -0.9353 -0.1928 -0.2969
vn -0.7823 -0.5997 0.1686
vn 0.9470 -0.2761 -0.1643
vn 0.9424 -0.1996 -0.2685
vn 0.9151 -0.1362 -0.3794
vn 0.7654 -0.5684 0.3019
vn -0.7610 -0.3572 -0.5415
vn -0.9643 -0.2633 -0.0280
vn -0.8149 -0.3479 -0.4635
vn -0.9582 -0.2618 -0.1156
vn -0.8112 -0.3568 -0.4634
vn 0.7121 -0.5103 -0.4822
vn 0.8105 -0.2311 0.5382
vn 0.9432 -0.2863 -0.1686
vn 0.7160 -0.3592 -0.5986
vn 0.9189 -0.2546 -0.3013
vn 0.7385 -0.3430 -0.5805
vn -0.7885 -0.1897 0.5850
vn 0.4920 -0.3281 -0.8064
vn 0.0933 -0.3557 -0.9299
vn 0.2714 -0.3162 -0.9090
vn 0.3104 -0.3008 -0.9018
vn 0.4818 -0.2960 -0.8248
vn 0.1481 -0.3408 -0.9284
vn 0.3826 -0.3562 -0.8525
vn 0.4073 -0.3192 -0.8557
vn 0.4911 -0.2877 -0.8222
vn 0.0729 -0.3302 -0.9411
vn 0.5457 -0.3185 -0.7751
vn 0.5558 -0.2810 -0.7824
vn 0.5691 -0.1459 -0.8092
vn -0.0059 -0.1327 -0.9911
vn -0.5025 -0.2330 -0.8326
vn -0.3782 -0.3551 -0.8549
vn -0.3834 -0.3907 -0.8369
vn -0.3556 -0.3329 -0.8734
vn -0.2774 -0.3591 -0.8911
vn -0.3531 -0.3860 -0.8523
vn -0.3014 -0.3193 -0.8984
vn -0.2645 -0.3023 -0.9158
vn -0.3549 -0.3166 -0.8797
vn -0.4758 -0.6389 0.6046
vn -0.3017 -0.6258 0.7192
vn 0.0143 -0.5809 0.8138
vn 0.3046 -0.4833 0.8208
vn 0.4067 -0.4694 0.7837
vn -0.5970 -0.1726 -0.7835
vn -0.5985 -0.5265 -0.6038
vn 0.0038 -0.1727 -0.9850
vn -0.7974 -0.0424 0.6019
vn 0.5986 -0.0894 -0.7961
vn 0.7721 -0.1056 0.6267
vn 0.9710 0.0353 0.2365
vn 0.6260 0.2822 0.7269
vn 0.5412 0.1821 0.8209
vn 0.0225 0.1421 0.9896
vn -0.5126 0.1678 0.8421
vn -0.6522 0.2453 0.7173
vn -0.9679 -0.0258 0.2500
vn 0.7149 -0.5977 -0.3627
vn -0.9209 -0.2593 -0.2909
vn 0.3817 -0.8222 -0.4222
vn 0.3326 -0.8334 -0.4414
vn -0.0350 -0.9338 -0.3560
vn -0.0567 -0.9041 -0.4236
vn -0.0018 -0.6790 -0.7342
vn -0.8887 -0.2322 -0.3955
vn -0.3514 -0.8576 -0.3756
vn -0.3418 -0.9356 -0.0884
vn -0.7030 -0.6296 -0.3307
vn -0.0586 -0.9979 -0.0258
vn -0.9120 -0.3141 -0.2637
vn 0.2870 -0.9569 -0.0454
vn -0.2833 -0.8199 0.4976
vn -0.0507 -0.8193 0.5711
vn 0.2105 -0.7687 0.6040
vn 0.5889 -0.7977 0.1301
vn 0.3365 -0.7019 0.6277
vn -0.5881 -0.8088 -0.0011
vn -0.4019 -0.7859 0.4699
vn 0.9167 -0.2956 -0.2690
vn -0.7650 -0.5360 -0.3569
vn -0.4481 -0.8330 -0.3245
vn 0.8206 -0.2002 -0.5353
vn 0.8443 -0.1727 -0.5073
vn -0.7953 -0.3265 -0.5108
vn 0.5792 -0.4726 -0.6642
vn 0.7235 -0.3105 -0.6165
vn 0.7259 -0.0906 -0.6818
vn 0.7412 -0.1902 -0.6438
vn -0.7894 -0.2010 -0.5800
vn -0.7528 -0.3111 -0.5801
vn 0.8358 0.0756 0.5439
vn -0.8029 0.0188 0.5958
vn -0.6364 0.5160 0.5733
vn -0.7031 0.4882 0.5170
vn -0.8955 0.2712 0.3528
vn -0.9630 0.0591 0.2629
vn -0.9000 -0.4359 -0.0092
vn -0.9515 -0.3064 -0.0285
vn -0.8773 -0.3983 0.2677
vn -0.6561 -0.6898 0.3060
vn -0.8203 -0.4848 0.3034
vn -0.0723 -0.8834 0.4631
vn 0.7730 -0.5705 0.2775
vn 0.7364 -0.6228 0.2642
vn 0.9512 -0.2403 0.1933
vn 0.9885 -0.1503 -0.0176
vn 0.9533 -0.3000 0.0340
vn 0.9762 0.0743 0.2037
vn 0.9491 0.1967 0.2460
vn 0.8009 0.4298 0.4169
vn 0.6999 0.5137 0.4963
vn 0.9975 0.0620 0.0333
vn 0.9970 -0.0689 -0.0342
vn 0.9756 0.1885 0.1125
vn 0.9706 0.2264 0.0813
vn -0.9818 0.1177 0.1490
vn -0.9198 0.3673 0.1382
vn -0.5366 0.8437 -0.0143
vn 0.9650 0.2475 0.0868
vn -0.9997 0.0045 0.0236
vn -0.6408 0.6849 0.3467
vn 0.9780 0.1866 0.0932
vn 0.8923 0.4044 0.2007
vn 0.4474 0.8826 0.1441
vn 0.5691 0.7443 0.3496
vn -0.9222 0.3322 0.1981
vn -0.9811 0.1700 0.0925
vn 0.9294 0.3510 0.1136
vn -0.9870 0.1539 0.0470
vn -0.9890 0.1441 0.0335
vn 0.8852 0.4364 0.1610
vn 0.9728 0.2269 0.0469
vn 0.5454 0.8381 0.0087
vn 0.7840 0.5676 0.2514
vn 0.9708 0.2332 0.0557
vn 0.9723 0.2229 0.0708
vn 0.7696 0.4158 -0.4846
vn 0.9034 0.4147 -0.1091
vn 0.9631 0.2677 -0.0283
vn 0.9791 0.2016 0.0285
vn 0.9763 0.2166 -0.0024
vn 0.9597 0.2534 0.1219
vn 0.6911 0.4593 0.5581
vn -0.6814 0.5830 -0.4424
vn -0.9539 0.2711 -0.1284
vn -0.9734 0.2174 0.0730
vn -0.9818 0.1867 -0.0356
vn -0.9856 0.1681 -0.0177
vn -0.9912 0.1305 0.0205
vn -0.9389 0.3430 0.0301
vn -0.7783 0.6095 0.1510
vn -0.9961 0.0780 0.0418
vn -0.9063 -0.4219 -0.0243
vn -0.5942 -0.7036 0.3896
vn -0.1079 -0.7121 0.6937
vn -0.0582 -0.2950 0.9537
vn -0.0376 0.1986 0.9794
vn -0.4641 0.5410 0.7014
vn -0.3251 0.7343 0.5959
vn -0.7982 0.5966 0.0826
vn -0.9630 0.1406 -0.2300
vn -0.8657 -0.4410 -0.2368
vn -0.4180 -0.9010 0.1158
vn 0.1144 -0.8055 0.5815
vn 0.3581 -0.3306 0.8732
vn 0.2004 0.2884 0.9363
vn -0.3131 0.2004 0.9283
vn -0.5581 0.3481 0.7532
vn -0.6725 0.1273 0.7291
vn -0.6460 -0.0455 0.7620
vn -0.6336 -0.1671 0.7554
vn -0.5972 -0.2809 0.7513
vn -0.4898 -0.3130 0.8137
vn -0.3158 -0.1783 0.9319
vn 0.9793 0.0678 0.1908
vn 0.8038 0.2787 0.5255
vn 0.4690 0.3435 0.8137
vn 0.2220 0.0302 0.9746
vn 0.0145 -0.3288 0.9443
vn 0.2699 -0.6310 0.7274
vn 0.6141 -0.7272 0.3067
vn 0.9080 -0.3320 0.2556
vn 0.7610 -0.2665 0.5916
vn 0.7829 -0.0207 0.6218
vn 0.7236 0.2376 0.6481
vn 0.4288 0.2861 0.8569
vn 0.1543 0.0863 0.9843
vn 0.2416 -0.1759 0.9543
vn 0.4355 -0.3663 0.8223
vn 0.6207 -0.4281 0.6568
vn 0.9022 -0.3929 -0.1778
vn 0.9873 0.1532 -0.0420
vn 0.7960 0.5188 0.3120
vn 0.3229 0.5080 0.7985
vn -0.1315 0.1334 0.9823
vn -0.2832 -0.3843 0.8787
vn -0.0524 -0.8727 0.4855
vn 0.4878 -0.8728 0.0185
vn 0.6463 -0.1443 0.7493
vn -0.7110 -0.1214 0.6926
vn -0.3563 0.1631 0.9200
vn -0.4793 0.1183 0.8696
vn 0.0316 0.3035 0.9523
vn 0.0141 0.2412 0.9704
vn -0.0411 0.0044 0.9991
vn -0.1536 -0.2009 0.9675
vn -0.1689 0.1994 0.9653
vn -0.0567 0.1370 0.9889
vn -0.2932 -0.0374 0.9553
vn -0.1014 -0.0213 0.9946
vn 0.1977 -0.1124 0.9738
vn 0.0684 -0.2193 0.9733
vn -0.9797 0.0599 0.1912
vn 0.0514 -0.3839 0.9220
vn 0.1632 0.1188 0.9794
vn 0.0705 0.1185 0.9905
vn 0.1071 0.0326 0.9937
vn 0.2453 0.0581 0.9677
vn 0.1802 -0.2316 0.9560
vn -0.7533 0.0370 -0.6566
vn 0.2194 -0.0966 0.9708
vn -0.9803 0.1056 0.1669
vn 0.2840 -0.0437 0.9578
vn 0.1097 -0.0312 0.9935
vn -0.5082 0.0930 0.8562
vn -0.4292 0.0606 0.9012
vn 0.1326 0.1600 0.9782
vn 0.0352 0.0555 0.9978
vn 0.0439 0.2913 0.9556
vn 0.0243 0.0795 0.9965
vn -0.7208 0.0420 -0.6919
vn -0.2164 -0.3142 0.9244
vn -0.4446 0.1258 0.8869
vn -0.0754 0.3517 0.9331
vn -0.0171 0.1534 0.9880
vn -0.2612 0.2808 0.9235
vn -0.1947 0.1440 0.9702
vn -0.3803 0.0661 0.9225
vn -0.4540 0.0638 0.8887
vn -0.3595 0.0714 0.9304
vn -0.4498 0.0715 0.8902
vn -0.3958 0.0982 0.9131
vn -0.4656 0.0884 0.8806
vn -0.4497 -0.0303 0.8927
vn -0.4893 -0.0047 0.8721
vn 0.0175 0.7187 0.6951
vn 0.0034 0.6859 0.7277
vn 0.0215 0.7090 0.7049
vn 0.0512 0.7034 0.7090
vn 0.0607 0.0590 0.9964
vn 0.5278 0.5980 0.6032
vn 0.6052 0.0053 0.7961
vn 0.0935 -0.0510 0.9943
vn -0.0085 0.0135 0.9999
vn 0.0523 -0.0304 0.9982
vn -0.0299 -0.0156 0.9994
vn 0.5562 -0.0640 0.8286
vn -0.0147 -0.0192 0.9997
vn -0.5682 0.0708 0.8199
vn -0.7076 0.0987 0.6997
vn -0.8015 0.1049 0.5888
vn -0.8464 0.0713 0.5278
vn -0.8149 0.0315 0.5787
vn -0.9919 0.0560 0.1142
vn -0.9850 0.0844 0.1506
vn -0.9897 0.0647 -0.1275
vn -0.9911 0.0480 0.1239
vn -0.9895 0.0314 -0.1413
vn -0.9977 0.0450 0.0509
vn -0.6705 0.0293 -0.7413
vn -0.6761 0.0413 -0.7356
vn -0.9911 0.0640 0.1168
vn -0.0020 -0.0184 0.9998
vn -0.0226 -0.0403 0.9989
vn 0.0093 0.0031 1.0000
vn -0.0098 -0.0283 0.9996
vn -0.0667 0.0217 0.9975
vn -0.0581 -0.0125 0.9982
vn -0.6096 0.0331 0.7920
vn -0.6141 0.0115 0.7891
vn -0.0180 -0.0382 0.9991
vn -0.0032 -0.0268 0.9996
vn -0.0151 -0.0304 0.9994
vn -0.0327 -0.0295 0.9990
vn -0.0180 -0.0442 0.9989
vn -0.0080 -0.0323 0.9994
vn 0.0019 -0.0203 0.9998
vn -0.0062 -0.0258 0.9996
vn -0.0847 -0.0359 0.9958
vn -0.0964 -0.0346 0.9947
vn -0.0686 -0.0221 0.9974
vn -0.0444 -0.0157 0.9989
vn -0.6280 -0.0010 0.7782
vn -0.6476 -0.0053 0.7620
vn -0.6487 0.0009 0.7610
vn -0.6330 0.0187 0.7739
vn -0.0295 -0.0123 0.9995
vn -0.0196 0.0160 0.9997
vn -0.0124 0.5992 0.8005
vn -0.0155 -0.0157 0.9998
vn -0.0202 0.0117 0.9997
vn -0.0140 0.5693 0.8220
vn -0.0654 -0.0042 0.9979
vn -0.0962 0.0232 0.9951
vn -0.0840 0.5432 0.8354
vn -0.6400 0.0273 0.7679
vn -0.6429 0.0584 0.7637
vn -0.5133 0.5225 0.6808
vn 0.0042 0.6110 0.7917
vn 0.0024 0.6310 0.7757
vn -0.0139 0.6525 0.7577
vn -0.0102 0.0320 0.9994
vn -0.0098 0.0483 0.9988
vn -0.0272 0.0627 0.9977
vn -0.0194 -0.0025 0.9998
vn -0.0066 0.0001 1.0000
vn -0.0176 -0.0111 0.9998
vn -0.0279 0.0157 0.9995
vn -0.0428 0.0181 0.9989
vn -0.0053 -0.0006 1.0000
vn -0.0254 -0.0241 0.9994
vn -0.0007 -0.0185 0.9998
vn -0.0122 -0.0266 0.9996
vn -0.0510 -0.0727 0.9960
vn 0.0249 -0.0840 0.9962
vn 0.0408 -0.0262 0.9988
vn 0.5448 -0.0453 0.8373
vn -0.0204 -0.0421 0.9989
vn -0.0069 -0.0401 0.9992
vn -0.0159 -0.0311 0.9994
vn -0.0173 -0.0287 0.9994
vn 0.0024 -0.0230 0.9997
vn 0.0404 -0.0177 0.9990
vn 0.6273 -0.0450 0.7774
vn -0.0096 -0.0286 0.9995
vn -0.0136 -0.0327 0.9994
vn -0.0273 -0.0286 0.9992
vn -0.0251 -0.0174 0.9995
vn -0.0079 -0.0093 0.9999
vn 0.0413 -0.0133 0.9991
vn 0.6372 -0.0644 0.7680
vn -0.0091 -0.0293 0.9995
vn -0.0088 -0.0289 0.9995
vn -0.0355 -0.0287 0.9990
vn -0.0456 -0.0206 0.9987
vn -0.0177 -0.0130 0.9998
vn 0.0447 -0.0147 0.9989
vn 0.5800 -0.0586 0.8125
vn -0.0149 -0.0454 0.9989
vn -0.0121 -0.0343 0.9993
vn -0.0372 -0.0231 0.9990
vn -0.0524 -0.0251 0.9983
vn -0.0278 -0.0283 0.9992
vn 0.0311 -0.0214 0.9993
vn 0.5370 -0.0380 0.8427
vn -0.0436 -0.0062 0.9990
vn -0.0397 -0.0019 0.9992
vn -0.0501 0.0413 0.9979
vn -0.0376 -0.0102 0.9992
vn 0.0036 0.0005 1.0000
vn 0.5322 -0.0144 0.8465
vn -0.0402 0.0032 0.9992
vn -0.0405 0.0054 0.9992
vn -0.0481 0.0131 0.9988
vn -0.0075 0.0153 0.9999
vn 0.5085 -0.0031 0.8610
vn -0.0399 0.0180 0.9990
vn -0.0368 0.0111 0.9993
vn -0.0438 0.0003 0.9990
vn -0.0053 -0.0076 1.0000
vn 0.5079 -0.0018 0.8614
vn -0.0272 0.0385 0.9989
vn -0.0151 0.0162 0.9998
vn -0.0256 -0.0061 0.9997
vn -0.0065 -0.0105 0.9999
vn 0.5698 0.0473 0.8204
vn -0.0178 0.0529 0.9984
vn 0.0042 0.0459 0.9989
vn -0.0345 -0.5516 0.8334
vn -0.0159 0.0348 0.9993
vn -0.0031 0.0467 0.9989
vn -0.0158 -0.5263 0.8502
vn 0.0023 0.0286 0.9996
vn -0.0136 0.0509 0.9986
vn -0.0229 -0.5267 0.8497
vn -0.0193 0.0377 0.9991
vn -0.0418 0.0549 0.9976
vn -0.0445 -0.5382 0.8416
vn -0.0472 0.0472 0.9978
vn -0.0538 0.0582 0.9969
vn -0.0406 -0.5465 0.8365
vn 0.0080 0.0517 0.9986
vn -0.0030 0.0660 0.9978
vn 0.0306 -0.5458 0.8373
vn 0.5340 0.0150 0.8453
vn 0.5832 0.0871 0.8077
vn 0.5835 0.1155 0.8039
vn 0.5254 -0.4220 0.7388
vn 0.0016 0.0248 0.9997
vn -0.0311 0.0213 0.9993
vn -0.0002 0.0151 0.9999
vn -0.0015 0.0236 0.9997
vn -0.0423 0.0369 0.9984
vn -0.0391 0.0462 0.9982
vn 0.0448 -0.0201 0.9988
vn 0.0754 -0.0739 0.9944
vn 0.0356 -0.1516 0.9878
vn -0.2032 -0.1145 0.9724
vn -0.7056 0.0055 0.7086
vn -0.0132 0.0466 0.9988
vn 0.0063 0.0359 0.9993
vn 0.0181 0.0246 0.9995
vn -0.0419 0.0231 0.9989
vn -0.5939 0.0460 0.8032
vn -0.0153 0.0649 0.9978
vn -0.0132 0.0676 0.9976
vn 0.0040 0.0664 0.9978
vn -0.0208 0.0699 0.9973
vn -0.5698 0.1059 0.8149
vn 0.0098 0.0529 0.9986
vn 0.0020 0.0651 0.9979
vn 0.0053 0.0739 0.9972
vn -0.0213 0.0776 0.9968
vn -0.5845 0.1324 0.8005
vn -0.0417 -0.5194 0.8535
vn -0.0417 -0.4925 0.8693
vn -0.0451 -0.4631 0.8851
vn -0.0946 -0.4311 0.8974
vn -0.5565 -0.3654 0.7462
vn -0.7240 0.0769 -0.6855
vn -0.9794 0.1438 0.1420
vn -0.7016 0.0891 -0.7070
vn 0.6482 -0.5190 -0.5571
vn 0.7921 -0.5787 0.1944
vn -0.9888 0.0356 0.1452
vn -0.6892 0.0232 -0.7242
vn -0.9882 0.0297 0.1504
vn -0.6937 0.0268 -0.7197
vn -0.9843 0.0301 0.1737
vn -0.7210 0.0362 -0.6920
vn -0.9848 0.0323 0.1707
vn -0.7360 0.0348 -0.6761
vn -0.9927 0.0374 0.1145
vn -0.7304 0.0170 -0.6828
vn -0.9974 0.0345 0.0639
vn -0.6726 0.0201 -0.7397
vn -0.9959 0.0260 0.0868
vn -0.6616 0.0183 -0.7496
vn -0.9892 0.0558 0.1358
vn -0.7375 0.0510 -0.6734
vn -0.0761 -0.7351 -0.6737
vn -0.0953 -0.9647 0.2454
vn 0.9789 0.1079 0.1733
vn 0.7233 0.0391 -0.6894
vn 0.9718 0.0927 0.2169
vn 0.7625 0.0700 -0.6432
vn 0.9708 0.0603 0.2321
vn 0.7871 0.0484 -0.6150
vn 0.9642 0.0313 0.2634
vn 0.7763 0.0329 -0.6295
vn 0.9552 0.0038 0.2959
vn 0.7924 -0.0079 -0.6100
vn 0.9578 -0.0204 0.2868
vn 0.7521 -0.0205 -0.6588
vn 0.9635 -0.0390 0.2647
vn 0.7469 -0.0299 -0.6643
vn 0.9655 -0.0523 0.2551
vn 0.7574 -0.0356 -0.6520
vn 0.9771 -0.0730 0.1998
vn 0.7498 -0.0468 -0.6600
vn 0.6469 0.5280 -0.5502
vn 0.7424 0.6633 0.0942
vn 0.9897 -0.0829 0.1166
vn 0.7245 -0.0539 -0.6871
vn 0.9895 -0.0601 0.1312
vn 0.7382 -0.0553 -0.6724
vn 0.9777 -0.0679 0.1989
vn 0.7363 -0.0513 -0.6747
vn 0.9763 -0.0828 0.1998
vn 0.7464 -0.0539 -0.6633
vn 0.9855 -0.0446 0.1636
vn 0.7528 -0.0184 -0.6580
vn 0.0113 0.5983 -0.8012
vn 0.0327 0.9994 -0.0102
vn 0.0244 0.9997 -0.0005
vn 0.0607 0.6906 -0.7207
vn -0.0087 0.9999 -0.0148
vn -0.0060 0.6145 -0.7889
vn 0.0078 0.7352 -0.6778
vn 0.0023 0.9931 0.1169
vn 0.0355 0.9959 0.0827
vn 0.0204 0.7205 -0.6932
vn 0.0064 0.9903 0.1388
vn 0.0073 0.7452 -0.6668
vn 0.0146 0.9877 0.1559
vn 0.0070 0.7438 -0.6684
vn 0.0199 0.9984 0.0530
vn 0.0167 0.5884 -0.8084
vn 0.0393 0.9933 0.1083
vn 0.0315 0.6398 -0.7679
vn -0.0279 0.9848 0.1716
vn -0.0576 0.7125 -0.6993
vn -0.6957 0.6925 0.1909
vn -0.5998 0.5758 -0.5556
vn -0.8250 -0.5087 0.2462
vn -0.6940 -0.4533 -0.5594
vn -0.1820 -0.9392 0.2911
vn -0.1571 -0.7528 -0.6392
vn -0.0949 -0.9494 0.2993
vn -0.0657 -0.7553 -0.6520
vn -0.0888 -0.9593 0.2681
vn -0.0731 -0.7307 -0.6788
vn 0.0905 -0.9803 0.1758
vn 0.1006 -0.7693 -0.6309
vn 0.0071 -0.9774 0.2111
vn 0.0372 -0.7687 -0.6386
vn -0.0220 -0.0226 -0.9995
vn -0.0595 -0.9718 0.2284
vn -0.0458 -0.7482 -0.6619
vn -0.0202 -0.9724 0.2324
vn -0.0072 -0.7425 -0.6698
vn -0.0133 -0.9717 0.2358
vn 0.0111 -0.7521 -0.6590
vn -0.0147 -0.9750 0.2215
vn 0.0267 -0.7573 -0.6526
vn -0.0535 0.0046 -0.9986
vn -0.0735 0.0039 -0.9973
vn -0.0642 -0.0032 -0.9979
vn -0.0339 0.0017 -0.9994
vn -0.0244 -0.0008 -0.9997
vn -0.0185 0.0001 -0.9998
vn -0.0156 0.0092 -0.9998
vn -0.0220 0.0161 -0.9996
vn -0.0372 0.0121 -0.9992
vn -0.0527 -0.0127 -0.9985
vn -0.0477 -0.0146 -0.9988
vn -0.0316 0.0016 -0.9995
vn -0.0571 0.0197 -0.9982
vn 0.0072 -0.0306 -0.9995
vn 0.0137 -0.0080 -0.9999
vn 0.0126 -0.0011 -0.9999
vn 0.0092 -0.0008 -1.0000
vn 0.0071 0.0001 -1.0000
vn 0.0076 -0.0000 -1.0000
vn 0.0066 -0.0002 -1.0000
vn 0.0206 0.0155 -0.9997
vn 0.0247 0.0089 -0.9997
vn -0.0012 -0.0012 -1.0000
vn -0.0158 -0.0114 -0.9998
vn -0.0036 -0.0093 -1.0000
vn 0.0026 -0.0020 -1.0000
vn -0.0098 0.0010 -1.0000
vn -0.0037 -0.0216 -0.9998
vn 0.0162 -0.0027 -0.9999
vn 0.0282 -0.0017 -0.9996
vn 0.0205 -0.0091 -0.9997
vn 0.0078 -0.0028 -1.0000
vn 0.0024 -0.0011 -1.0000
vn 0.0034 0.0013 -1.0000
vn 0.0156 0.0269 -0.9995
vn 0.0201 0.0043 -0.9998
vn 0.0060 -0.0150 -0.9999
vn 0.0016 -0.0068 -1.0000
vn 0.0106 -0.0036 -0.9999
vn 0.0110 -0.0066 -0.9999
vn 0.0174 0.0124 -0.9998
vn -0.0072 -0.0149 -0.9999
vn 0.0117 0.0110 -0.9999
vn 0.0349 0.0045 -0.9994
vn 0.0408 -0.0182 -0.9990
vn 0.0282 -0.0141 -0.9995
vn 0.0152 -0.0052 -0.9999
vn 0.0125 0.0034 -0.9999
vn 0.0043 0.0253 -0.9997
vn -0.0087 0.0007 -1.0000
vn -0.0020 -0.0125 -0.9999
vn 0.0135 -0.0012 -0.9999
vn 0.0159 -0.0035 -0.9999
vn 0.0048 -0.0172 -0.9998
vn 0.0057 0.0301 -0.9995
vn -0.0079 -0.0148 -0.9999
vn -0.0064 0.0215 -0.9997
vn 0.0090 0.0185 -0.9998
vn 0.0295 -0.0143 -0.9995
vn 0.0335 -0.0261 -0.9991
vn 0.0257 -0.0105 -0.9996
vn 0.0186 -0.0001 -0.9998
vn 0.0026 0.0104 -0.9999
vn -0.0073 -0.0002 -1.0000
vn -0.0002 -0.0031 -1.0000
vn 0.0038 0.0020 -1.0000
vn -0.0040 -0.0110 -0.9999
vn -0.0126 -0.0248 -0.9996
vn -0.0092 0.0378 -0.9992
vn 0.0012 -0.0212 -0.9998
vn -0.0168 0.0180 -0.9997
vn -0.0320 0.0241 -0.9992
vn -0.0240 0.0021 -0.9997
vn -0.0011 -0.0219 -0.9998
vn 0.0109 -0.0101 -0.9999
vn 0.0131 -0.0040 -0.9999
vn 0.0137 0.0008 -0.9999
vn 0.0177 0.0022 -0.9998
vn 0.0134 -0.0053 -0.9999
vn -0.0044 -0.0051 -1.0000
vn -0.0178 -0.0175 -0.9997
vn -0.0134 -0.0197 -0.9997
vn -0.0037 0.0433 -0.9991
vn 0.0172 -0.0302 -0.9994
vn -0.0024 0.0061 -1.0000
vn -0.0267 0.0133 -0.9996
vn -0.0369 0.0151 -0.9992
vn -0.0179 -0.0020 -0.9998
vn 0.0033 -0.0032 -1.0000
vn 0.0073 -0.0053 -1.0000
vn 0.0124 0.0045 -0.9999
vn 0.0230 0.0065 -0.9997
vn 0.0170 -0.0166 -0.9997
vn -0.0012 -0.0175 -0.9998
vn -0.0089 -0.0189 -0.9998
vn -0.0024 -0.0092 -1.0000
vn -0.0111 0.0327 -0.9994
vn 0.0323 -0.0377 -0.9988
vn 0.0186 -0.0022 -0.9998
vn 0.0035 -0.0014 -1.0000
vn -0.0141 0.0166 -0.9998
vn -0.0073 0.0175 -0.9998
vn 0.0095 0.0064 -0.9999
vn 0.0113 -0.0114 -0.9999
vn -0.0000 0.0105 -0.9999
vn -0.0069 0.0084 -0.9999
vn -0.0069 -0.0219 -0.9997
vn -0.0088 -0.0240 -0.9997
vn -0.0102 -0.0173 -0.9998
vn -0.0081 -0.0034 -1.0000
vn -0.0137 0.0129 -0.9998
vn 0.0182 -0.0467 -0.9987
vn 0.0024 -0.0062 -1.0000
vn -0.0002 -0.0084 -1.0000
vn -0.0070 0.0149 -0.9999
vn -0.0098 0.0255 -0.9996
vn -0.0113 0.0073 -0.9999
vn -0.0089 -0.0139 -0.9999
vn -0.0194 0.0037 -0.9998
vn -0.0332 0.0054 -0.9994
vn -0.0227 -0.0144 -0.9996
vn -0.0035 -0.0213 -0.9998
vn -0.0000 -0.0196 -0.9998
vn -0.0054 -0.0020 -1.0000
vn 0.0015 0.0145 -0.9999
vn 0.0293 -0.0452 -0.9985
vn 0.0440 0.0004 -0.9990
vn 0.0716 0.0016 -0.9974
vn 0.0782 0.0162 -0.9968
vn 0.0617 0.0156 -0.9980
vn 0.0452 -0.0101 -0.9989
vn 0.0251 -0.0094 -0.9996
vn 0.0344 -0.0010 -0.9994
vn 0.0418 -0.0005 -0.9991
vn 0.0493 -0.0091 -0.9987
vn 0.0600 -0.0141 -0.9981
vn 0.0779 -0.0208 -0.9967
vn 0.0803 -0.0054 -0.9968
vn 0.0742 0.0201 -0.9970
vt 0.329863 0.374051
vt 0.326072 0.397876
vt 0.349298 0.406169
vt 0.349738 0.384567
vt 0.826703 0.020736
vt 0.828626 0.007086
vt 0.840746 0.006750
vt 0.841123 0.018544
vt 0.390046 0.109985
vt 0.397645 0.118199
vt 0.376334 0.121407
vt 0.378911 0.110917
vt 0.357990 0.111788
vt 0.365044 0.106317
vt 0.352979 0.100181
vt 0.360148 0.099019
vt 0.362932 0.086312
vt 0.367580 0.090836
vt 0.380238 0.079994
vt 0.380967 0.087473
vt 0.397004 0.084528
vt 0.392125 0.089641
vt 0.400810 0.091471
vt 0.404706 0.099000
vt 0.398994 0.099183
vt 0.395970 0.093784
vt 0.395107 0.106359
vt 0.400872 0.109542
vt 0.412488 0.110066
vt 0.413249 0.119086
vt 0.412334 0.099451
vt 0.413072 0.090023
vt 0.932973 0.852748
vt 0.937345 0.862301
vt 0.929906 0.865242
vt 0.927711 0.856516
vt 0.986128 0.861033
vt 0.991593 0.864157
vt 0.987709 0.871673
vt 0.981152 0.867176
vt 0.941527 0.844660
vt 0.945040 0.854441
vt 0.950697 0.832584
vt 0.951453 0.847704
vt 0.958992 0.828880
vt 0.957666 0.845453
vt 0.968027 0.835794
vt 0.962927 0.847997
vt 0.974732 0.848307
vt 0.969107 0.854552
vt 0.982240 0.856944
vt 0.974759 0.862573
vt 0.987051 0.880286
vt 0.979689 0.876952
vt 0.972459 0.872735
vt 0.967615 0.869106
vt 0.962425 0.865878
vt 0.956584 0.865510
vt 0.949926 0.865231
vt 0.944443 0.868217
vt 0.938315 0.871578
vt 0.930224 0.875160
vt 0.921990 0.868071
vt 0.920000 0.859744
vt 0.921573 0.876714
vt 0.413793 0.081234
vt 0.929959 0.882484
vt 0.920143 0.883991
vt 0.987795 0.887693
vt 0.978995 0.885064
vt 0.971347 0.883146
vt 0.966161 0.881109
vt 0.961092 0.880033
vt 0.956002 0.878884
vt 0.949499 0.879258
vt 0.944364 0.879659
vt 0.938104 0.881141
vt 0.989413 0.897681
vt 0.979714 0.895948
vt 0.990570 0.907307
vt 0.980705 0.905930
vt 0.991137 0.917178
vt 0.980702 0.916316
vt 0.971894 0.894475
vt 0.972054 0.904877
vt 0.972112 0.915516
vt 0.966482 0.893426
vt 0.961129 0.892476
vt 0.955335 0.891617
vt 0.966504 0.904168
vt 0.961010 0.903680
vt 0.955039 0.903159
vt 0.966456 0.915197
vt 0.960840 0.915128
vt 0.954040 0.914706
vt 0.948123 0.890702
vt 0.947458 0.902155
vt 0.946164 0.913441
vt 0.942631 0.890951
vt 0.937593 0.891571
vt 0.941649 0.901961
vt 0.936515 0.900911
vt 0.940219 0.912559
vt 0.934772 0.910962
vt 0.927723 0.891906
vt 0.925576 0.900367
vt 0.924197 0.909731
vt 0.917257 0.893276
vt 0.914797 0.902559
vt 0.912520 0.911767
vt 0.971905 0.926227
vt 0.966146 0.925837
vt 0.971578 0.936679
vt 0.965122 0.935723
vt 0.970555 0.945752
vt 0.963815 0.945086
vt 0.968487 0.954572
vt 0.962499 0.954241
vt 0.966290 0.963288
vt 0.961167 0.963031
vt 0.960651 0.925507
vt 0.959701 0.935271
vt 0.958449 0.944743
vt 0.957235 0.953929
vt 0.956022 0.962231
vt 0.953086 0.924531
vt 0.952359 0.933733
vt 0.951635 0.942974
vt 0.951259 0.951951
vt 0.950019 0.961752
vt 0.981128 0.927037
vt 0.980624 0.937883
vt 0.979065 0.947141
vt 0.977160 0.956735
vt 0.974419 0.965473
vt 0.992102 0.928809
vt 0.991043 0.940327
vt 0.989385 0.950473
vt 0.986723 0.959557
vt 0.983311 0.968473
vt 0.922700 0.920006
vt 0.911014 0.923406
vt 0.921736 0.931718
vt 0.910644 0.934979
vt 0.921856 0.942462
vt 0.910977 0.945259
vt 0.922721 0.952557
vt 0.912268 0.954654
vt 0.924096 0.962628
vt 0.914861 0.963867
vt 0.932914 0.920217
vt 0.932294 0.932007
vt 0.932430 0.942061
vt 0.932856 0.951657
vt 0.933298 0.961531
vt 0.938835 0.920971
vt 0.944882 0.921696
vt 0.938657 0.932575
vt 0.944432 0.933257
vt 0.938701 0.942585
vt 0.944735 0.943243
vt 0.938735 0.952103
vt 0.944709 0.952924
vt 0.938644 0.961825
vt 0.944403 0.962073
vt 0.939833 0.968993
vt 0.935028 0.969407
vt 0.940872 0.976223
vt 0.936221 0.976567
vt 0.941777 0.983300
vt 0.938138 0.983894
vt 0.937787 0.009207
vt 0.942727 0.005847
vt 0.945025 0.011288
vt 0.943629 0.012255
vt 0.944706 0.969168
vt 0.944867 0.976235
vt 0.945102 0.983238
vt 0.947641 0.005352
vt 0.947178 0.011139
vt 0.949790 0.968940
vt 0.949168 0.976041
vt 0.948828 0.983045
vt 0.952675 0.006901
vt 0.949418 0.011748
vt 0.955778 0.010020
vt 0.950488 0.013279
vt 0.957512 0.014293
vt 0.951310 0.015050
vt 0.957739 0.019458
vt 0.951749 0.017180
vt 0.952892 0.976342
vt 0.951983 0.983218
vt 0.956883 0.976891
vt 0.955288 0.983620
vt 0.961318 0.977621
vt 0.958875 0.984179
vt 0.953945 0.969335
vt 0.958446 0.969836
vt 0.963859 0.970559
vt 0.970951 0.972831
vt 0.978997 0.976051
vt 0.967742 0.979876
vt 0.974948 0.982558
vt 0.964869 0.986203
vt 0.971412 0.988641
vt 0.952481 0.026611
vt 0.949137 0.021060
vt 0.942420 0.029189
vt 0.945164 0.023507
vt 0.925530 0.971012
vt 0.916978 0.972339
vt 0.927584 0.978709
vt 0.919164 0.979701
vt 0.929554 0.985669
vt 0.921474 0.986352
vt 0.936482 0.020395
vt 0.942616 0.018824
vt 0.946784 0.018084
vt 0.948951 0.017889
vt 0.945272 0.016012
vt 0.944837 0.013970
vt 0.950245 0.017053
vt 0.950382 0.015930
vt 0.949507 0.015531
vt 0.947975 0.014789
vt 0.946559 0.013710
vt 0.945581 0.012790
vt 0.344755 0.202847
vt 0.336511 0.191721
vt 0.349221 0.189945
vt 0.357163 0.201232
vt 0.904873 0.102648
vt 0.887684 0.104331
vt 0.888800 0.084147
vt 0.906447 0.082595
vt 0.912901 0.033760
vt 0.892683 0.033753
vt 0.896093 0.017984
vt 0.914518 0.017024
vt 0.890296 0.066110
vt 0.909454 0.065262
vt 0.919743 0.005574
vt 0.931840 0.009231
vt 0.930793 0.018302
vt 0.928206 0.034232
vt 0.925433 0.050562
vt 0.911423 0.049315
vt 0.922370 0.066206
vt 0.918176 0.081576
vt 0.898194 0.169778
vt 0.885653 0.170121
vt 0.886190 0.148117
vt 0.900780 0.147025
vt 0.897143 0.191099
vt 0.885684 0.189829
vt 0.898663 0.003155
vt 0.868784 0.034596
vt 0.842525 0.035505
vt 0.870145 0.018620
vt 0.886757 0.125914
vt 0.870490 0.126905
vt 0.869406 0.105223
vt 0.873402 0.002954
vt 0.872374 0.169997
vt 0.871455 0.149028
vt 0.868368 0.050623
vt 0.843273 0.051646
vt 0.849974 0.104971
vt 0.847408 0.083712
vt 0.868840 0.084922
vt 0.854285 0.127604
vt 0.857379 0.149800
vt 0.828787 0.038400
vt 0.830923 0.053844
vt 0.846104 0.067596
vt 0.833360 0.069756
vt 0.835668 0.086729
vt 0.915308 0.103151
vt 0.912710 0.124777
vt 0.902505 0.124598
vt 0.909229 0.147932
vt 0.906394 0.170301
vt 0.904660 0.192912
vt 0.868586 0.067219
vt 0.891414 0.049557
vt 0.859560 0.170753
vt 0.873085 0.189717
vt 0.860569 0.190924
vt 0.839338 0.107157
vt 0.842891 0.129057
vt 0.845682 0.150609
vt 0.847916 0.171951
vt 0.850760 0.193195
vt 0.911515 0.207662
vt 0.899575 0.206446
vt 0.913690 0.216430
vt 0.901161 0.218281
vt 0.909502 0.232097
vt 0.901258 0.230178
vt 0.887088 0.205523
vt 0.888401 0.218554
vt 0.889163 0.230126
vt 0.874377 0.206238
vt 0.876077 0.219023
vt 0.877410 0.230667
vt 0.860657 0.207444
vt 0.862251 0.219581
vt 0.863889 0.230210
vt 0.852028 0.207735
vt 0.852992 0.219293
vt 0.854080 0.230501
vt 0.904563 0.246121
vt 0.895108 0.244778
vt 0.899199 0.258938
vt 0.890481 0.258527
vt 0.893830 0.271712
vt 0.888029 0.267275
vt 0.885452 0.244574
vt 0.882022 0.258644
vt 0.880370 0.272470
vt 0.875035 0.244972
vt 0.872038 0.258597
vt 0.867584 0.272716
vt 0.863118 0.244752
vt 0.862568 0.258843
vt 0.863242 0.266746
vt 0.854490 0.244873
vt 0.854794 0.258890
vt 0.854518 0.269976
vt 0.889878 0.279419
vt 0.855531 0.280960
vt 0.885416 0.289671
vt 0.876138 0.285864
vt 0.881115 0.300017
vt 0.872841 0.297713
vt 0.877242 0.310478
vt 0.869399 0.309691
vt 0.873016 0.321512
vt 0.866646 0.320466
vt 0.865995 0.286350
vt 0.864386 0.298274
vt 0.862898 0.309551
vt 0.861633 0.319424
vt 0.855103 0.290775
vt 0.855206 0.300430
vt 0.855297 0.309801
vt 0.855422 0.319229
vt 0.755475 0.548475
vt 0.748992 0.540053
vt 0.755736 0.536191
vt 0.761758 0.543576
vt 0.763354 0.531014
vt 0.768544 0.538514
vt 0.771438 0.525650
vt 0.776590 0.533508
vt 0.778901 0.520727
vt 0.783872 0.529936
vt 0.416073 0.127690
vt 0.405771 0.130997
vt 0.422572 0.136510
vt 0.415204 0.141066
vt 0.431310 0.145925
vt 0.423007 0.153028
vt 0.441604 0.157109
vt 0.431808 0.165442
vt 0.786093 0.514810
vt 0.790820 0.525669
vt 0.793963 0.507739
vt 0.797947 0.519331
vt 0.803127 0.500442
vt 0.806363 0.511476
vt 0.812510 0.491233
vt 0.814583 0.499761
vt 0.797648 0.485163
vt 0.807082 0.476931
vt 0.791984 0.470706
vt 0.800675 0.463003
vt 0.785583 0.456975
vt 0.793032 0.450898
vt 0.778238 0.444157
vt 0.786012 0.439132
vt 0.768198 0.429331
vt 0.776743 0.423942
vt 0.761770 0.411025
vt 0.769670 0.408314
vt 0.788331 0.492938
vt 0.779604 0.500057
vt 0.771446 0.506511
vt 0.763457 0.512153
vt 0.755534 0.517766
vt 0.747652 0.523111
vt 0.739878 0.527645
vt 0.781831 0.478713
vt 0.772376 0.485910
vt 0.763627 0.492526
vt 0.755395 0.498441
vt 0.747323 0.504317
vt 0.739264 0.510137
vt 0.731053 0.515251
vt 0.774647 0.464955
vt 0.764463 0.472000
vt 0.755452 0.478276
vt 0.746997 0.484320
vt 0.738839 0.490474
vt 0.730844 0.496945
vt 0.722529 0.503004
vt 0.766757 0.450773
vt 0.756238 0.457041
vt 0.746687 0.463088
vt 0.737933 0.469098
vt 0.729778 0.475540
vt 0.721806 0.482335
vt 0.713034 0.488394
vt 0.758273 0.435814
vt 0.747849 0.441591
vt 0.737643 0.447076
vt 0.727994 0.452486
vt 0.718648 0.457880
vt 0.709838 0.464482
vt 0.701090 0.471791
vt 0.751420 0.417981
vt 0.738652 0.425175
vt 0.728527 0.431420
vt 0.718624 0.436413
vt 0.708458 0.441362
vt 0.698704 0.447379
vt 0.687257 0.455571
vt 0.406050 0.069498
vt 0.415018 0.073966
vt 0.412708 0.058346
vt 0.421807 0.064068
vt 0.421046 0.047953
vt 0.429568 0.055721
vt 0.427826 0.037155
vt 0.436515 0.047257
vt 0.750158 0.552482
vt 0.742601 0.544157
vt 0.740021 0.556006
vt 0.733153 0.547061
vt 0.729715 0.558251
vt 0.722366 0.549664
vt 0.719315 0.558443
vt 0.710924 0.551932
vt 0.731857 0.532059
vt 0.722734 0.536094
vt 0.712513 0.539818
vt 0.701254 0.543225
vt 0.722531 0.520114
vt 0.713468 0.524826
vt 0.703761 0.529552
vt 0.693451 0.533916
vt 0.713829 0.508213
vt 0.704955 0.513341
vt 0.695813 0.518483
vt 0.685973 0.524390
vt 0.704210 0.494318
vt 0.695611 0.500649
vt 0.687286 0.507465
vt 0.677693 0.514077
vt 0.692742 0.479370
vt 0.684362 0.487270
vt 0.675590 0.494889
vt 0.666982 0.502107
vt 0.681079 0.464415
vt 0.672767 0.475846
vt 0.662644 0.483535
vt 0.655970 0.493232
vt 0.653919 0.782251
vt 0.645641 0.792526
vt 0.656126 0.798433
vt 0.663253 0.788470
vt 0.667319 0.806428
vt 0.673898 0.797621
vt 0.678204 0.815500
vt 0.684247 0.806146
vt 0.689312 0.824940
vt 0.694736 0.815105
vt 0.702217 0.836216
vt 0.706747 0.825109
vt 0.716535 0.847391
vt 0.721892 0.837586
vt 0.730083 0.858151
vt 0.736389 0.846476
vt 0.711232 0.860491
vt 0.727042 0.873057
vt 0.705088 0.874102
vt 0.715453 0.882321
vt 0.699577 0.889221
vt 0.714129 0.899920
vt 0.693744 0.904094
vt 0.703451 0.911832
vt 0.687928 0.919728
vt 0.704562 0.932066
vt 0.697190 0.850069
vt 0.691153 0.864333
vt 0.684708 0.878945
vt 0.677920 0.893345
vt 0.670447 0.907208
vt 0.683800 0.839828
vt 0.677195 0.854639
vt 0.670052 0.869215
vt 0.662645 0.883607
vt 0.654748 0.898021
vt 0.671256 0.830621
vt 0.663760 0.845662
vt 0.656036 0.860458
vt 0.648193 0.875109
vt 0.639914 0.890169
vt 0.658917 0.821849
vt 0.650277 0.837040
vt 0.641783 0.852150
vt 0.633307 0.867202
vt 0.624469 0.882385
vt 0.646623 0.813303
vt 0.636054 0.828326
vt 0.626280 0.843597
vt 0.616163 0.859886
vt 0.608755 0.874550
vt 0.635188 0.804579
vt 0.620766 0.819426
vt 0.607527 0.833925
vt 0.599052 0.853280
vt 0.594845 0.867752
vt 0.625113 0.501602
vt 0.605709 0.509529
vt 0.612339 0.521907
vt 0.628444 0.512991
vt 0.587174 0.520959
vt 0.596182 0.532261
vt 0.573054 0.532835
vt 0.582441 0.544592
vt 0.561011 0.544883
vt 0.570046 0.556832
vt 0.549553 0.558186
vt 0.559247 0.570388
vt 0.538502 0.572160
vt 0.547857 0.584575
vt 0.529014 0.584642
vt 0.534616 0.598873
vt 0.329152 0.016481
vt 0.337678 0.003550
vt 0.352070 0.008689
vt 0.345609 0.019394
vt 0.546691 0.614295
vt 0.559386 0.597205
vt 0.561159 0.624625
vt 0.572710 0.607854
vt 0.580048 0.632424
vt 0.588346 0.616149
vt 0.570584 0.582476
vt 0.583158 0.593147
vt 0.596962 0.602031
vt 0.581367 0.569155
vt 0.593034 0.580111
vt 0.605389 0.589545
vt 0.593014 0.556913
vt 0.603356 0.568255
vt 0.614065 0.578248
vt 0.605474 0.545444
vt 0.614172 0.557384
vt 0.622954 0.568021
vt 0.619214 0.535041
vt 0.625614 0.547390
vt 0.632200 0.558750
vt 0.633168 0.525364
vt 0.638114 0.538158
vt 0.642775 0.549606
vt 0.598073 0.636147
vt 0.604378 0.622102
vt 0.616418 0.638173
vt 0.621411 0.626291
vt 0.636554 0.640020
vt 0.639125 0.629978
vt 0.653739 0.642157
vt 0.655803 0.634380
vt 0.611421 0.609174
vt 0.626883 0.614801
vt 0.642658 0.619869
vt 0.658334 0.625159
vt 0.618491 0.597419
vt 0.632127 0.604084
vt 0.646839 0.609887
vt 0.662037 0.615586
vt 0.625459 0.586768
vt 0.637218 0.594158
vt 0.650851 0.600372
vt 0.665915 0.606090
vt 0.632308 0.577153
vt 0.642332 0.584970
vt 0.654091 0.591586
vt 0.669198 0.597026
vt 0.639476 0.568450
vt 0.647160 0.576642
vt 0.657391 0.583598
vt 0.671685 0.588928
vt 0.647439 0.560405
vt 0.651719 0.569138
vt 0.660292 0.577190
vt 0.674580 0.582770
vt 0.689145 0.592001
vt 0.693352 0.583347
vt 0.711836 0.594488
vt 0.719326 0.580676
vt 0.733180 0.599440
vt 0.744687 0.581762
vt 0.752977 0.608740
vt 0.768591 0.589635
vt 0.685910 0.601775
vt 0.705044 0.606748
vt 0.724030 0.613419
vt 0.741223 0.623536
vt 0.681808 0.611761
vt 0.698903 0.617849
vt 0.716129 0.625621
vt 0.731412 0.636469
vt 0.677260 0.621711
vt 0.692910 0.628665
vt 0.708378 0.637314
vt 0.722634 0.648104
vt 0.672929 0.631371
vt 0.687386 0.638637
vt 0.701342 0.647708
vt 0.714709 0.658591
vt 0.669483 0.640335
vt 0.682374 0.647784
vt 0.694589 0.656839
vt 0.707207 0.668071
vt 0.667449 0.647655
vt 0.678619 0.655623
vt 0.687068 0.664278
vt 0.698981 0.677714
vt 0.769527 0.622469
vt 0.788291 0.605687
vt 0.781295 0.639595
vt 0.795084 0.625454
vt 0.794906 0.657194
vt 0.799070 0.647325
vt 0.756618 0.636561
vt 0.770632 0.652154
vt 0.786761 0.668443
vt 0.746090 0.649133
vt 0.760949 0.663909
vt 0.776889 0.679991
vt 0.736316 0.660480
vt 0.751042 0.674823
vt 0.766832 0.690414
vt 0.727688 0.671009
vt 0.740983 0.684835
vt 0.755750 0.698410
vt 0.719059 0.681035
vt 0.730405 0.694036
vt 0.742826 0.705109
vt 0.709338 0.690748
vt 0.720121 0.703030
vt 0.729939 0.710872
vt 0.740439 0.716086
vt 0.755608 0.714565
vt 0.771408 0.710159
vt 0.783840 0.703384
vt 0.793401 0.695872
vt 0.803601 0.685316
vt 0.812246 0.673924
vt 0.819871 0.658916
vt 0.506891 0.260388
vt 0.486013 0.256079
vt 0.496646 0.249850
vt 0.514177 0.247813
vt 0.524839 0.269101
vt 0.530963 0.262236
vt 0.589677 0.430236
vt 0.593818 0.420613
vt 0.602377 0.430242
vt 0.597671 0.445576
vt 0.598700 0.411159
vt 0.607400 0.417291
vt 0.601020 0.401626
vt 0.609872 0.406326
vt 0.600233 0.393428
vt 0.608810 0.394943
vt 0.596467 0.386429
vt 0.606468 0.384717
vt 0.591944 0.381315
vt 0.602170 0.376040
vt 0.586799 0.374569
vt 0.596958 0.367137
vt 0.580628 0.364804
vt 0.590848 0.356430
vt 0.573980 0.351333
vt 0.583263 0.343235
vt 0.564351 0.330786
vt 0.573625 0.325005
vt 0.552214 0.310230
vt 0.560918 0.305545
vt 0.539000 0.289407
vt 0.545733 0.284631
vt 0.373223 0.015850
vt 0.366028 0.026987
vt 0.393812 0.020333
vt 0.385926 0.033340
vt 0.414254 0.027836
vt 0.404734 0.040329
vt 0.412906 0.177087
vt 0.405525 0.165605
vt 0.388929 0.189154
vt 0.381618 0.177238
vt 0.869589 0.330991
vt 0.864062 0.330568
vt 0.859873 0.329565
vt 0.854359 0.329494
vt 0.867780 0.338639
vt 0.862763 0.338331
vt 0.858137 0.337519
vt 0.853379 0.336452
vt 0.867815 0.342279
vt 0.862337 0.342310
vt 0.868908 0.345117
vt 0.862572 0.346157
vt 0.856778 0.342571
vt 0.854627 0.348299
vt 0.851358 0.341884
vt 0.849063 0.348378
vt 0.747425 0.861254
vt 0.751639 0.851331
vt 0.763076 0.862560
vt 0.765774 0.853426
vt 0.778093 0.862397
vt 0.780718 0.854075
vt 0.745401 0.873728
vt 0.761431 0.873157
vt 0.776313 0.872236
vt 0.789236 0.870848
vt 0.791282 0.859770
vt 0.800942 0.870990
vt 0.801918 0.859610
vt 0.813159 0.872400
vt 0.814367 0.862962
vt 0.796195 0.850468
vt 0.803428 0.849394
vt 0.816331 0.855034
vt 0.761812 0.886450
vt 0.775989 0.884163
vt 0.764547 0.900969
vt 0.776801 0.897309
vt 0.788017 0.882331
vt 0.786515 0.895229
vt 0.799250 0.881750
vt 0.797158 0.893776
vt 0.811100 0.881867
vt 0.808328 0.892949
vt 0.746379 0.889638
vt 0.748384 0.907704
vt 0.721681 0.923231
vt 0.731083 0.893872
vt 0.737151 0.913773
vt 0.823193 0.892596
vt 0.824482 0.882470
vt 0.838580 0.893121
vt 0.840093 0.885604
vt 0.826316 0.874312
vt 0.841582 0.878534
vt 0.828057 0.866705
vt 0.843016 0.871740
vt 0.830236 0.859821
vt 0.844191 0.864690
vt 0.854994 0.894430
vt 0.855968 0.887992
vt 0.871868 0.894814
vt 0.871756 0.889948
vt 0.857126 0.882090
vt 0.872624 0.885154
vt 0.858581 0.876348
vt 0.874193 0.880387
vt 0.860332 0.870127
vt 0.876747 0.875131
vt 0.885715 0.896442
vt 0.886035 0.892192
vt 0.898932 0.898117
vt 0.899643 0.894695
vt 0.886819 0.888125
vt 0.900528 0.890927
vt 0.887994 0.883833
vt 0.901378 0.887065
vt 0.889523 0.878049
vt 0.901701 0.880853
vt 0.901697 0.900418
vt 0.903621 0.895995
vt 0.904590 0.902783
vt 0.907286 0.897660
vt 0.904352 0.892475
vt 0.908291 0.893494
vt 0.905268 0.887685
vt 0.909159 0.887957
vt 0.905323 0.881202
vt 0.909683 0.881026
vt 0.177767 0.057132
vt 0.191522 0.059717
vt 0.190276 0.071518
vt 0.176104 0.068752
vt 0.189900 0.082058
vt 0.175104 0.080741
vt 0.189091 0.092110
vt 0.174035 0.091678
vt 0.206973 0.060859
vt 0.205856 0.072608
vt 0.205603 0.082804
vt 0.204708 0.092971
vt 0.224989 0.061454
vt 0.223948 0.071832
vt 0.222701 0.082782
vt 0.221697 0.093453
vt 0.188224 0.101716
vt 0.173049 0.101270
vt 0.187459 0.109671
vt 0.172164 0.109389
vt 0.204078 0.102580
vt 0.203573 0.110096
vt 0.221880 0.102474
vt 0.221965 0.110154
vt 0.186835 0.117533
vt 0.171695 0.117385
vt 0.186287 0.126224
vt 0.171360 0.126593
vt 0.202823 0.117799
vt 0.202017 0.125812
vt 0.221093 0.118298
vt 0.220248 0.126085
vt 0.220307 0.134853
vt 0.201599 0.135064
vt 0.220590 0.143427
vt 0.201614 0.145462
vt 0.185602 0.135604
vt 0.185093 0.146913
vt 0.170826 0.138675
vt 0.171469 0.151530
vt 0.210798 0.537348
vt 0.198842 0.526298
vt 0.178737 0.547915
vt 0.193802 0.557256
vt 0.168452 0.574887
vt 0.187147 0.579677
vt 0.164970 0.597476
vt 0.183980 0.601390
vt 0.166677 0.052490
vt 0.163275 0.062571
vt 0.160312 0.075316
vt 0.158397 0.087276
vt 0.157199 0.098351
vt 0.156428 0.108191
vt 0.156386 0.118003
vt 0.156600 0.128975
vt 0.157612 0.144950
vt 0.161839 0.160282
vt 0.163435 0.620424
vt 0.182583 0.622446
vt 0.245426 0.058997
vt 0.244994 0.068991
vt 0.263666 0.055458
vt 0.264407 0.066027
vt 0.243745 0.080106
vt 0.264097 0.077137
vt 0.242879 0.090623
vt 0.263909 0.087837
vt 0.242627 0.100225
vt 0.263730 0.097975
vt 0.242420 0.109182
vt 0.263316 0.107843
vt 0.241809 0.117970
vt 0.262539 0.117664
vt 0.241365 0.126445
vt 0.261556 0.126846
vt 0.241229 0.134836
vt 0.260757 0.135733
vt 0.240948 0.142899
vt 0.260344 0.143915
vt 0.236797 0.524068
vt 0.224988 0.509987
vt 0.264800 0.514086
vt 0.252729 0.497389
vt 0.281669 0.051032
vt 0.285261 0.061786
vt 0.300776 0.042443
vt 0.305457 0.052249
vt 0.315527 0.031445
vt 0.329935 0.039759
vt 0.285501 0.073170
vt 0.286085 0.084589
vt 0.286187 0.095647
vt 0.285858 0.106597
vt 0.285184 0.117940
vt 0.283896 0.128090
vt 0.281475 0.137720
vt 0.278556 0.148233
vt 0.289419 0.498788
vt 0.278203 0.481343
vt 0.316963 0.426819
vt 0.340294 0.438674
vt 0.300612 0.455715
vt 0.319894 0.470581
vt 0.322353 0.174628
vt 0.337870 0.168676
vt 0.303234 0.158824
vt 0.318295 0.148254
vt 0.306883 0.064991
vt 0.310346 0.077499
vt 0.311061 0.091658
vt 0.311108 0.104954
vt 0.312328 0.117837
vt 0.315082 0.130837
vt 0.337802 0.116554
vt 0.335078 0.102734
vt 0.337070 0.087019
vt 0.396532 0.053018
vt 0.388591 0.066070
vt 0.384107 0.136106
vt 0.393806 0.150348
vt 0.345635 0.128669
vt 0.339052 0.066235
vt 0.366868 0.066129
vt 0.366541 0.159682
vt 0.353908 0.142899
vt 0.325402 0.056832
vt 0.355773 0.043312
vt 0.376881 0.047921
vt 0.305419 0.359155
vt 0.301384 0.381792
vt 0.283053 0.348767
vt 0.274814 0.371353
vt 0.291498 0.409071
vt 0.262853 0.395059
vt 0.275759 0.436181
vt 0.247570 0.418252
vt 0.252230 0.459189
vt 0.225964 0.441902
vt 0.228612 0.478282
vt 0.203556 0.463195
vt 0.204885 0.496210
vt 0.183484 0.484154
vt 0.182226 0.516072
vt 0.163751 0.505730
vt 0.163509 0.539602
vt 0.145781 0.530051
vt 0.151098 0.565097
vt 0.130522 0.556765
vt 0.143889 0.589415
vt 0.119909 0.580412
vt 0.140478 0.614539
vt 0.113173 0.605591
vt 0.031852 0.059596
vt 0.021721 0.061851
vt 0.025917 0.076614
vt 0.035909 0.074464
vt 0.012339 0.063995
vt 0.016729 0.079359
vt 0.027352 0.042986
vt 0.018441 0.044210
vt 0.026453 0.031046
vt 0.019303 0.032320
vt 0.009591 0.047455
vt 0.005978 0.035010
vt 0.058240 0.134387
vt 0.051462 0.118237
vt 0.041756 0.120147
vt 0.047555 0.137409
vt 0.045592 0.103612
vt 0.036170 0.105705
vt 0.040648 0.088876
vt 0.031340 0.090768
vt 0.021633 0.094084
vt 0.024639 0.111327
vt 0.030750 0.125870
vt 0.034419 0.142450
vt 0.051978 0.154490
vt 0.064476 0.150698
vt 0.058313 0.176691
vt 0.071665 0.171587
vt 0.065428 0.198752
vt 0.080033 0.192524
vt 0.072445 0.216385
vt 0.087205 0.208377
vt 0.079489 0.233474
vt 0.095338 0.224045
vt 0.038156 0.159400
vt 0.045333 0.182027
vt 0.051634 0.204661
vt 0.057264 0.224402
vt 0.064588 0.241768
vt 0.091492 0.255429
vt 0.107910 0.242001
vt 0.108389 0.284088
vt 0.129022 0.265820
vt 0.130409 0.305143
vt 0.152916 0.285177
vt 0.073576 0.266706
vt 0.088665 0.295681
vt 0.104480 0.322867
vt 0.162172 0.385052
vt 0.137635 0.386476
vt 0.140464 0.406972
vt 0.170508 0.409798
vt 0.138746 0.436172
vt 0.156129 0.440431
vt 0.129677 0.461400
vt 0.143873 0.465946
vt 0.116657 0.478994
vt 0.128305 0.487259
vt 0.092440 0.499914
vt 0.108288 0.509734
vt 0.126924 0.519608
vt 0.145260 0.495997
vt 0.162531 0.473842
vt 0.178264 0.451107
vt 0.198296 0.425706
vt 0.260210 0.338988
vt 0.251249 0.361077
vt 0.236610 0.328613
vt 0.224584 0.350820
vt 0.208884 0.316083
vt 0.196581 0.341636
vt 0.237116 0.382269
vt 0.212951 0.371160
vt 0.219400 0.403044
vt 0.196276 0.390786
vt 0.189370 0.363165
vt 0.182484 0.379621
vt 0.156779 0.333597
vt 0.159623 0.362979
vt 0.119635 0.344170
vt 0.130815 0.365403
vt 0.179832 0.301465
vt 0.107935 0.545971
vt 0.087467 0.533962
vt 0.067690 0.520613
vt 0.094778 0.571011
vt 0.068360 0.560123
vt 0.039489 0.547398
vt 0.086336 0.598772
vt 0.056166 0.588246
vt 0.020586 0.572774
vt 0.003417 0.604261
vt 0.049688 0.621282
vt 0.002960 0.636720
vt 0.045453 0.649363
vt 0.013808 0.666793
vt 0.051503 0.677886
vt 0.084469 0.633542
vt 0.083435 0.663374
vt 0.085501 0.694053
vt 0.113861 0.640934
vt 0.112095 0.668853
vt 0.111152 0.696882
vt 0.139631 0.644898
vt 0.138323 0.673000
vt 0.135826 0.698527
vt 0.163957 0.646703
vt 0.163125 0.674860
vt 0.159663 0.699208
vt 0.186257 0.649126
vt 0.190234 0.675649
vt 0.185427 0.699148
vt 0.696556 0.295560
vt 0.684946 0.298336
vt 0.679129 0.283061
vt 0.691096 0.280472
vt 0.673429 0.265259
vt 0.684043 0.260898
vt 0.670066 0.246578
vt 0.678843 0.243885
vt 0.663796 0.225517
vt 0.672365 0.224361
vt 0.659869 0.210284
vt 0.670297 0.205607
vt 0.904020 0.619053
vt 0.898461 0.626413
vt 0.886128 0.610877
vt 0.890654 0.605154
vt 0.474356 0.236445
vt 0.488925 0.231638
vt 0.506261 0.232341
vt 0.153519 0.721043
vt 0.176555 0.716003
vt 0.147850 0.743417
vt 0.164920 0.730981
vt 0.132910 0.723819
vt 0.131295 0.752372
vt 0.109921 0.726264
vt 0.109753 0.758983
vt 0.087073 0.717192
vt 0.088181 0.761762
vt 0.063450 0.711761
vt 0.064942 0.761707
vt 0.044518 0.708043
vt 0.043629 0.759790
vt 0.656918 0.197423
vt 0.671894 0.187442
vt 0.886703 0.628248
vt 0.876259 0.614585
vt 0.701900 0.309065
vt 0.689394 0.311311
vt 0.704280 0.317796
vt 0.692693 0.322089
vt 0.705507 0.329109
vt 0.695265 0.332510
vt 0.560527 0.280620
vt 0.573337 0.300891
vt 0.575741 0.276678
vt 0.587283 0.296994
vt 0.592014 0.272526
vt 0.602265 0.293029
vt 0.610001 0.267722
vt 0.618906 0.288494
vt 0.584796 0.319635
vt 0.597571 0.315380
vt 0.611941 0.310983
vt 0.626845 0.305931
vt 0.594169 0.336750
vt 0.606645 0.332262
vt 0.620362 0.327107
vt 0.634237 0.321724
vt 0.624802 0.262633
vt 0.632965 0.282754
vt 0.639963 0.257369
vt 0.647168 0.276581
vt 0.655075 0.251898
vt 0.660730 0.270400
vt 0.640985 0.300412
vt 0.654167 0.293900
vt 0.666895 0.287750
vt 0.647403 0.315440
vt 0.660287 0.309147
vt 0.672921 0.303210
vt 0.601774 0.350632
vt 0.607964 0.362094
vt 0.613772 0.346636
vt 0.619663 0.358702
vt 0.627341 0.341557
vt 0.632889 0.353664
vt 0.640906 0.336095
vt 0.646394 0.348715
vt 0.653277 0.329137
vt 0.658174 0.341356
vt 0.665882 0.322601
vt 0.670018 0.334060
vt 0.677753 0.316217
vt 0.681333 0.327470
vt 0.707573 0.340949
vt 0.697609 0.343510
vt 0.711152 0.347700
vt 0.701595 0.352820
vt 0.716395 0.353540
vt 0.708480 0.361493
vt 0.725379 0.356168
vt 0.721134 0.369169
vt 0.737986 0.358580
vt 0.733037 0.376358
vt 0.233443 0.532383
vt 0.234931 0.548720
vt 0.253297 0.549721
vt 0.255247 0.531252
vt 0.234611 0.566694
vt 0.253078 0.568405
vt 0.231580 0.581305
vt 0.251488 0.583619
vt 0.229240 0.591858
vt 0.249370 0.596681
vt 0.226463 0.603664
vt 0.245998 0.609635
vt 0.223175 0.617487
vt 0.240513 0.622470
vt 0.219456 0.631565
vt 0.234592 0.634512
vt 0.193217 0.705403
vt 0.198786 0.707262
vt 0.202391 0.699640
vt 0.196307 0.698609
vt 0.207550 0.690086
vt 0.200415 0.689480
vt 0.213361 0.681278
vt 0.203882 0.680373
vt 0.218931 0.673034
vt 0.207083 0.671354
vt 0.226011 0.661522
vt 0.211422 0.661439
vt 0.222551 0.652684
vt 0.213678 0.651913
vt 0.228172 0.644769
vt 0.215936 0.641659
vt 0.205023 0.710904
vt 0.208984 0.704010
vt 0.215458 0.696040
vt 0.223272 0.686959
vt 0.271520 0.635130
vt 0.257452 0.628281
vt 0.249851 0.639394
vt 0.262012 0.645541
vt 0.252466 0.655850
vt 0.239609 0.650323
vt 0.238265 0.670166
vt 0.645855 0.968052
vt 0.647047 0.974122
vt 0.651274 0.973144
vt 0.650193 0.967391
vt 0.648651 0.980439
vt 0.652366 0.978870
vt 0.651403 0.988664
vt 0.654891 0.987305
vt 0.658388 0.986204
vt 0.656278 0.977355
vt 0.654924 0.972232
vt 0.653871 0.966992
vt 0.210259 0.729877
vt 0.223022 0.722028
vt 0.230895 0.732749
vt 0.217085 0.740236
vt 0.234347 0.712992
vt 0.243628 0.723275
vt 0.245328 0.701821
vt 0.255295 0.712110
vt 0.254182 0.690269
vt 0.265839 0.700066
vt 0.262592 0.678381
vt 0.277295 0.686468
vt 0.203824 0.745880
vt 0.198964 0.735114
vt 0.190050 0.750444
vt 0.186292 0.740185
vt 0.176533 0.753343
vt 0.174448 0.742942
vt 0.163785 0.754394
vt 0.163055 0.744209
vt 0.132553 0.192335
vt 0.123252 0.188579
vt 0.130519 0.173646
vt 0.139009 0.180919
vt 0.139561 0.153393
vt 0.149707 0.170239
vt 0.145186 0.051983
vt 0.152291 0.042272
vt 0.131680 0.039764
vt 0.139493 0.032658
vt 0.119294 0.028078
vt 0.128325 0.021985
vt 0.110989 0.018176
vt 0.120942 0.013096
vt 0.105556 0.007028
vt 0.115061 0.003589
vt 0.686207 0.246194
vt 0.687311 0.236309
vt 0.703394 0.241046
vt 0.699251 0.251771
vt 0.718478 0.250438
vt 0.712793 0.259468
vt 0.730865 0.259826
vt 0.723373 0.268020
vt 0.741025 0.269774
vt 0.731510 0.276485
vt 0.750444 0.280994
vt 0.740558 0.287569
vt 0.759622 0.293647
vt 0.749067 0.298951
vt 0.767468 0.308764
vt 0.757444 0.313890
vt 0.773875 0.325707
vt 0.763824 0.329326
vt 0.778358 0.344608
vt 0.767240 0.348566
vt 0.783076 0.363810
vt 0.769972 0.367965
vt 0.789901 0.384876
vt 0.778837 0.392102
vt 0.529919 0.245828
vt 0.552288 0.244916
vt 0.562512 0.258463
vt 0.543284 0.259776
vt 0.701331 0.374684
vt 0.692687 0.360863
vt 0.688238 0.380230
vt 0.681826 0.367575
vt 0.676519 0.386080
vt 0.670607 0.373906
vt 0.663965 0.391822
vt 0.658520 0.379858
vt 0.650181 0.397714
vt 0.645885 0.385449
vt 0.637294 0.405597
vt 0.632828 0.390483
vt 0.620795 0.405778
vt 0.620512 0.393316
vt 0.687696 0.349419
vt 0.677128 0.356257
vt 0.665866 0.362835
vt 0.653995 0.368887
vt 0.641645 0.374284
vt 0.629123 0.378979
vt 0.617527 0.382167
vt 0.684447 0.338236
vt 0.673384 0.345081
vt 0.661861 0.352028
vt 0.649864 0.358486
vt 0.637306 0.364084
vt 0.624625 0.368758
vt 0.613200 0.372113
vt 0.749978 0.389848
vt 0.768435 0.387573
vt 0.285767 0.534204
vt 0.276760 0.555770
vt 0.295075 0.562635
vt 0.304645 0.542093
vt 0.272524 0.574887
vt 0.287233 0.583976
vt 0.271967 0.590407
vt 0.289908 0.600239
vt 0.270152 0.603133
vt 0.289597 0.609366
vt 0.280810 0.623225
vt 0.267125 0.616135
vt 0.230782 0.678587
vt 0.660087 0.410773
vt 0.649175 0.415836
vt 0.669311 0.424205
vt 0.656986 0.427423
vt 0.680056 0.440705
vt 0.665410 0.445089
vt 0.671897 0.405087
vt 0.680599 0.418768
vt 0.690562 0.433568
vt 0.683347 0.399411
vt 0.691139 0.413260
vt 0.700358 0.428008
vt 0.693892 0.393818
vt 0.700743 0.407666
vt 0.710605 0.423353
vt 0.704106 0.389506
vt 0.710034 0.402296
vt 0.719317 0.417104
vt 0.725234 0.387666
vt 0.714750 0.379769
vt 0.737489 0.401722
vt 0.728138 0.409420
vt 0.718314 0.396659
vt 0.712445 0.388368
vt 0.026780 0.021053
vt 0.020270 0.020859
vt 0.029907 0.009683
vt 0.017603 0.011246
vt 0.004277 0.025273
vt 0.003215 0.016966
vt 0.185350 0.712298
vt 0.187577 0.717313
vt 0.193587 0.712768
vt 0.189603 0.709763
vt 0.193798 0.719391
vt 0.196182 0.714779
vt 0.201040 0.719720
vt 0.200751 0.715345
vt 0.205611 0.717114
vt 0.205263 0.714342
vt 0.198744 0.711673
vt 0.201416 0.712453
vt 0.667043 0.968124
vt 0.665843 0.963390
vt 0.669166 0.974462
vt 0.681097 0.964548
vt 0.677901 0.958200
vt 0.696150 0.958273
vt 0.693632 0.950953
vt 0.712319 0.950783
vt 0.708980 0.943183
vt 0.726225 0.945247
vt 0.722117 0.936567
vt 0.739351 0.939504
vt 0.735216 0.930266
vt 0.749987 0.931978
vt 0.747069 0.922973
vt 0.757035 0.931234
vt 0.754289 0.922965
vt 0.770291 0.933716
vt 0.769241 0.926945
vt 0.782788 0.921855
vt 0.787922 0.931449
vt 0.800068 0.923128
vt 0.792745 0.912167
vt 0.810871 0.911134
vt 0.803420 0.900838
vt 0.683069 0.972214
vt 0.700911 0.969246
vt 0.717751 0.967554
vt 0.671141 0.982974
vt 0.717438 0.977070
vt 0.700956 0.978018
vt 0.684567 0.980851
vt 0.732774 0.975889
vt 0.733206 0.965586
vt 0.747612 0.976489
vt 0.748530 0.964885
vt 0.758928 0.977530
vt 0.759371 0.964318
vt 0.769960 0.978850
vt 0.771760 0.963954
vt 0.780271 0.980636
vt 0.783503 0.964134
vt 0.793476 0.983553
vt 0.796631 0.964659
vt 0.797761 0.942006
vt 0.814517 0.964473
vt 0.810747 0.938643
vt 0.631601 0.462586
vt 0.632987 0.447362
vt 0.659573 0.456582
vt 0.651091 0.468474
vt 0.755542 0.945717
vt 0.784410 0.944829
vt 0.770176 0.946265
vt 0.614446 0.428569
vt 0.610949 0.437386
vt 0.610007 0.470990
vt 0.605049 0.460173
vt 0.633007 0.418063
vt 0.618665 0.416858
vt 0.811105 0.988746
vt 0.633371 0.429911
vt 0.641974 0.419738
vt 0.644106 0.425691
vt 0.140580 0.095014
vt 0.141544 0.081586
vt 0.123394 0.092543
vt 0.123855 0.076691
vt 0.106029 0.091652
vt 0.102999 0.071767
vt 0.090368 0.094301
vt 0.084442 0.081635
vt 0.139999 0.107376
vt 0.122820 0.106757
vt 0.106135 0.106349
vt 0.092273 0.104282
vt 0.139557 0.119604
vt 0.121288 0.120969
vt 0.102094 0.121859
vt 0.081227 0.118072
vt 0.139170 0.133728
vt 0.119077 0.137651
vt 0.097833 0.142091
vt 0.082391 0.135278
vt 0.801945 0.815369
vt 0.785230 0.816901
vt 0.789663 0.833681
vt 0.804544 0.831003
vt 0.765136 0.822257
vt 0.767635 0.838063
vt 0.820360 0.818297
vt 0.817906 0.831573
vt 0.833579 0.824933
vt 0.827378 0.837523
vt 0.845244 0.833346
vt 0.837269 0.845059
vt 0.856782 0.843114
vt 0.846285 0.852622
vt 0.094845 0.024067
vt 0.078012 0.024572
vt 0.077685 0.010116
vt 0.090851 0.009404
vt 0.361060 0.789850
vt 0.378573 0.782999
vt 0.383765 0.797375
vt 0.365605 0.805899
vt 0.345036 0.797053
vt 0.348262 0.813600
vt 0.326684 0.804124
vt 0.329259 0.822052
vt 0.305439 0.812313
vt 0.312790 0.830501
vt 0.287722 0.824167
vt 0.296204 0.839873
vt 0.272658 0.835470
vt 0.279945 0.850937
vt 0.258941 0.846977
vt 0.263120 0.860758
vt 0.395460 0.775149
vt 0.401738 0.788982
vt 0.243228 0.853802
vt 0.247169 0.864253
vt 0.106437 0.189264
vt 0.109164 0.175406
vt 0.193533 0.766531
vt 0.178642 0.764517
vt 0.171632 0.769230
vt 0.185067 0.780795
vt 0.208355 0.777360
vt 0.199007 0.790318
vt 0.221449 0.785401
vt 0.213757 0.797285
vt 0.227614 0.802366
vt 0.233819 0.790985
vt 0.249200 0.793711
vt 0.245729 0.807493
vt 0.267390 0.794322
vt 0.266267 0.810463
vt 0.287534 0.792096
vt 0.288141 0.809878
vt 0.308129 0.786650
vt 0.311203 0.803791
vt 0.325651 0.778614
vt 0.331012 0.795186
vt 0.340030 0.767313
vt 0.347714 0.784479
vt 0.353950 0.754871
vt 0.362741 0.772110
vt 0.370103 0.741280
vt 0.379326 0.755530
vt 0.382901 0.726851
vt 0.389469 0.743334
vt 0.590954 0.698880
vt 0.599809 0.684547
vt 0.585265 0.678579
vt 0.578781 0.693542
vt 0.608921 0.665891
vt 0.592398 0.661958
vt 0.616221 0.647438
vt 0.599798 0.645266
vt 0.003363 0.776496
vt 0.020429 0.771874
vt 0.021887 0.785848
vt 0.006282 0.793307
vt 0.253789 0.213332
vt 0.272271 0.211438
vt 0.271092 0.196619
vt 0.256725 0.196903
vt 0.047471 0.767115
vt 0.063039 0.768825
vt 0.059345 0.779940
vt 0.049512 0.780640
vt 0.080510 0.778773
vt 0.069575 0.787936
vt 0.095089 0.791001
vt 0.081254 0.799631
vt 0.107505 0.805016
vt 0.094386 0.812210
vt 0.117546 0.819928
vt 0.104332 0.827306
vt 0.126709 0.835265
vt 0.113655 0.843152
vt 0.136669 0.850401
vt 0.123867 0.858729
vt 0.146893 0.866005
vt 0.134125 0.874043
vt 0.158716 0.882317
vt 0.147830 0.890671
vt 0.170669 0.899954
vt 0.161503 0.908951
vt 0.176552 0.908199
vt 0.168645 0.917575
vt 0.183700 0.917334
vt 0.195561 0.930544
vt 0.190337 0.936122
vt 0.176103 0.927525
vt 0.568487 0.672610
vt 0.561201 0.685520
vt 0.552607 0.667593
vt 0.546880 0.679200
vt 0.536263 0.662186
vt 0.532366 0.673602
vt 0.518645 0.656447
vt 0.516502 0.668876
vt 0.500015 0.652951
vt 0.498990 0.665104
vt 0.481904 0.652159
vt 0.482795 0.664542
vt 0.464436 0.654191
vt 0.467432 0.666267
vt 0.448908 0.658495
vt 0.453767 0.670162
vt 0.443291 0.675214
vt 0.436213 0.664697
vt 0.419927 0.673329
vt 0.431579 0.682219
vt 0.403051 0.684779
vt 0.419922 0.691241
vt 0.090008 0.196563
vt 0.090949 0.175441
vt 0.358000 0.430020
vt 0.352177 0.428760
vt 0.355049 0.417917
vt 0.359601 0.419246
vt 0.355215 0.445819
vt 0.346877 0.443776
vt 0.335196 0.925273
vt 0.343060 0.915521
vt 0.355617 0.917224
vt 0.354403 0.929491
vt 0.327158 0.910111
vt 0.337778 0.906516
vt 0.320726 0.929506
vt 0.314309 0.918123
vt 0.373914 0.920254
vt 0.373444 0.932710
vt 0.394889 0.922891
vt 0.392923 0.934007
vt 0.413659 0.922473
vt 0.412180 0.934094
vt 0.432057 0.921024
vt 0.431935 0.933783
vt 0.451719 0.919938
vt 0.452318 0.931464
vt 0.471741 0.914661
vt 0.473129 0.927543
vt 0.492008 0.909463
vt 0.494397 0.920252
vt 0.513923 0.900791
vt 0.515780 0.911616
vt 0.524767 0.898660
vt 0.525785 0.908055
vt 0.537135 0.904775
vt 0.536794 0.896054
vt 0.553315 0.894837
vt 0.554256 0.902236
vt 0.566310 0.898007
vt 0.566736 0.905008
vt 0.206775 0.938216
vt 0.201425 0.942695
vt 0.212791 0.940837
vt 0.207845 0.946934
vt 0.573327 0.899950
vt 0.571922 0.908750
vt 0.264433 0.876709
vt 0.249023 0.874469
vt 0.317379 0.900502
vt 0.329125 0.897131
vt 0.306369 0.893943
vt 0.318377 0.888404
vt 0.294330 0.887387
vt 0.306037 0.880199
vt 0.308528 0.908302
vt 0.292800 0.910767
vt 0.282384 0.903280
vt 0.267363 0.896459
vt 0.280507 0.881920
vt 0.259944 0.889503
vt 0.247551 0.885223
vt 0.281476 0.864170
vt 0.292543 0.872673
vt 0.353238 0.460106
vt 0.343240 0.457093
vt 0.351388 0.475030
vt 0.339237 0.470454
vt 0.349719 0.490301
vt 0.334867 0.483639
vt 0.346948 0.506045
vt 0.330698 0.497537
vt 0.343976 0.522036
vt 0.325749 0.513293
vt 0.341121 0.538610
vt 0.320186 0.529306
vt 0.338401 0.556151
vt 0.314038 0.546728
vt 0.337061 0.573384
vt 0.310146 0.562570
vt 0.327353 0.581185
vt 0.316707 0.577506
vt 0.314295 0.588103
vt 0.304325 0.585338
vt 0.337490 0.589860
vt 0.328962 0.591971
vt 0.339179 0.605945
vt 0.329142 0.608783
vt 0.342734 0.623202
vt 0.328038 0.624520
vt 0.310523 0.606055
vt 0.308591 0.623039
vt 0.298850 0.602610
vt 0.293928 0.618477
vt 0.347339 0.640535
vt 0.328282 0.640805
vt 0.353535 0.657584
vt 0.325481 0.663482
vt 0.306656 0.637034
vt 0.300892 0.653322
vt 0.288393 0.631435
vt 0.282727 0.644339
vt 0.289512 0.670405
vt 0.273629 0.660494
vt 0.360168 0.674114
vt 0.338804 0.684266
vt 0.366859 0.690846
vt 0.348112 0.701998
vt 0.373925 0.708050
vt 0.358966 0.724581
vt 0.209738 0.758348
vt 0.220263 0.768098
vt 0.230334 0.776433
vt 0.237601 0.782610
vt 0.248644 0.781245
vt 0.264475 0.778699
vt 0.281092 0.774504
vt 0.297924 0.768072
vt 0.313874 0.759510
vt 0.328673 0.749041
vt 0.343011 0.737554
vt 0.306600 0.682719
vt 0.291843 0.698174
vt 0.278860 0.711756
vt 0.266861 0.724050
vt 0.254048 0.735448
vt 0.239761 0.744028
vt 0.224932 0.750833
vt 0.320544 0.698822
vt 0.305024 0.712859
vt 0.290887 0.725709
vt 0.332019 0.716438
vt 0.316990 0.729827
vt 0.302361 0.741582
vt 0.277375 0.736886
vt 0.263773 0.746389
vt 0.287696 0.751456
vt 0.272854 0.759383
vt 0.257931 0.765402
vt 0.249473 0.753879
vt 0.234193 0.760806
vt 0.242832 0.770745
vt 0.937510 0.636831
vt 0.918280 0.632119
vt 0.918848 0.615796
vt 0.935018 0.618570
vt 0.915957 0.602982
vt 0.931404 0.602804
vt 0.912382 0.591318
vt 0.927603 0.591292
vt 0.909181 0.579937
vt 0.924112 0.579961
vt 0.905879 0.566541
vt 0.920179 0.566820
vt 0.902888 0.551645
vt 0.917278 0.552247
vt 0.184914 0.157015
vt 0.171301 0.167213
vt 0.187948 0.180982
vt 0.200065 0.168855
vt 0.156389 0.180444
vt 0.172419 0.192528
vt 0.142649 0.191928
vt 0.159462 0.205007
vt 0.129833 0.203894
vt 0.147306 0.217264
vt 0.119223 0.217945
vt 0.135197 0.230119
vt 0.109292 0.233200
vt 0.122865 0.243769
vt 0.581439 0.254005
vt 0.599501 0.247030
vt 0.615876 0.241389
vt 0.632984 0.235346
vt 0.648679 0.230147
vt 0.523676 0.233154
vt 0.546436 0.232618
vt 0.573486 0.240525
vt 0.593230 0.233497
vt 0.567114 0.229017
vt 0.588123 0.222357
vt 0.797749 0.407653
vt 0.787226 0.414737
vt 0.806129 0.429456
vt 0.796117 0.436318
vt 0.935786 0.398554
vt 0.931361 0.407146
vt 0.924881 0.403410
vt 0.927607 0.395674
vt 0.926182 0.420293
vt 0.920488 0.417505
vt 0.923102 0.432518
vt 0.916878 0.430229
vt 0.920109 0.445049
vt 0.913664 0.443029
vt 0.917710 0.457738
vt 0.910582 0.456106
vt 0.916602 0.471178
vt 0.908554 0.469279
vt 0.914985 0.486357
vt 0.906231 0.484583
vt 0.913906 0.501884
vt 0.903549 0.500232
vt 0.913652 0.518606
vt 0.901138 0.517544
vt 0.914835 0.532854
vt 0.900447 0.532152
vt 0.929735 0.389555
vt 0.937185 0.393691
vt 0.354361 0.412178
vt 0.361896 0.414076
vt 0.919848 0.401860
vt 0.922699 0.394164
vt 0.915476 0.416199
vt 0.911303 0.428664
vt 0.907023 0.441396
vt 0.903462 0.453799
vt 0.899403 0.467505
vt 0.882398 0.528353
vt 0.886736 0.514733
vt 0.890922 0.497675
vt 0.895360 0.482388
vt 0.774836 0.544780
vt 0.790355 0.535874
vt 0.799200 0.546958
vt 0.784761 0.558281
vt 0.804755 0.526356
vt 0.812836 0.536126
vt 0.817061 0.516959
vt 0.827604 0.525695
vt 0.828420 0.506360
vt 0.839317 0.512784
vt 0.208563 0.195876
vt 0.217360 0.185152
vt 0.233156 0.208977
vt 0.237276 0.195759
vt 0.032799 0.768353
vt 0.036466 0.782839
vt 0.872629 0.594558
vt 0.879273 0.589776
vt 0.868300 0.587868
vt 0.870847 0.582073
vt 0.888589 0.547259
vt 0.876767 0.546990
vt 0.889391 0.556959
vt 0.890668 0.568355
vt 0.892431 0.580043
vt 0.896683 0.590573
vt 0.903100 0.602808
vt 0.908770 0.612391
vt 0.908283 0.646335
vt 0.937682 0.649553
vt 0.865048 0.601781
vt 0.819744 0.488171
vt 0.811855 0.471660
vt 0.820063 0.465500
vt 0.828211 0.481839
vt 0.803811 0.453971
vt 0.813083 0.447579
vt 0.644475 0.216478
vt 0.641510 0.205296
vt 0.627610 0.222242
vt 0.624377 0.211178
vt 0.610359 0.228240
vt 0.605978 0.216807
vt 0.826889 0.458014
vt 0.831371 0.472398
vt 0.874133 0.559905
vt 0.872576 0.569680
vt 0.884207 0.462996
vt 0.891107 0.450046
vt 0.896960 0.437740
vt 0.903250 0.425396
vt 0.909600 0.412661
vt 0.915344 0.400229
vt 0.917581 0.393563
vt 0.876652 0.475892
vt 0.868768 0.490917
vt 0.862657 0.503014
vt 0.855713 0.516674
vt 0.862422 0.537464
vt 0.845060 0.535164
vt 0.861538 0.549265
vt 0.862895 0.558729
vt 0.860732 0.568242
vt 0.858126 0.577985
vt 0.856724 0.587169
vt 0.838880 0.494410
vt 0.849469 0.497983
vt 0.848346 0.480927
vt 0.858490 0.485604
vt 0.857849 0.468249
vt 0.867329 0.471939
vt 0.867142 0.456068
vt 0.875109 0.459630
vt 0.875160 0.443394
vt 0.881586 0.446930
vt 0.882655 0.431197
vt 0.888295 0.434186
vt 0.889277 0.419047
vt 0.895106 0.421787
vt 0.895498 0.407485
vt 0.901169 0.410059
vt 0.898529 0.381177
vt 0.903782 0.382554
vt 0.903615 0.386297
vt 0.899769 0.385761
vt 0.911001 0.383953
vt 0.910497 0.387416
vt 0.919914 0.384391
vt 0.918841 0.389195
vt 0.925529 0.384128
vt 0.924246 0.389306
vt 0.930260 0.385002
vt 0.900911 0.394310
vt 0.905134 0.395498
vt 0.910397 0.391421
vt 0.839792 0.543386
vt 0.830285 0.535866
vt 0.821859 0.543967
vt 0.809863 0.558147
vt 0.832349 0.554223
vt 0.822204 0.570215
vt 0.796842 0.572761
vt 0.810363 0.587030
vt 0.137546 0.256599
vt 0.153185 0.244858
vt 0.151636 0.271419
vt 0.168071 0.262304
vt 0.167952 0.233816
vt 0.186376 0.251802
vt 0.181998 0.222180
vt 0.204288 0.239387
vt 0.195693 0.209341
vt 0.218617 0.226560
vt 0.834567 0.448155
vt 0.838678 0.461029
vt 0.844306 0.438842
vt 0.848145 0.451330
vt 0.859641 0.443352
vt 0.855555 0.429563
vt 0.867675 0.420696
vt 0.872759 0.435861
vt 0.177724 0.287544
vt 0.189790 0.276571
vt 0.177739 0.270238
vt 0.163293 0.281190
vt 0.202354 0.266152
vt 0.191956 0.258870
vt 0.217346 0.252912
vt 0.209778 0.244917
vt 0.231196 0.239350
vt 0.224661 0.230097
vt 0.242699 0.227582
vt 0.234233 0.222062
vt 0.818021 0.599794
vt 0.827237 0.581942
vt 0.831737 0.594534
vt 0.844740 0.578867
vt 0.844567 0.590391
vt 0.838338 0.564307
vt 0.845361 0.553711
vt 0.850727 0.546331
vt 0.854607 0.557214
vt 0.849492 0.567069
vt 0.456667 0.637924
vt 0.432601 0.641666
vt 0.450264 0.621062
vt 0.432251 0.626849
vt 0.479183 0.635970
vt 0.479709 0.610182
vt 0.499304 0.637792
vt 0.498677 0.617020
vt 0.519340 0.642034
vt 0.521008 0.626387
vt 0.538815 0.648236
vt 0.543176 0.633077
vt 0.557056 0.653051
vt 0.562606 0.637917
vt 0.574727 0.657223
vt 0.581155 0.641693
vt 0.786042 0.800714
vt 0.767334 0.802642
vt 0.786435 0.785074
vt 0.765499 0.777120
vt 0.805209 0.799599
vt 0.808769 0.775964
vt 0.824709 0.804128
vt 0.840969 0.783602
vt 0.839515 0.811720
vt 0.848732 0.800527
vt 0.852478 0.821073
vt 0.868348 0.831044
vt 0.076819 0.041823
vt 0.090047 0.036437
vt 0.104234 0.032079
vt 0.143195 0.066934
vt 0.117042 0.156387
vt 0.112158 0.050850
vt 0.098755 0.043691
vt 0.126918 0.058986
vt 0.101949 0.157570
vt 0.413556 0.802671
vt 0.391323 0.810014
vt 0.429896 0.819595
vt 0.402523 0.824873
vt 0.372160 0.818529
vt 0.380909 0.832160
vt 0.354956 0.827216
vt 0.362620 0.840136
vt 0.336601 0.836064
vt 0.345777 0.848537
vt 0.319578 0.844323
vt 0.328047 0.856757
vt 0.302215 0.853284
vt 0.311058 0.864365
vt 0.418418 0.653651
vt 0.386122 0.663709
vt 0.393948 0.656794
vt 0.386953 0.652662
vt 0.382222 0.657849
vt 0.406329 0.663877
vt 0.385529 0.632228
vt 0.387047 0.644315
vt 0.397062 0.647881
vt 0.405861 0.634447
vt 0.392658 0.672519
vt 0.082982 0.158309
vt 0.075460 0.147017
vt 0.858311 0.810845
vt 0.873284 0.816564
vt 0.821450 0.440350
vt 0.830013 0.432151
vt 0.839801 0.423696
vt 0.850818 0.414834
vt 0.862678 0.406648
vt 0.815005 0.422069
vt 0.823992 0.414636
vt 0.833966 0.406912
vt 0.845198 0.398997
vt 0.857651 0.391968
vt 0.807554 0.401626
vt 0.817378 0.395099
vt 0.827934 0.388391
vt 0.839544 0.381678
vt 0.853853 0.375217
vt 0.799942 0.379999
vt 0.810132 0.375172
vt 0.820800 0.369664
vt 0.831569 0.363749
vt 0.844406 0.358025
vt 0.793344 0.359841
vt 0.803602 0.355672
vt 0.814300 0.351088
vt 0.825785 0.346295
vt 0.838963 0.341778
vt 0.787971 0.340556
vt 0.797963 0.336614
vt 0.808876 0.332334
vt 0.820809 0.327947
vt 0.834619 0.324046
vt 0.783221 0.321751
vt 0.793116 0.317773
vt 0.804264 0.313412
vt 0.815646 0.309373
vt 0.829820 0.305801
vt 0.777962 0.304251
vt 0.788245 0.299625
vt 0.799417 0.294513
vt 0.815484 0.291730
vt 0.830969 0.288373
vt 0.770692 0.288504
vt 0.781716 0.282953
vt 0.793545 0.276537
vt 0.807281 0.269873
vt 0.825939 0.262791
vt 0.761651 0.275138
vt 0.772942 0.268489
vt 0.784660 0.260895
vt 0.797553 0.251968
vt 0.811661 0.241152
vt 0.751187 0.264001
vt 0.762294 0.256041
vt 0.773323 0.247579
vt 0.785067 0.238189
vt 0.797298 0.227539
vt 0.739633 0.253403
vt 0.749308 0.245024
vt 0.759539 0.236066
vt 0.770303 0.226569
vt 0.781458 0.216139
vt 0.723209 0.186045
vt 0.742452 0.197421
vt 0.733391 0.205383
vt 0.713341 0.192744
vt 0.763180 0.206268
vt 0.752758 0.215985
vt 0.724429 0.214302
vt 0.704015 0.201441
vt 0.742923 0.225316
vt 0.716378 0.223929
vt 0.696719 0.210663
vt 0.733859 0.234444
vt 0.709196 0.233395
vt 0.691545 0.222441
vt 0.725805 0.243031
vt 0.095312 0.437336
vt 0.092579 0.452091
vt 0.085505 0.448400
vt 0.088255 0.434359
vt 0.087107 0.465911
vt 0.079805 0.460547
vt 0.078259 0.478611
vt 0.070961 0.471674
vt 0.065308 0.488225
vt 0.059916 0.481873
vt 0.048698 0.492160
vt 0.044579 0.486063
vt 0.029125 0.495541
vt 0.025526 0.488308
vt 0.016075 0.504778
vt 0.013501 0.487763
vt 0.992317 0.217898
vt 0.985055 0.220793
vt 0.985336 0.205690
vt 0.994245 0.203313
vt 0.983755 0.192396
vt 0.991983 0.188785
vt 0.978259 0.178780
vt 0.986266 0.174583
vt 0.934847 0.133794
vt 0.944887 0.145173
vt 0.936011 0.152549
vt 0.927102 0.140095
vt 0.961522 0.153891
vt 0.952819 0.161227
vt 0.975830 0.162482
vt 0.968444 0.167296
vt 0.752869 0.187529
vt 0.737469 0.184586
vt 0.774036 0.194640
vt 0.791522 0.203388
vt 0.808182 0.215152
vt 0.823576 0.227107
vt 0.838867 0.242999
vt 0.745173 0.821236
vt 0.721821 0.810809
vt 0.726091 0.794122
vt 0.749153 0.798345
vt 0.639201 0.772876
vt 0.639762 0.760591
vt 0.663235 0.765808
vt 0.660372 0.776506
vt 0.685482 0.773294
vt 0.679686 0.787305
vt 0.704077 0.784473
vt 0.699051 0.799733
vt 0.190308 0.295641
vt 0.200932 0.285603
vt 0.203547 0.304301
vt 0.212707 0.294127
vt 0.218753 0.313358
vt 0.222879 0.304666
vt 0.212742 0.274171
vt 0.222398 0.283603
vt 0.231052 0.292900
vt 0.225597 0.261317
vt 0.233865 0.270356
vt 0.240108 0.279502
vt 0.238397 0.247975
vt 0.246376 0.255353
vt 0.253935 0.265091
vt 0.258203 0.244912
vt 0.249802 0.236634
vt 0.263331 0.256283
vt 0.630752 0.691447
vt 0.632133 0.709477
vt 0.621749 0.702403
vt 0.621066 0.689637
vt 0.624237 0.724222
vt 0.617655 0.718424
vt 0.627286 0.679195
vt 0.639070 0.681571
vt 0.642796 0.692372
vt 0.612075 0.673308
vt 0.275202 0.244569
vt 0.276000 0.229704
vt 0.307555 0.936790
vt 0.300390 0.925232
vt 0.260010 0.226348
vt 0.701633 0.691362
vt 0.693843 0.701598
vt 0.684957 0.694816
vt 0.690158 0.686840
vt 0.673232 0.690446
vt 0.674530 0.683924
vt 0.656519 0.690584
vt 0.658287 0.682471
vt 0.648797 0.746946
vt 0.669059 0.754158
vt 0.712339 0.712125
vt 0.706960 0.714508
vt 0.718127 0.729104
vt 0.233582 0.886211
vt 0.234090 0.872336
vt 0.215402 0.885638
vt 0.215410 0.871651
vt 0.196787 0.884737
vt 0.199595 0.870899
vt 0.180688 0.882029
vt 0.185129 0.869448
vt 0.166769 0.876873
vt 0.170969 0.868110
vt 0.158514 0.871131
vt 0.157131 0.865666
vt 0.167758 0.858810
vt 0.170406 0.862763
vt 0.587849 0.809760
vt 0.579460 0.805768
vt 0.581467 0.786634
vt 0.589896 0.790325
vt 0.187525 0.861924
vt 0.188928 0.855615
vt 0.201269 0.863043
vt 0.200235 0.855746
vt 0.216827 0.863779
vt 0.216786 0.855566
vt 0.232786 0.863862
vt 0.231452 0.854971
vt 0.614966 0.734854
vt 0.609120 0.730780
vt 0.598349 0.745842
vt 0.595130 0.740755
vt 0.577823 0.750699
vt 0.579742 0.742110
vt 0.566167 0.742083
vt 0.571084 0.734719
vt 0.559813 0.729663
vt 0.566222 0.723021
vt 0.618460 0.741730
vt 0.602011 0.751081
vt 0.620690 0.749026
vt 0.605189 0.757747
vt 0.575384 0.761125
vt 0.579358 0.769446
vt 0.565491 0.774048
vt 0.561323 0.764627
vt 0.548769 0.776490
vt 0.546265 0.768410
vt 0.543576 0.759993
vt 0.555292 0.755439
vt 0.624403 0.773838
vt 0.624335 0.764415
vt 0.608312 0.776933
vt 0.607273 0.768940
vt 0.593318 0.782704
vt 0.587138 0.775925
vt 0.632889 0.741236
vt 0.629399 0.733073
vt 0.644131 0.733694
vt 0.638954 0.724007
vt 0.688618 0.762958
vt 0.706505 0.770452
vt 0.721805 0.776969
vt 0.735705 0.777539
vt 0.716610 0.763398
vt 0.732693 0.761455
vt 0.711748 0.748953
vt 0.724586 0.745493
vt 0.703841 0.734847
vt 0.693760 0.719970
vt 0.683041 0.708831
vt 0.676426 0.703377
vt 0.668789 0.698288
vt 0.658425 0.701099
vt 0.645416 0.704936
vt 0.667125 0.718604
vt 0.677140 0.728749
vt 0.660415 0.737247
vt 0.654217 0.726949
vt 0.662797 0.710667
vt 0.649393 0.716828
vt 0.690361 0.740886
vt 0.701045 0.751351
vt 0.678118 0.747227
vt 0.693138 0.755891
vt 0.707440 0.758891
vt 0.702582 0.762004
vt 0.528866 0.780182
vt 0.527138 0.774568
vt 0.507395 0.784856
vt 0.505859 0.780722
vt 0.487666 0.789869
vt 0.486126 0.786728
vt 0.526349 0.767332
vt 0.505720 0.775678
vt 0.485969 0.782651
vt 0.469528 0.795008
vt 0.467725 0.791709
vt 0.451335 0.800530
vt 0.450332 0.797256
vt 0.467792 0.788849
vt 0.450077 0.794155
vt 0.562562 0.749433
vt 0.554938 0.736043
vt 0.548603 0.743108
vt 0.539496 0.750513
vt 0.521275 0.759119
vt 0.503248 0.769134
vt 0.484944 0.776238
vt 0.467511 0.783097
vt 0.449370 0.788556
vt 0.528886 0.790394
vt 0.509256 0.791521
vt 0.489103 0.795536
vt 0.470643 0.799927
vt 0.452731 0.804282
vt 0.528441 0.800696
vt 0.510286 0.798589
vt 0.491796 0.800994
vt 0.472009 0.805284
vt 0.453958 0.808607
vt 0.547032 0.789169
vt 0.547003 0.805076
vt 0.561742 0.790442
vt 0.560148 0.809652
vt 0.445184 0.780399
vt 0.462689 0.775387
vt 0.464715 0.777817
vt 0.448290 0.783573
vt 0.480579 0.766944
vt 0.482894 0.770680
vt 0.497221 0.759029
vt 0.499634 0.762619
vt 0.513702 0.749724
vt 0.516828 0.754708
vt 0.528570 0.737050
vt 0.532517 0.742219
vt 0.537919 0.726945
vt 0.543502 0.733374
vt 0.544799 0.719347
vt 0.549490 0.726198
vt 0.569282 0.814773
vt 0.572177 0.799219
vt 0.429629 0.797170
vt 0.428735 0.794837
vt 0.437130 0.789505
vt 0.439104 0.793060
vt 0.427058 0.792861
vt 0.434437 0.785258
vt 0.432338 0.809792
vt 0.432142 0.807249
vt 0.442306 0.806091
vt 0.442613 0.810387
vt 0.431600 0.804658
vt 0.442057 0.802809
vt 0.431083 0.802146
vt 0.441799 0.799800
vt 0.430393 0.799710
vt 0.440951 0.796978
vt 0.004486 0.005847
vt 0.004544 0.005118
vt 0.002970 0.004649
vt 0.002997 0.007124
vt 0.005190 0.004556
vt 0.004555 0.002970
vt 0.005989 0.004624
vt 0.006938 0.003009
vt 0.006220 0.005348
vt 0.008244 0.005019
vt 0.005854 0.006036
vt 0.007508 0.007340
vt 0.005091 0.006231
vt 0.005239 0.008181
vt 0.428815 0.806402
vt 0.428816 0.804588
vt 0.428506 0.802594
vt 0.427548 0.800846
vt 0.426688 0.799386
vt 0.425732 0.797895
vt 0.424638 0.796676
vt 0.428309 0.808076
vt 0.005558 0.005310
vt 0.005079 0.005566
vt 0.555117 0.720944
vt 0.561674 0.714167
vt 0.551780 0.713601
vt 0.559750 0.708751
vt 0.585594 0.821908
vt 0.576646 0.819871
vt 0.988465 0.225632
vt 0.987657 0.231445
vt 0.977774 0.231546
vt 0.980363 0.224913
vt 0.091905 0.422805
vt 0.093648 0.428576
vt 0.084990 0.428633
vt 0.082722 0.421831
vt 0.987978 0.238300
vt 0.982503 0.238592
vt 0.989807 0.245304
vt 0.987128 0.245342
vt 0.088281 0.414271
vt 0.094091 0.416231
vt 0.093994 0.408679
vt 0.096617 0.409099
vt 0.988042 0.252597
vt 0.981779 0.251924
vt 0.986084 0.260261
vt 0.977150 0.259906
vt 0.090750 0.401028
vt 0.096513 0.401464
vt 0.087116 0.392881
vt 0.095856 0.393410
vt 0.986659 0.268928
vt 0.980981 0.269571
vt 0.988053 0.277479
vt 0.985518 0.277229
vt 0.092029 0.383125
vt 0.098854 0.385182
vt 0.098619 0.376493
vt 0.101013 0.376403
vt 0.982356 0.285869
vt 0.974051 0.282214
vt 0.978276 0.294996
vt 0.965545 0.291812
vt 0.090546 0.368749
vt 0.098251 0.367540
vt 0.083414 0.356723
vt 0.096610 0.357335
vt 0.979770 0.308561
vt 0.968878 0.307227
vt 0.976089 0.321945
vt 0.974181 0.320388
vt 0.090260 0.343817
vt 0.100399 0.344216
vt 0.098836 0.331281
vt 0.101228 0.329807
vt 0.089677 0.319105
vt 0.091524 0.317488
vt 0.945805 0.337436
vt 0.935903 0.326184
vt 0.953789 0.314375
vt 0.962093 0.329101
vt 0.963174 0.331136
vt 0.947281 0.339468
vt 0.932288 0.345698
vt 0.921297 0.337079
vt 0.076049 0.307388
vt 0.078099 0.305363
vt 0.061869 0.320650
vt 0.049694 0.306122
vt 0.064596 0.296726
vt 0.077601 0.332970
vt 0.933684 0.347248
vt 0.045214 0.278652
vt 0.046661 0.276655
vt 0.066000 0.294964
vt 0.909988 0.328019
vt 0.902331 0.354471
vt 0.894426 0.351160
vt 0.884742 0.371191
vt 0.878411 0.368111
vt 0.911018 0.360705
vt 0.909287 0.359189
vt 0.891147 0.375359
vt 0.890000 0.373723
vt 0.879033 0.382469
vt 0.878231 0.380460
vt 0.028775 0.259679
vt 0.027037 0.261543
vt 0.016324 0.251789
vt 0.017895 0.250270
vt 0.009122 0.248927
vt 0.009907 0.247008
vt 0.002958 0.248511
vt 0.003456 0.246186
vt 0.871285 0.385028
vt 0.871049 0.382918
vt 0.864901 0.384989
vt 0.865738 0.382612
vt 0.077658 0.067368
vt 0.068764 0.056157
vt 0.088810 0.056073
vt 0.351287 0.905463
vt 0.368349 0.905061
vt 0.387861 0.903047
vt 0.343264 0.894333
vt 0.360079 0.890825
vt 0.378881 0.886230
vt 0.333108 0.884007
vt 0.349840 0.878642
vt 0.366469 0.873277
vt 0.321878 0.874180
vt 0.338634 0.867703
vt 0.356353 0.860092
vt 0.027038 0.805066
vt 0.010776 0.812029
vt 0.032569 0.822963
vt 0.014776 0.830224
vt 0.042902 0.799197
vt 0.049118 0.816031
vt 0.057161 0.793763
vt 0.065895 0.807818
vt 0.033759 0.842384
vt 0.018528 0.848940
vt 0.050401 0.843026
vt 0.075899 0.822161
vt 0.184020 0.945256
vt 0.170097 0.937808
vt 0.176306 0.953955
vt 0.161337 0.947682
vt 0.194997 0.949417
vt 0.187675 0.957399
vt 0.203272 0.956191
vt 0.197422 0.960844
vt 0.566682 0.888141
vt 0.576800 0.888829
vt 0.567798 0.874396
vt 0.576882 0.880185
vt 0.554218 0.882863
vt 0.554535 0.866182
vt 0.538355 0.879777
vt 0.538758 0.862132
vt 0.514675 0.883303
vt 0.525946 0.881678
vt 0.514735 0.863981
vt 0.526078 0.863007
vt 0.491774 0.890059
vt 0.490830 0.869958
vt 0.471051 0.895392
vt 0.469220 0.875865
vt 0.161443 0.929045
vt 0.153116 0.921412
vt 0.151735 0.939888
vt 0.143145 0.932766
vt 0.137757 0.902506
vt 0.127467 0.914078
vt 0.123581 0.884354
vt 0.113424 0.894615
vt 0.111804 0.867825
vt 0.101001 0.875902
vt 0.450923 0.899374
vt 0.451032 0.880450
vt 0.408346 0.901311
vt 0.401731 0.878949
vt 0.429475 0.900755
vt 0.426814 0.881149
vt 0.099499 0.852303
vt 0.085688 0.860183
vt 0.087181 0.837349
vt 0.068724 0.851210
vt 0.382437 0.866385
vt 0.370920 0.853155
vt 0.915023 0.804692
vt 0.908992 0.823148
vt 0.921219 0.831867
vt 0.931604 0.817107
vt 0.933494 0.840586
vt 0.946483 0.827970
vt 0.901558 0.836303
vt 0.912894 0.843484
vt 0.922512 0.849407
vt 0.893657 0.847776
vt 0.905605 0.852119
vt 0.912286 0.858458
vt 0.574232 0.864215
vt 0.580115 0.869121
vt 0.578725 0.852169
vt 0.586010 0.861681
vt 0.563728 0.854614
vt 0.567533 0.841621
vt 0.548398 0.847743
vt 0.551743 0.832411
vt 0.524553 0.839785
vt 0.535826 0.843684
vt 0.531133 0.820716
vt 0.541032 0.826310
vt 0.500335 0.838603
vt 0.505592 0.812291
vt 0.476797 0.841045
vt 0.479846 0.810352
vt 0.456304 0.846037
vt 0.457612 0.814475
vt 0.429617 0.849891
vt 0.916639 0.790114
vt 0.938797 0.807132
vt 0.945587 0.798287
vt 0.918021 0.777112
vt 0.956217 0.818146
vt 0.965132 0.809182
vt 0.952505 0.773561
vt 0.916128 0.749224
vt 0.979539 0.784685
vt 0.955986 0.746572
vt 0.914222 0.722744
vt 0.989289 0.758878
vt 0.958244 0.720386
vt 0.914155 0.699006
vt 0.992961 0.731555
vt 0.958836 0.697278
vt 0.921709 0.677565
vt 0.993735 0.708642
vt 0.817972 0.611914
vt 0.823437 0.624383
vt 0.831490 0.618778
vt 0.825914 0.611068
vt 0.826919 0.641870
vt 0.840307 0.637239
vt 0.826450 0.663209
vt 0.844910 0.661612
vt 0.825463 0.677598
vt 0.824151 0.690527
vt 0.844580 0.692189
vt 0.844460 0.677693
vt 0.815830 0.718571
vt 0.836844 0.725087
vt 0.838457 0.615923
vt 0.832516 0.607500
vt 0.845607 0.614217
vt 0.840049 0.605013
vt 0.847776 0.634689
vt 0.855026 0.631944
vt 0.856325 0.660592
vt 0.867433 0.659498
vt 0.861519 0.693188
vt 0.858775 0.677757
vt 0.877165 0.693053
vt 0.872233 0.677189
vt 0.859916 0.726130
vt 0.878762 0.728651
vt 0.391255 0.471020
vt 0.385897 0.471468
vt 0.384136 0.486966
vt 0.393773 0.483431
vt 0.385701 0.501598
vt 0.397403 0.496995
vt 0.387840 0.520472
vt 0.403288 0.514236
vt 0.408153 0.527447
vt 0.391739 0.535177
vt 0.394477 0.548690
vt 0.412479 0.539418
vt 0.406286 0.570209
vt 0.426190 0.563865
vt 0.380942 0.553903
vt 0.389448 0.577315
vt 0.365920 0.558314
vt 0.372240 0.585214
vt 0.379618 0.539236
vt 0.366284 0.542587
vt 0.377797 0.503019
vt 0.377258 0.523040
vt 0.369078 0.503683
vt 0.365791 0.525154
vt 0.379005 0.487451
vt 0.372632 0.486903
vt 0.381332 0.471813
vt 0.375804 0.472333
vt 0.991876 0.687504
vt 0.964272 0.672807
vt 0.934613 0.662028
vt 0.984003 0.639882
vt 0.966310 0.640950
vt 0.967657 0.656524
vt 0.989219 0.662579
vt 0.950156 0.647402
vt 0.406601 0.850208
vt 0.384975 0.849659
vt 0.787062 0.758297
vt 0.825863 0.750042
vt 0.803014 0.742055
vt 0.849296 0.755226
vt 0.379234 0.605892
vt 0.400536 0.597632
vt 0.383370 0.619619
vt 0.412158 0.617936
vt 0.420999 0.590288
vt 0.436106 0.607438
vt 0.441842 0.584537
vt 0.461425 0.600129
vt 0.361896 0.503558
vt 0.357098 0.524834
vt 0.353364 0.503452
vt 0.349978 0.524250
vt 0.365430 0.486991
vt 0.357772 0.487185
vt 0.367394 0.472775
vt 0.358212 0.470665
vt 0.356414 0.541523
vt 0.355397 0.556594
vt 0.348715 0.541164
vt 0.346690 0.556300
vt 0.360569 0.586860
vt 0.349974 0.588508
vt 0.368706 0.608700
vt 0.358220 0.611708
vt 0.373511 0.622377
vt 0.363284 0.623705
vt 0.852858 0.610064
vt 0.847185 0.600707
vt 0.860104 0.606468
vt 0.854306 0.596150
vt 0.862531 0.627197
vt 0.870765 0.622616
vt 0.875632 0.653000
vt 0.884447 0.646793
vt 0.874765 0.757176
vt 0.873149 0.779154
vt 0.871423 0.793344
vt 0.873761 0.801809
vt 0.880300 0.805623
vt 0.886690 0.819425
vt 0.890029 0.807869
vt 0.902846 0.819644
vt 0.898395 0.807055
vt 0.915420 0.146235
vt 0.927503 0.157150
vt 0.922029 0.162839
vt 0.915259 0.158625
vt 0.069391 0.989791
vt 0.073841 0.982050
vt 0.060397 0.982483
vt 0.060484 0.991082
vt 0.071653 0.131864
vt 0.070665 0.124478
vt 0.069005 0.140454
vt 0.867028 0.374565
vt 0.873273 0.364298
vt 0.871551 0.376505
vt 0.882979 0.347219
vt 0.894464 0.321028
vt 0.892177 0.691589
vt 0.884390 0.673236
vt 0.903068 0.690202
vt 0.893913 0.669713
vt 0.894244 0.729228
vt 0.908924 0.730138
vt 0.904611 0.297368
vt 0.914655 0.276905
vt 0.933725 0.278983
vt 0.923437 0.308019
vt 0.922209 0.236895
vt 0.937503 0.236538
vt 0.890508 0.757042
vt 0.906561 0.757734
vt 0.888241 0.779018
vt 0.903018 0.779385
vt 0.921221 0.185769
vt 0.930131 0.186054
vt 0.935138 0.209851
vt 0.922450 0.208377
vt 0.885053 0.792548
vt 0.900980 0.792605
vt 0.919010 0.172514
vt 0.926409 0.171946
vt 0.003183 0.254801
vt 0.008130 0.254496
vt 0.014616 0.270695
vt 0.007871 0.273128
vt 0.022998 0.286491
vt 0.012549 0.292399
vt 0.035854 0.315409
vt 0.018401 0.316870
vt 0.023395 0.336997
vt 0.043819 0.336925
vt 0.045850 0.355543
vt 0.028519 0.354861
vt 0.018359 0.436479
vt 0.023298 0.421551
vt 0.034945 0.421042
vt 0.028691 0.439726
vt 0.030472 0.393133
vt 0.042329 0.392229
vt 0.375322 0.632730
vt 0.366102 0.633192
vt 0.023985 0.453296
vt 0.015524 0.448190
vt 0.376394 0.644198
vt 0.368864 0.645966
vt 0.017622 0.466966
vt 0.010605 0.462722
vt 0.010407 0.476556
vt 0.003432 0.477589
vt 0.374575 0.659545
vt 0.935899 0.167740
vt 0.048426 0.983405
vt 0.051598 0.992016
vt 0.084750 0.982161
vt 0.095186 0.977739
vt 0.089574 0.969761
vt 0.078563 0.979556
vt 0.102726 0.971073
vt 0.098054 0.961891
vt 0.075730 0.979688
vt 0.072150 0.969004
vt 0.065247 0.971406
vt 0.068645 0.959154
vt 0.059861 0.960106
vt 0.078667 0.965689
vt 0.075783 0.953650
vt 0.056049 0.973579
vt 0.050862 0.964703
vt 0.044351 0.975758
vt 0.040305 0.968188
vt 0.086779 0.959996
vt 0.085293 0.950952
vt 0.096329 0.951741
vt 0.096023 0.944213
vt 0.040594 0.983979
vt 0.043015 0.990994
vt 0.036787 0.977178
vt 0.032344 0.969889
vt 0.032882 0.984595
vt 0.034874 0.991337
vt 0.029803 0.978359
vt 0.025568 0.971502
vt 0.024911 0.983505
vt 0.026807 0.988654
vt 0.022491 0.978301
vt 0.018568 0.971323
vt 0.107692 0.966456
vt 0.104895 0.958681
vt 0.103094 0.950338
vt 0.101963 0.941721
vt 0.111885 0.962796
vt 0.109792 0.955933
vt 0.108529 0.948389
vt 0.107684 0.939778
vt 0.116733 0.958787
vt 0.114307 0.954081
vt 0.112997 0.947321
vt 0.112947 0.939031
vt 0.066288 0.952405
vt 0.061574 0.954485
vt 0.058790 0.949644
vt 0.064349 0.946521
vt 0.062373 0.939300
vt 0.056552 0.941763
vt 0.058651 0.929963
vt 0.054294 0.931132
vt 0.070750 0.950338
vt 0.070125 0.944849
vt 0.067302 0.937574
vt 0.063420 0.928054
vt 0.069591 0.934036
vt 0.066990 0.927324
vt 0.049855 0.933497
vt 0.051467 0.940643
vt 0.047438 0.923914
vt 0.044354 0.928906
vt 0.067137 0.921097
vt 0.062391 0.919002
vt 0.077615 0.938702
vt 0.076600 0.936110
vt 0.048283 0.945766
vt 0.050527 0.948964
vt 0.073721 0.917521
vt 0.072071 0.914124
vt 0.036441 0.927808
vt 0.037420 0.931540
vt 0.041711 0.948301
vt 0.041500 0.952507
vt 0.084650 0.936206
vt 0.082349 0.933619
vt 0.090034 0.926739
vt 0.085171 0.926906
vt 0.083930 0.915757
vt 0.081517 0.919550
vt 0.026863 0.938853
vt 0.032555 0.938837
vt 0.030211 0.951184
vt 0.034875 0.946412
vt 0.055178 0.921156
vt 0.095200 0.922521
vt 0.091299 0.914753
vt 0.019643 0.941268
vt 0.022801 0.952200
vt 0.034495 0.960589
vt 0.046009 0.959222
vt 0.093762 0.935291
vt 0.085651 0.941424
vt 0.052274 0.954519
vt 0.078900 0.944318
vt 0.027227 0.961846
vt 0.099486 0.932454
vt 0.106317 0.929725
vt 0.114257 0.924320
vt 0.103915 0.919452
vt 0.113339 0.915356
vt 0.099524 0.911080
vt 0.108290 0.907383
vt 0.019747 0.963678
vt 0.010884 0.964944
vt 0.015299 0.954144
vt 0.006065 0.957509
vt 0.012577 0.942677
vt 0.004174 0.944045
vt 0.587730 0.865891
vt 0.584496 0.870265
vt 0.589333 0.869961
vt 0.584282 0.875595
vt 0.591196 0.875329
vt 0.586065 0.881908
vt 0.591937 0.882599
vt 0.588204 0.887712
vt 0.593464 0.888665
vt 0.590255 0.892084
vt 0.596948 0.897616
vt 0.593773 0.900849
vt 0.902538 0.855760
vt 0.907735 0.861093
vt 0.898266 0.857427
vt 0.902146 0.863440
vt 0.194290 0.975994
vt 0.195552 0.969822
vt 0.202727 0.967555
vt 0.200054 0.974648
vt 0.210043 0.964593
vt 0.210558 0.970236
vt 0.216757 0.962611
vt 0.217136 0.967991
vt 0.223742 0.960122
vt 0.223893 0.965831
vt 0.210994 0.956107
vt 0.216791 0.955671
vt 0.224125 0.955445
vt 0.582062 0.894871
vt 0.586222 0.900023
vt 0.589866 0.905295
vt 0.214310 0.948429
vt 0.218561 0.942210
vt 0.220310 0.949034
vt 0.223448 0.942569
vt 0.226410 0.949565
vt 0.229211 0.943965
vt 0.588427 0.911727
vt 0.583659 0.908038
vt 0.586814 0.918461
vt 0.581410 0.914946
vt 0.578841 0.903808
vt 0.576870 0.912309
vt 0.058482 0.905222
vt 0.051180 0.907337
vt 0.053171 0.891535
vt 0.046222 0.893772
vt 0.047201 0.878410
vt 0.041489 0.880774
vt 0.043781 0.871691
vt 0.038697 0.874314
vt 0.044294 0.909691
vt 0.040675 0.896107
vt 0.035817 0.883184
vt 0.034018 0.876408
vt 0.027899 0.877303
vt 0.029003 0.885319
vt 0.020881 0.875881
vt 0.019950 0.885685
vt 0.031897 0.900277
vt 0.023523 0.904624
vt 0.034652 0.915456
vt 0.026144 0.922130
vt 0.066983 0.903084
vt 0.075514 0.902304
vt 0.060307 0.889649
vt 0.067978 0.887385
vt 0.053069 0.876142
vt 0.059355 0.872169
vt 0.048443 0.869966
vt 0.052852 0.865501
vt 0.083000 0.899336
vt 0.073772 0.882521
vt 0.064473 0.870344
vt 0.635292 0.931926
vt 0.633681 0.929027
vt 0.634665 0.926738
vt 0.637811 0.925198
vt 0.018974 0.923101
vt 0.016646 0.903377
vt 0.014420 0.882661
vt 0.089164 0.896389
vt 0.095382 0.893341
vt 0.078045 0.880048
vt 0.082447 0.877628
vt 0.069922 0.869066
vt 0.073827 0.866204
vt 0.011940 0.924349
vt 0.005057 0.925342
vt 0.012058 0.904263
vt 0.007484 0.905078
vt 0.010360 0.884604
vt 0.006859 0.885816
vt 0.606604 0.908587
vt 0.605109 0.912705
vt 0.603697 0.916990
vt 0.602365 0.921209
vt 0.600991 0.925432
vt 0.621888 0.917610
vt 0.620770 0.921223
vt 0.620019 0.924935
vt 0.619152 0.928552
vt 0.618302 0.932175
vt 0.635461 0.936155
vt 0.275587 0.961262
vt 0.271912 0.963881
vt 0.259010 0.956822
vt 0.260354 0.953814
vt 0.268792 0.964452
vt 0.257591 0.959945
vt 0.267877 0.966085
vt 0.257169 0.962699
vt 0.268796 0.967962
vt 0.256083 0.966290
vt 0.242722 0.951720
vt 0.243955 0.946934
vt 0.241002 0.956030
vt 0.240173 0.959977
vt 0.238906 0.964268
vt 0.040690 0.027786
vt 0.042455 0.031105
vt 0.039354 0.035364
vt 0.037072 0.031286
vt 0.058826 0.042792
vt 0.057938 0.037873
vt 0.061662 0.035029
vt 0.063423 0.039748
vt 0.045521 0.034348
vt 0.042612 0.038843
vt 0.049530 0.036907
vt 0.047728 0.042931
vt 0.053841 0.038306
vt 0.052988 0.044106
vt 0.280696 0.962837
vt 0.277936 0.966647
vt 0.286019 0.966141
vt 0.282364 0.969689
vt 0.641473 0.933265
vt 0.640992 0.937547
vt 0.646833 0.933043
vt 0.647528 0.937693
vt 0.069480 0.041548
vt 0.061639 0.048510
vt 0.052763 0.050101
vt 0.045108 0.048559
vt 0.038184 0.043508
vt 0.033033 0.037958
vt 0.032442 0.028194
vt 0.036551 0.019519
vt 0.070354 0.032808
vt 0.876642 0.376913
vt 0.051184 0.014585
vt 0.056429 0.015326
vt 0.055225 0.020787
vt 0.051230 0.019870
vt 0.013348 0.255311
vt 0.021937 0.268011
vt 0.060622 0.017507
vt 0.059354 0.023332
vt 0.056476 0.028340
vt 0.053760 0.027264
vt 0.064197 0.027430
vt 0.059647 0.031805
vt 0.044157 0.020646
vt 0.045272 0.026213
vt 0.050801 0.026100
vt 0.048094 0.030453
vt 0.051515 0.031963
vt 0.054958 0.033373
vt 0.057606 0.034528
vt 0.045094 0.029652
vt 0.016228 0.874070
vt 0.057934 0.861429
vt 0.064951 0.861352
vt 0.039160 0.011423
vt 0.045262 0.014379
vt 0.065957 0.021022
vt 0.071994 0.022224
vt 0.009359 0.877755
vt 0.051285 0.009135
vt 0.058021 0.009612
vt 0.063316 0.012526
vt 0.066882 0.016349
vt 0.071517 0.015599
vt 0.004016 0.880292
vt 0.046165 0.010087
vt 0.042117 0.006758
vt 0.069827 0.859687
vt 0.275160 0.970141
vt 0.279381 0.971938
vt 0.642587 0.928118
vt 0.646515 0.929257
vt 0.034049 0.284742
vt 0.946692 0.282195
vt 0.948230 0.296353
vt 0.067845 0.346152
vt 0.062758 0.365673
vt 0.058202 0.391163
vt 0.949956 0.254318
vt 0.962797 0.277995
vt 0.960746 0.261767
vt 0.971843 0.274262
vt 0.970021 0.262923
vt 0.085385 0.381125
vt 0.080640 0.393227
vt 0.076277 0.374379
vt 0.071956 0.392330
vt 0.082917 0.404430
vt 0.074609 0.408568
vt 0.975139 0.248173
vt 0.967207 0.245042
vt 0.056164 0.413832
vt 0.057037 0.433704
vt 0.954417 0.223281
vt 0.956462 0.240436
vt 0.949531 0.205748
vt 0.942185 0.183369
vt 0.962563 0.178781
vt 0.970309 0.194571
vt 0.975738 0.209160
vt 0.072606 0.441636
vt 0.054053 0.470506
vt 0.063054 0.456172
vt 0.045260 0.453351
vt 0.036791 0.469832
vt 0.969010 0.014954
vt 0.968130 0.012503
vt 0.964058 0.016931
vt 0.965755 0.018124
vt 0.962843 0.023105
vt 0.964901 0.022818
vt 0.966120 0.028745
vt 0.967534 0.026855
vt 0.972686 0.029433
vt 0.972339 0.027519
vt 0.977584 0.025769
vt 0.976124 0.024675
vt 0.978677 0.018901
vt 0.976933 0.019560
vt 0.975143 0.013126
vt 0.974129 0.015374
vt 0.972922 0.017777
vt 0.969911 0.017431
vt 0.967750 0.019484
vt 0.967095 0.022495
vt 0.969366 0.024322
vt 0.971970 0.025220
vt 0.973790 0.023044
vt 0.974847 0.020186
vt 0.075701 0.933992
vt 0.071599 0.931349
vt 0.080378 0.931557
vt 0.081033 0.927082
vt 0.079535 0.922694
vt 0.075120 0.920301
vt 0.070979 0.922899
vt 0.069996 0.926837
vt 0.319853 0.007325
vt 0.322345 0.006457
vt 0.323788 0.012049
vt 0.320874 0.011262
vt 0.319801 0.017533
vt 0.318279 0.014952
vt 0.314666 0.018222
vt 0.314582 0.015351
vt 0.309055 0.014835
vt 0.310989 0.013053
vt 0.307398 0.007827
vt 0.309940 0.008417
vt 0.311073 0.002958
vt 0.312299 0.005136
vt 0.317708 0.002951
vt 0.316678 0.004903
vt 0.036875 0.938897
vt 0.038432 0.942795
vt 0.042010 0.945166
vt 0.046634 0.943380
vt 0.047612 0.939954
vt 0.046625 0.935454
vt 0.042201 0.932630
vt 0.038203 0.934289
vt 0.315948 0.007548
vt 0.317874 0.008360
vt 0.317905 0.010557
vt 0.317080 0.012750
vt 0.314901 0.012530
vt 0.312855 0.011645
vt 0.312779 0.009351
vt 0.313752 0.007194
vt 0.315440 0.010012
vt 0.970960 0.021248
vt 0.406718 0.207574
vt 0.408015 0.203261
vt 0.398604 0.204030
vt 0.400765 0.207311
vt 0.409653 0.198726
vt 0.396015 0.200287
vt 0.391338 0.210370
vt 0.394924 0.211123
vt 0.385875 0.209015
vt 0.392598 0.218655
vt 0.396107 0.217077
vt 0.387806 0.220538
vt 0.400702 0.224962
vt 0.401477 0.221022
vt 0.400524 0.230124
vt 0.412193 0.219889
vt 0.409237 0.216965
vt 0.415262 0.222803
vt 0.413941 0.211028
vt 0.409746 0.211090
vt 0.418245 0.209015
vt 0.904803 0.380023
vt 0.911182 0.380904
vt 0.398006 0.449413
vt 0.397415 0.453120
vt 0.407405 0.450145
vt 0.405897 0.447524
vt 0.919548 0.380597
vt 0.417397 0.442424
vt 0.414060 0.440322
vt 0.925108 0.378259
vt 0.424678 0.432803
vt 0.416320 0.433466
vt 0.930339 0.381062
vt 0.417539 0.426883
vt 0.411699 0.428065
vt 0.186731 0.721899
vt 0.193762 0.722680
vt 0.412026 0.419374
vt 0.409240 0.421175
vt 0.202392 0.724794
vt 0.405825 0.408369
vt 0.403943 0.413286
vt 0.207015 0.720040
vt 0.395757 0.410183
vt 0.396755 0.415968
vt 0.871147 0.348021
vt 0.863416 0.348560
vt 0.389073 0.418921
vt 0.390488 0.421176
vt 0.025560 0.006706
vt 0.022035 0.006478
vt 0.358196 0.410590
vt 0.360361 0.411763
vt 0.856113 0.351356
vt 0.383138 0.426190
vt 0.385357 0.427981
vt 0.849875 0.349838
vt 0.385357 0.436356
vt 0.387478 0.434793
vt 0.898748 0.379799
vt 0.392025 0.444548
vt 0.390049 0.445720
vt 0.032841 0.009540
vt 0.028774 0.006142
vt 0.387594 0.438434
vt 0.389092 0.437515
vt 0.025103 0.003712
vt 0.388865 0.440476
vt 0.390645 0.439616
vt 0.360518 0.409404
vt 0.362157 0.411525
vt 0.389651 0.442702
vt 0.391231 0.442079
vt 0.363574 0.413909
vt 0.392351 0.195708
vt 0.381558 0.202243
vt 0.404040 0.189156
vt 0.425212 0.190997
vt 0.419382 0.180086
vt 0.439328 0.183815
vt 0.433136 0.171643
vt 0.431364 0.204180
vt 0.436222 0.218472
vt 0.445947 0.198307
vt 0.452448 0.212947
vt 0.386958 0.441394
vt 0.379465 0.429781
vt 0.382063 0.437297
vt 0.384316 0.442582
vt 0.386908 0.447530
vt 0.392636 0.456789
vt 0.365938 0.961193
vt 0.367091 0.956119
vt 0.359045 0.956620
vt 0.357853 0.960472
vt 0.363943 0.950019
vt 0.358899 0.953161
vt 0.352725 0.956164
vt 0.352120 0.960011
vt 0.353521 0.952663
vt 0.346189 0.954439
vt 0.346578 0.959635
vt 0.347616 0.948504
vt 0.334682 0.952884
vt 0.335549 0.958430
vt 0.332497 0.946505
vt 0.395110 0.395139
vt 0.384076 0.404077
vt 0.388964 0.375776
vt 0.376985 0.385323
vt 0.376647 0.411103
vt 0.370009 0.397245
vt 0.372313 0.414040
vt 0.364621 0.400660
vt 0.376573 0.353789
vt 0.363690 0.362136
vt 0.362763 0.325591
vt 0.349992 0.333375
vt 0.347799 0.298698
vt 0.335463 0.305865
vt 0.335803 0.277477
vt 0.324108 0.284256
vt 0.354949 0.368098
vt 0.339943 0.339501
vt 0.325419 0.312070
vt 0.313193 0.287446
vt 0.349437 0.371442
vt 0.334120 0.343001
vt 0.319417 0.315407
vt 0.305196 0.288651
vt 0.323725 0.262797
vt 0.313811 0.268422
vt 0.315132 0.253096
vt 0.307770 0.257805
vt 0.309609 0.243767
vt 0.302441 0.248282
vt 0.304991 0.273956
vt 0.299168 0.263201
vt 0.293835 0.253194
vt 0.299223 0.277253
vt 0.293558 0.266300
vt 0.288451 0.255498
vt 0.332872 0.242143
vt 0.327654 0.233457
vt 0.350573 0.231177
vt 0.345752 0.223346
vt 0.368266 0.220155
vt 0.363687 0.212858
vt 0.337897 0.252478
vt 0.354577 0.241849
vt 0.371237 0.231180
vt 0.350965 0.267953
vt 0.368797 0.256194
vt 0.385067 0.243644
vt 0.365930 0.290001
vt 0.385784 0.278466
vt 0.405490 0.267159
vt 0.421836 0.257563
vt 0.441115 0.249233
vt 0.454591 0.242103
vt 0.466136 0.235797
vt 0.380247 0.315462
vt 0.401070 0.303619
vt 0.419959 0.293024
vt 0.437653 0.282932
vt 0.453191 0.274198
vt 0.466461 0.266699
vt 0.478052 0.260065
vt 0.395019 0.343132
vt 0.415157 0.330973
vt 0.433609 0.319877
vt 0.450330 0.309763
vt 0.465176 0.300636
vt 0.478052 0.292750
vt 0.489112 0.286163
vt 0.406535 0.366262
vt 0.425862 0.354017
vt 0.444592 0.343388
vt 0.461346 0.333377
vt 0.475152 0.323116
vt 0.488383 0.315540
vt 0.500918 0.311182
vt 0.413982 0.386089
vt 0.434792 0.372077
vt 0.453081 0.360371
vt 0.469262 0.349734
vt 0.483346 0.340082
vt 0.496246 0.331492
vt 0.507435 0.323530
vt 0.427380 0.402017
vt 0.444614 0.387689
vt 0.433533 0.412937
vt 0.451888 0.401887
vt 0.439959 0.424293
vt 0.461251 0.418057
vt 0.461645 0.375999
vt 0.476785 0.365173
vt 0.491205 0.355809
vt 0.504313 0.347380
vt 0.515525 0.339757
vt 0.469094 0.390845
vt 0.484456 0.380041
vt 0.498994 0.370712
vt 0.512391 0.362177
vt 0.525001 0.356682
vt 0.479085 0.408002
vt 0.494597 0.397222
vt 0.509739 0.388852
vt 0.523725 0.381433
vt 0.536816 0.375253
vt 0.458037 0.452428
vt 0.475638 0.441039
vt 0.475483 0.479244
vt 0.502032 0.519822
vt 0.519487 0.508887
vt 0.493142 0.468096
vt 0.521314 0.550089
vt 0.539657 0.539891
vt 0.493296 0.429418
vt 0.537433 0.498284
vt 0.510545 0.456585
vt 0.557781 0.529805
vt 0.508903 0.419105
vt 0.553709 0.489296
vt 0.526079 0.446281
vt 0.573915 0.521032
vt 0.523987 0.410097
vt 0.568621 0.480652
vt 0.541364 0.437504
vt 0.588864 0.512844
vt 0.537118 0.401574
vt 0.581371 0.472513
vt 0.554569 0.429431
vt 0.603537 0.503961
vt 0.548942 0.393860
vt 0.596511 0.463112
vt 0.567263 0.421136
vt 0.619033 0.493920
vt 0.446508 0.459796
vt 0.435757 0.466750
vt 0.425738 0.473486
vt 0.416567 0.479570
vt 0.408436 0.484376
vt 0.462571 0.486916
vt 0.451023 0.493603
vt 0.440144 0.500171
vt 0.429985 0.506519
vt 0.421233 0.511370
vt 0.486272 0.527827
vt 0.472442 0.534737
vt 0.460519 0.540531
vt 0.449363 0.546107
vt 0.437681 0.550219
vt 0.502539 0.557836
vt 0.485816 0.564749
vt 0.471205 0.570806
vt 0.458633 0.575959
vt 0.449631 0.581143
vt 0.303186 0.948009
vt 0.303272 0.953520
vt 0.302432 0.941996
vt 0.272674 0.940624
vt 0.273059 0.947314
vt 0.272304 0.933592
vt 0.232370 0.928139
vt 0.231084 0.936481
vt 0.233972 0.919144
vt 0.200421 0.916340
vt 0.199220 0.924851
vt 0.203100 0.907210
vt 0.383638 0.962785
vt 0.383628 0.957604
vt 0.382672 0.951371
vt 0.399451 0.963470
vt 0.402109 0.958788
vt 0.402982 0.952790
vt 0.432963 0.966476
vt 0.433239 0.961201
vt 0.432875 0.955312
vt 0.465793 0.969621
vt 0.465994 0.964209
vt 0.464761 0.957872
vt 0.497675 0.972130
vt 0.497753 0.965956
vt 0.496394 0.959404
vt 0.528965 0.972854
vt 0.526655 0.965705
vt 0.520502 0.958046
vt 0.542629 0.971199
vt 0.541396 0.964198
vt 0.537711 0.956722
vt 0.555448 0.968696
vt 0.553770 0.961768
vt 0.552896 0.954981
vt 0.567116 0.964708
vt 0.567052 0.958467
vt 0.565221 0.951833
vt 0.633930 0.956382
vt 0.636772 0.963915
vt 0.598505 0.974424
vt 0.597152 0.966371
vt 0.638563 0.973542
vt 0.600323 0.983778
vt 0.548930 0.983315
vt 0.547507 0.976928
vt 0.552107 0.990294
vt 0.515858 0.985901
vt 0.515250 0.979916
vt 0.517474 0.992343
vt 0.493251 0.985368
vt 0.493369 0.979334
vt 0.492807 0.992400
vt 0.471616 0.984410
vt 0.471567 0.978098
vt 0.474465 0.991247
vt 0.452422 0.983908
vt 0.452281 0.977029
vt 0.454120 0.991398
vt 0.433645 0.983523
vt 0.434170 0.976760
vt 0.435890 0.990633
vt 0.421394 0.982904
vt 0.420242 0.976041
vt 0.420973 0.989577
vt 0.392777 0.981130
vt 0.392561 0.975034
vt 0.393290 0.987915
vt 0.363875 0.980335
vt 0.364127 0.974019
vt 0.363988 0.987359
vt 0.335743 0.979926
vt 0.336869 0.973344
vt 0.336719 0.986818
vt 0.308816 0.979574
vt 0.309793 0.972870
vt 0.311841 0.987683
vt 0.293523 0.980999
vt 0.293310 0.974637
vt 0.295851 0.989282
vt 0.278543 0.984168
vt 0.277235 0.977961
vt 0.280622 0.992075
vt 0.265990 0.988753
vt 0.264268 0.982984
vt 0.267960 0.994853
vt 0.133962 0.003015
vt 0.131971 0.008693
vt 0.148021 0.010748
vt 0.150056 0.003527
vt 0.130892 0.015001
vt 0.146941 0.018443
vt 0.166479 0.012109
vt 0.167731 0.004726
vt 0.165301 0.021289
vt 0.181036 0.013100
vt 0.180830 0.005389
vt 0.180829 0.022193
vt 0.194320 0.012035
vt 0.193142 0.005122
vt 0.195030 0.020712
vt 0.214599 0.011854
vt 0.213940 0.005264
vt 0.214430 0.019965
vt 0.234954 0.011860
vt 0.234904 0.005406
vt 0.234293 0.019806
vt 0.255325 0.011380
vt 0.255937 0.005114
vt 0.254242 0.019434
vt 0.277419 0.013065
vt 0.277088 0.005592
vt 0.272570 0.022321
vt 0.286673 0.013436
vt 0.285815 0.005927
vt 0.285158 0.022294
vt 0.296740 0.013928
vt 0.295924 0.006843
vt 0.296200 0.021847
vt 0.303023 0.014970
vt 0.301499 0.008931
vt 0.302599 0.021831
vt 0.937753 0.512519
vt 0.929252 0.513604
vt 0.931366 0.504225
vt 0.941523 0.502838
vt 0.919939 0.512384
vt 0.921556 0.502200
vt 0.933541 0.490605
vt 0.943805 0.489630
vt 0.924376 0.488381
vt 0.936600 0.474500
vt 0.946521 0.474342
vt 0.927673 0.471185
vt 0.941548 0.454582
vt 0.950157 0.456832
vt 0.932361 0.452045
vt 0.996190 0.333932
vt 0.988613 0.350547
vt 0.981581 0.345200
vt 0.990364 0.328452
vt 0.973584 0.340753
vt 0.981450 0.324588
vt 0.980840 0.365414
vt 0.973668 0.360555
vt 0.965367 0.357078
vt 0.974035 0.380608
vt 0.966510 0.376162
vt 0.957806 0.373496
vt 0.946909 0.434790
vt 0.954882 0.437187
vt 0.937663 0.432317
vt 0.953593 0.414671
vt 0.961462 0.417292
vt 0.944229 0.411332
vt 0.959941 0.395009
vt 0.967683 0.397600
vt 0.950929 0.391426
vt 0.454987 0.199539
vt 0.487482 0.194157
vt 0.484301 0.182515
vt 0.452073 0.189700
vt 0.527980 0.188492
vt 0.519958 0.178074
vt 0.559394 0.186548
vt 0.550592 0.175833
vt 0.589653 0.184318
vt 0.577093 0.174805
vt 0.604840 0.182567
vt 0.598060 0.172363
vt 0.621172 0.181785
vt 0.617532 0.170854
vt 0.639732 0.181249
vt 0.637229 0.170093
vt 0.659810 0.180319
vt 0.658817 0.169362
vt 0.689408 0.179964
vt 0.685474 0.168866
vt 0.720986 0.178727
vt 0.714989 0.167645
vt 0.752388 0.177321
vt 0.744010 0.166342
vt 0.776492 0.175257
vt 0.769372 0.164764
vt 0.794416 0.174648
vt 0.789325 0.164189
vt 0.810350 0.175293
vt 0.806716 0.165016
vt 0.823086 0.174034
vt 0.823345 0.167670
vt 0.482291 0.168197
vt 0.450500 0.175918
vt 0.515905 0.164270
vt 0.545935 0.162140
vt 0.572121 0.160786
vt 0.594226 0.159039
vt 0.614909 0.157809
vt 0.635457 0.157148
vt 0.657573 0.156542
vt 0.683527 0.155931
vt 0.711733 0.154721
vt 0.739612 0.153422
vt 0.765046 0.152102
vt 0.785912 0.151692
vt 0.804462 0.153042
vt 0.821934 0.156604
vt 0.480595 0.150981
vt 0.449137 0.158727
vt 0.513816 0.148155
vt 0.543771 0.146510
vt 0.570092 0.145180
vt 0.592354 0.143922
vt 0.613306 0.143121
vt 0.634136 0.142723
vt 0.655873 0.142314
vt 0.682396 0.141664
vt 0.710407 0.140458
vt 0.737941 0.139080
vt 0.763553 0.137837
vt 0.784207 0.137286
vt 0.803066 0.138976
vt 0.819957 0.143949
vt 0.479484 0.132813
vt 0.447086 0.139314
vt 0.512829 0.130660
vt 0.542747 0.129443
vt 0.569073 0.128352
vt 0.591502 0.127395
vt 0.612561 0.126770
vt 0.633547 0.126318
vt 0.654144 0.125713
vt 0.681864 0.124602
vt 0.709971 0.123394
vt 0.737425 0.122106
vt 0.763550 0.121112
vt 0.783789 0.120644
vt 0.803102 0.121738
vt 0.822903 0.125483
vt 0.478569 0.114065
vt 0.444893 0.119098
vt 0.512365 0.112442
vt 0.542358 0.111568
vt 0.568658 0.110734
vt 0.591197 0.109919
vt 0.612313 0.109266
vt 0.633318 0.108636
vt 0.654079 0.107938
vt 0.681551 0.106824
vt 0.709459 0.105626
vt 0.736656 0.104381
vt 0.761891 0.103488
vt 0.783023 0.103048
vt 0.802736 0.103469
vt 0.822386 0.105449
vt 0.478321 0.094683
vt 0.444460 0.097150
vt 0.512329 0.093839
vt 0.542502 0.093287
vt 0.569030 0.092701
vt 0.591409 0.092053
vt 0.612435 0.091347
vt 0.633540 0.090588
vt 0.654191 0.089854
vt 0.681470 0.088808
vt 0.709197 0.087706
vt 0.736064 0.086617
vt 0.760879 0.085827
vt 0.782388 0.085262
vt 0.802374 0.085040
vt 0.822155 0.085645
vt 0.478406 0.075755
vt 0.443720 0.076241
vt 0.512676 0.075594
vt 0.543062 0.075320
vt 0.570005 0.075012
vt 0.592050 0.074471
vt 0.612769 0.073706
vt 0.633965 0.072879
vt 0.653987 0.072137
vt 0.681425 0.071185
vt 0.709072 0.070199
vt 0.735732 0.069365
vt 0.760425 0.068729
vt 0.781956 0.068127
vt 0.801925 0.067585
vt 0.821701 0.066414
vt 0.479132 0.057829
vt 0.443444 0.057284
vt 0.514015 0.058207
vt 0.544317 0.058282
vt 0.571322 0.058208
vt 0.593403 0.057857
vt 0.613898 0.057348
vt 0.634820 0.056846
vt 0.656419 0.056261
vt 0.682016 0.055476
vt 0.709070 0.054550
vt 0.735653 0.053457
vt 0.760429 0.052697
vt 0.781765 0.052196
vt 0.801184 0.052118
vt 0.818962 0.052662
vt 0.480801 0.040681
vt 0.443197 0.039630
vt 0.517346 0.041576
vt 0.548034 0.041973
vt 0.574616 0.042105
vt 0.596456 0.041852
vt 0.616628 0.041463
vt 0.637239 0.041078
vt 0.659030 0.040621
vt 0.683593 0.039778
vt 0.710077 0.038735
vt 0.736383 0.037622
vt 0.761370 0.036775
vt 0.782526 0.036281
vt 0.801484 0.036316
vt 0.819105 0.037434
vt 0.483422 0.023717
vt 0.443732 0.021797
vt 0.523712 0.025714
vt 0.555456 0.026586
vt 0.581291 0.026979
vt 0.601766 0.026662
vt 0.621327 0.026285
vt 0.640768 0.025855
vt 0.661410 0.025626
vt 0.685969 0.024380
vt 0.712905 0.022904
vt 0.739868 0.021514
vt 0.765138 0.020714
vt 0.785346 0.020078
vt 0.803325 0.019616
vt 0.821041 0.019262
vt 0.486307 0.006604
vt 0.447070 0.004257
vt 0.534425 0.010840
vt 0.568439 0.013031
vt 0.592665 0.014211
vt 0.610901 0.014006
vt 0.631178 0.014170
vt 0.649387 0.013482
vt 0.664337 0.012667
vt 0.692073 0.011240
vt 0.721437 0.009421
vt 0.748824 0.006897
vt 0.774085 0.005841
vt 0.790761 0.004422
vt 0.806686 0.003285
vt 0.819789 0.003006
s 1
usemtl abstract_wood_texture
f 2/1/2 5/2/5 4/3/4 1/4/1
f 2/5/2 1/6/1 6/7/6 7/8/7
f 8/9/8 10/10/10 787/11/787 9/12/9
f 9/12/9 787/11/787 12/13/12 11/14/11
f 12/13/12 14/15/14 13/16/13 11/14/11
f 13/16/13 14/15/14 16/17/16 15/18/15
f 16/17/16 784/19/784 17/20/17 15/18/15
f 17/20/17 784/19/784 20/21/20 19/22/19
f 48/23/48 22/24/22 21/25/21 49/26/49
f 44/27/44 43/28/43 10/10/10 8/9/8
f 43/28/43 42/29/42 24/30/24 10/10/10
f 23/31/23 22/24/22 48/23/48 47/32/47
f 8/33/8 27/34/27 45/35/45 44/36/44
f 49/37/49 21/38/21 26/39/26 50/40/50
f 27/34/27 8/33/8 9/41/9 29/42/29
f 9/41/9 11/43/11 30/44/30 29/42/29
f 30/44/30 11/43/11 13/45/13 31/46/31
f 15/47/15 32/48/32 31/46/31 13/45/13
f 32/48/32 15/47/15 17/49/17 33/50/33
f 17/49/17 19/51/19 28/52/28 33/50/33
f 34/53/34 51/54/51 50/40/50 26/39/26
f 35/55/35 36/56/36 33/50/33 28/52/28
f 36/56/36 37/57/37 32/48/32 33/50/33
f 37/57/37 38/58/38 31/46/31 32/48/32
f 38/58/38 39/59/39 30/44/30 31/46/31
f 39/59/39 40/60/40 29/42/29 30/44/30
f 40/60/40 41/61/41 27/34/27 29/42/29
f 41/61/41 46/62/46 45/35/45 27/34/27
f 22/24/22 23/31/23 42/29/42 43/28/43
f 21/25/21 22/24/22 43/28/43 44/27/44
f 44/36/44 45/35/45 26/63/26 21/64/21
f 46/62/46 34/65/34 26/63/26 45/35/45
f 47/32/47 48/23/48 20/21/20 25/66/25
f 20/21/20 48/23/48 49/26/49 19/22/19
f 19/51/19 49/37/49 50/40/50 28/52/28
f 51/54/51 35/55/35 28/52/28 50/40/50
f 60/67/60 52/68/52 34/65/34 46/62/46
f 52/69/52 53/70/53 51/54/51 34/53/34
f 53/70/53 54/71/54 35/55/35 51/54/51
f 54/71/54 70/72/70 36/56/36 35/55/35
f 70/72/70 71/73/71 37/57/37 36/56/36
f 71/73/71 72/74/72 38/58/38 37/57/37
f 72/74/72 57/75/57 39/59/39 38/58/38
f 57/75/57 58/76/58 40/60/40 39/59/39
f 58/76/58 82/77/82 41/61/41 40/60/40
f 82/77/82 60/67/60 46/62/46 41/61/41
f 52/69/52 61/78/61 64/79/64 53/70/53
f 61/78/61 62/80/62 65/81/65 64/79/64
f 62/80/62 66/82/66 109/83/109 65/81/65
f 53/70/53 64/79/64 67/84/67 54/71/54
f 64/79/64 65/81/65 68/85/68 67/84/67
f 65/81/65 109/83/109 69/86/69 68/85/68
f 54/71/54 67/84/67 73/87/73 70/72/70
f 70/72/70 73/87/73 74/88/74 71/73/71
f 71/73/71 74/88/74 75/89/75 72/74/72
f 67/84/67 68/85/68 76/90/76 73/87/73
f 73/87/73 76/90/76 77/91/77 74/88/74
f 74/88/74 77/91/77 78/92/78 75/89/75
f 68/85/68 69/86/69 79/93/79 76/90/76
f 76/90/76 79/93/79 80/94/80 77/91/77
f 77/91/77 80/94/80 81/95/81 78/92/78
f 72/74/72 75/89/75 56/96/56 57/75/57
f 75/89/75 78/92/78 55/97/55 56/96/56
f 78/92/78 81/95/81 131/98/131 55/97/55
f 57/75/57 56/96/56 83/99/83 58/76/58
f 58/76/58 83/99/83 84/100/84 82/77/82
f 56/96/56 55/97/55 85/101/85 83/99/83
f 83/99/83 85/101/85 86/102/86 84/100/84
f 55/97/55 131/98/131 130/103/130 85/101/85
f 85/101/85 130/103/130 88/104/88 86/102/86
f 82/77/82 84/100/84 59/105/59 60/67/60
f 84/100/84 86/102/86 87/106/87 59/105/59
f 86/102/86 88/104/88 63/107/63 87/106/87
f 60/67/60 59/105/59 61/108/61 52/68/52
f 61/108/61 59/105/59 87/106/87 62/109/62
f 87/106/87 63/107/63 66/110/66 62/109/62
f 69/86/69 89/111/89 94/112/94 79/93/79
f 89/111/89 90/113/90 95/114/95 94/112/94
f 90/113/90 91/115/91 96/116/96 95/114/95
f 91/115/91 92/117/92 97/118/97 96/116/96
f 92/117/92 172/119/172 171/120/171 97/118/97
f 79/93/79 94/112/94 99/121/99 80/94/80
f 94/112/94 95/114/95 100/122/100 99/121/99
f 95/114/95 96/116/96 101/123/101 100/122/100
f 96/116/96 97/118/97 102/124/102 101/123/101
f 97/118/97 171/120/171 170/125/170 102/124/102
f 80/94/80 99/121/99 104/126/104 81/95/81
f 99/121/99 100/122/100 105/127/105 104/126/104
f 100/122/100 101/123/101 106/128/106 105/127/105
f 101/123/101 102/124/102 107/129/107 106/128/106
f 102/124/102 170/125/170 108/130/108 107/129/107
f 69/86/69 109/83/109 110/131/110 89/111/89
f 89/111/89 110/131/110 111/132/111 90/113/90
f 90/113/90 111/132/111 112/133/112 91/115/91
f 91/115/91 112/133/112 113/134/113 92/117/92
f 92/117/92 113/134/113 93/135/93 172/119/172
f 109/83/109 66/82/66 115/136/115 110/131/110
f 110/131/110 115/136/115 116/137/116 111/132/111
f 111/132/111 116/137/116 117/138/117 112/133/112
f 112/133/112 117/138/117 118/139/118 113/134/113
f 113/134/113 118/139/118 98/140/98 93/135/93
f 66/110/66 63/107/63 120/141/120 115/142/115
f 115/142/115 120/141/120 121/143/121 116/144/116
f 116/144/116 121/143/121 122/145/122 117/146/117
f 117/146/117 122/145/122 123/147/123 118/148/118
f 118/148/118 123/147/123 119/149/119 98/150/98
f 63/107/63 88/104/88 125/151/125 120/141/120
f 120/141/120 125/151/125 126/152/126 121/143/121
f 121/143/121 126/152/126 127/153/127 122/145/122
f 122/145/122 127/153/127 128/154/128 123/147/123
f 123/147/123 128/154/128 129/155/129 119/149/119
f 88/104/88 130/103/130 132/156/132 125/151/125
f 130/103/130 131/98/131 133/157/133 132/156/132
f 125/151/125 132/156/132 134/158/134 126/152/126
f 132/156/132 133/157/133 135/159/135 134/158/134
f 126/152/126 134/158/134 136/160/136 127/153/127
f 134/158/134 135/159/135 137/161/137 136/160/136
f 127/153/127 136/160/136 138/162/138 128/154/128
f 136/160/136 137/161/137 139/163/139 138/162/138
f 128/154/128 138/162/138 140/164/140 129/155/129
f 138/162/138 139/163/139 141/165/141 140/164/140
f 108/130/108 141/165/141 139/163/139 107/129/107
f 107/129/107 139/163/139 137/161/137 106/128/106
f 106/128/106 137/161/137 135/159/135 105/127/105
f 105/127/105 135/159/135 133/157/133 104/126/104
f 104/126/104 133/157/133 131/98/131 81/95/81
f 129/155/129 140/164/140 146/166/146 142/167/142
f 142/167/142 146/166/146 147/168/147 143/169/143
f 143/169/143 147/168/147 148/170/148 144/171/144
f 144/172/144 148/173/148 149/174/149 145/175/145
f 140/164/140 141/165/141 150/176/150 146/166/146
f 146/166/146 150/176/150 151/177/151 147/168/147
f 147/168/147 151/177/151 152/178/152 148/170/148
f 148/173/148 152/179/152 153/180/153 149/174/149
f 141/165/141 108/130/108 154/181/154 150/176/150
f 150/176/150 154/181/154 155/182/155 151/177/151
f 151/177/151 155/182/155 156/183/156 152/178/152
f 152/179/152 156/184/156 157/185/157 153/180/153
f 157/185/157 156/184/156 161/186/161 158/187/158
f 158/187/158 161/186/161 162/188/162 159/189/159
f 159/189/159 162/188/162 163/190/163 160/191/160
f 156/183/156 155/182/155 164/192/164 161/193/161
f 161/193/161 164/192/164 165/194/165 162/195/162
f 162/195/162 165/194/165 166/196/166 163/197/163
f 155/182/155 154/181/154 167/198/167 164/192/164
f 164/192/164 167/198/167 168/199/168 165/194/165
f 165/194/165 168/199/168 169/200/169 166/196/166
f 154/181/154 108/130/108 170/125/170 167/198/167
f 167/198/167 170/125/170 171/120/171 168/199/168
f 168/199/168 171/120/171 172/119/172 169/200/169
f 172/119/172 93/135/93 103/201/103 169/200/169
f 93/135/93 98/140/98 173/202/173 103/201/103
f 169/200/169 103/201/103 174/203/174 166/196/166
f 103/201/103 173/202/173 175/204/175 174/203/174
f 166/196/166 174/203/174 176/205/176 163/197/163
f 174/203/174 175/204/175 177/206/177 176/205/176
f 163/190/163 176/207/176 178/208/178 160/191/160
f 176/207/176 177/209/177 179/210/179 178/208/178
f 98/150/98 119/149/119 114/211/114 173/212/173
f 173/212/173 114/211/114 180/213/180 175/214/175
f 175/214/175 180/213/180 181/215/181 177/216/177
f 177/209/177 181/217/181 182/218/182 179/210/179
f 182/218/182 181/217/181 144/172/144 145/175/145
f 181/215/181 180/213/180 143/169/143 144/171/144
f 180/213/180 114/211/114 142/167/142 143/169/143
f 114/211/114 119/149/119 129/155/129 142/167/142
f 179/210/179 124/219/124 183/220/183 178/208/178
f 124/219/124 179/210/179 182/218/182 184/221/184
f 182/218/182 145/175/145 191/222/191 184/221/184
f 178/208/178 183/220/183 185/223/185 160/191/160
f 160/191/160 185/223/185 186/224/186 159/189/159
f 159/189/159 186/224/186 187/225/187 158/187/158
f 158/187/158 187/225/187 188/226/188 157/185/157
f 157/185/157 188/226/188 189/227/189 153/180/153
f 153/180/153 189/227/189 190/228/190 149/174/149
f 149/174/149 190/228/190 191/222/191 145/175/145
f 187/225/187 183/220/183 124/219/124 188/226/188
f 188/226/188 124/219/124 184/221/184 189/227/189
f 184/221/184 191/222/191 190/228/190 189/227/189
f 186/224/186 185/223/185 183/220/183 187/225/187
f 1/229/1 4/230/4 771/231/771 6/232/6
f 227/233/227 232/234/232 211/235/211 207/236/207
f 204/237/204 208/238/208 196/239/196 198/240/198
f 207/236/207 211/235/211 210/241/210 206/242/206
f 198/240/198 199/243/199 193/244/193 320/245/320
f 320/245/320 200/246/200 204/237/204 198/240/198
f 200/246/200 201/247/201 205/248/205 204/237/204
f 201/247/201 202/249/202 206/242/206 205/248/205
f 202/249/202 203/250/203 207/236/207 206/242/206
f 230/251/230 235/252/235 234/253/234 229/254/229
f 231/255/231 236/256/236 235/252/235 230/251/230
f 197/257/197 199/243/199 198/240/198 196/239/196
f 212/258/212 216/259/216 7/8/7 194/260/194
f 233/261/233 238/262/238 237/263/237 232/234/232
f 6/7/6 195/264/195 194/260/194 7/8/7
f 235/252/235 240/265/240 239/266/239 234/253/234
f 234/253/234 239/266/239 238/262/238 233/261/233
f 213/267/213 217/268/217 216/259/216 212/258/212
f 237/263/237 242/269/242 219/270/219 215/271/215
f 238/262/238 243/272/243 242/269/242 237/263/237
f 239/266/239 244/273/244 243/272/243 238/262/238
f 7/8/7 216/259/216 797/274/797 2/5/2
f 216/259/216 217/268/217 798/275/798 797/274/797
f 217/268/217 218/276/218 220/277/220 798/275/798
f 218/276/218 219/270/219 221/278/221 220/277/220
f 203/250/203 222/279/222 227/233/227 207/236/207
f 222/279/222 223/280/223 228/281/228 227/233/227
f 223/280/223 224/282/224 229/254/229 228/281/228
f 224/282/224 225/283/225 230/251/230 229/254/229
f 225/283/225 226/284/226 231/255/231 230/251/230
f 211/235/211 215/271/215 214/285/214 210/241/210
f 195/264/195 197/257/197 196/239/196 194/260/194
f 205/248/205 209/286/209 208/238/208 204/237/204
f 206/242/206 210/241/210 209/286/209 205/248/205
f 240/265/240 245/287/245 244/273/244 239/266/239
f 241/288/241 246/289/246 245/287/245 240/265/240
f 236/256/236 241/288/241 240/265/240 235/252/235
f 228/281/228 233/261/233 232/234/232 227/233/227
f 229/254/229 234/253/234 233/261/233 228/281/228
f 214/285/214 218/276/218 217/268/217 213/267/213
f 215/271/215 219/270/219 218/276/218 214/285/214
f 232/234/232 237/263/237 215/271/215 211/235/211
f 208/238/208 212/258/212 194/260/194 196/239/196
f 209/286/209 213/267/213 212/258/212 208/238/208
f 219/270/219 242/269/242 247/290/247 221/278/221
f 242/269/242 243/272/243 248/291/248 247/290/247
f 243/272/243 244/273/244 249/292/249 248/291/248
f 244/273/244 245/287/245 250/293/250 249/292/249
f 245/287/245 246/289/246 251/294/251 250/293/250
f 210/241/210 214/285/214 213/267/213 209/286/209
f 226/284/226 252/295/252 255/296/255 231/255/231
f 255/296/255 252/295/252 253/297/253 256/298/256
f 253/297/253 254/299/254 257/300/257 256/298/256
f 231/255/231 255/296/255 258/301/258 236/256/236
f 255/296/255 256/298/256 259/302/259 258/301/258
f 256/298/256 257/300/257 260/303/260 259/302/259
f 236/256/236 258/301/258 261/304/261 241/288/241
f 258/301/258 259/302/259 262/305/262 261/304/261
f 259/302/259 260/303/260 263/306/263 262/305/262
f 241/288/241 261/304/261 264/307/264 246/289/246
f 261/304/261 262/305/262 265/308/265 264/307/264
f 262/305/262 263/306/263 266/309/266 265/308/265
f 246/289/246 264/307/264 267/310/267 251/294/251
f 264/307/264 265/308/265 268/311/268 267/310/267
f 265/308/265 266/309/266 269/312/269 268/311/268
f 254/299/254 270/313/270 273/314/273 257/300/257
f 270/313/270 271/315/271 274/316/274 273/314/273
f 271/315/271 272/317/272 275/318/275 274/316/274
f 257/300/257 273/314/273 276/319/276 260/303/260
f 273/314/273 274/316/274 277/320/277 276/319/276
f 274/316/274 275/318/275 278/321/278 277/320/277
f 260/303/260 276/319/276 279/322/279 263/306/263
f 276/319/276 277/320/277 280/323/280 279/322/279
f 277/320/277 278/321/278 281/324/281 280/323/280
f 263/306/263 279/322/279 282/325/282 266/309/266
f 279/322/279 280/323/280 283/326/283 282/325/282
f 280/323/280 281/324/281 284/327/284 283/326/283
f 266/309/266 282/325/282 285/328/285 269/312/269
f 282/325/282 283/326/283 286/329/286 285/328/285
f 283/326/283 284/327/284 287/330/287 286/329/286
f 275/318/275 272/317/272 288/331/288 278/321/278
f 281/324/281 289/332/289 287/330/287 284/327/284
f 288/331/288 290/333/290 294/334/294 278/321/278
f 290/333/290 291/335/291 295/336/295 294/334/294
f 291/335/291 292/337/292 296/338/296 295/336/295
f 292/337/292 293/339/293 297/340/297 296/338/296
f 278/321/278 294/334/294 298/341/298 281/324/281
f 294/334/294 295/336/295 299/342/299 298/341/298
f 295/336/295 296/338/296 300/343/300 299/342/299
f 296/338/296 297/340/297 301/344/301 300/343/300
f 281/324/281 298/341/298 302/345/302 289/332/289
f 298/341/298 299/342/299 303/346/303 302/345/302
f 299/342/299 300/343/300 304/347/304 303/346/303
f 300/343/300 301/344/301 305/348/305 304/347/304
f 25/349/25 374/350/374 330/351/330 47/352/47
f 47/352/47 330/351/330 329/353/329 23/354/23
f 23/354/23 329/353/329 328/355/328 42/356/42
f 42/356/42 328/355/328 327/357/327 24/358/24
f 10/10/10 24/30/24 311/359/311 312/360/312
f 311/359/311 313/361/313 314/362/314 312/360/312
f 314/362/314 313/361/313 315/363/315 317/364/317
f 315/363/315 193/365/193 199/366/199 317/364/317
f 24/358/24 327/357/327 326/367/326 311/368/311
f 311/368/311 326/367/326 325/369/325 313/370/313
f 313/370/313 325/369/325 192/371/192 315/372/315
f 315/372/315 192/371/192 320/373/320 193/374/193
f 320/373/320 192/371/192 310/375/310 200/376/200
f 200/376/200 310/375/310 321/377/321 201/378/201
f 201/378/201 321/377/321 322/379/322 202/380/202
f 202/380/202 322/379/322 323/381/323 203/382/203
f 203/382/203 323/381/323 324/383/324 222/384/222
f 324/383/324 319/385/319 223/386/223 222/384/222
f 192/371/192 325/369/325 332/387/332 310/375/310
f 325/369/325 326/367/326 333/388/333 332/387/332
f 326/367/326 327/357/327 334/389/334 333/388/333
f 327/357/327 328/355/328 335/390/335 334/389/334
f 328/355/328 329/353/329 336/391/336 335/390/335
f 329/353/329 330/351/330 337/392/337 336/391/336
f 330/351/330 374/350/374 338/393/338 337/392/337
f 310/375/310 332/387/332 339/394/339 321/377/321
f 332/387/332 333/388/333 340/395/340 339/394/339
f 333/388/333 334/389/334 341/396/341 340/395/340
f 334/389/334 335/390/335 342/397/342 341/396/341
f 335/390/335 336/391/336 343/398/343 342/397/342
f 336/391/336 337/392/337 344/399/344 343/398/343
f 337/392/337 338/393/338 345/400/345 344/399/344
f 321/377/321 339/394/339 346/401/346 322/379/322
f 339/394/339 340/395/340 347/402/347 346/401/346
f 340/395/340 341/396/341 348/403/348 347/402/347
f 341/396/341 342/397/342 349/404/349 348/403/348
f 342/397/342 343/398/343 350/405/350 349/404/349
f 343/398/343 344/399/344 351/406/351 350/405/350
f 344/399/344 345/400/345 352/407/352 351/406/351
f 322/379/322 346/401/346 353/408/353 323/381/323
f 346/401/346 347/402/347 354/409/354 353/408/353
f 347/402/347 348/403/348 355/410/355 354/409/354
f 348/403/348 349/404/349 356/411/356 355/410/355
f 349/404/349 350/405/350 357/412/357 356/411/356
f 350/405/350 351/406/351 358/413/358 357/412/357
f 351/406/351 352/407/352 359/414/359 358/413/358
f 323/381/323 353/408/353 360/415/360 324/383/324
f 353/408/353 354/409/354 361/416/361 360/415/360
f 354/409/354 355/410/355 362/417/362 361/416/361
f 355/410/355 356/411/356 363/418/363 362/417/362
f 356/411/356 357/412/357 364/419/364 363/418/363
f 357/412/357 358/413/358 365/420/365 364/419/364
f 358/413/358 359/414/359 366/421/366 365/420/365
f 324/383/324 360/415/360 367/422/367 319/385/319
f 360/415/360 361/416/361 368/423/368 367/422/367
f 361/416/361 362/417/362 369/424/369 368/423/368
f 362/417/362 363/418/363 370/425/370 369/424/369
f 363/418/363 364/419/364 371/426/371 370/425/370
f 364/419/364 365/420/365 372/427/372 371/426/371
f 365/420/365 366/421/366 373/428/373 372/427/372
f 20/21/20 307/429/307 306/430/306 25/66/25
f 306/430/306 307/429/307 309/431/309 308/432/308
f 309/431/309 596/433/596 316/434/316 308/432/308
f 316/434/316 596/433/596 378/435/378 318/436/318
f 25/349/25 306/437/306 331/438/331 374/350/374
f 306/437/306 308/439/308 379/440/379 331/438/331
f 308/439/308 316/441/316 380/442/380 379/440/379
f 316/441/316 318/443/318 381/444/381 380/442/380
f 374/350/374 331/438/331 382/445/382 338/393/338
f 331/438/331 379/440/379 383/446/383 382/445/382
f 379/440/379 380/442/380 384/447/384 383/446/383
f 380/442/380 381/444/381 385/448/385 384/447/384
f 338/393/338 382/445/382 386/449/386 345/400/345
f 382/445/382 383/446/383 387/450/387 386/449/386
f 383/446/383 384/447/384 388/451/388 387/450/387
f 384/447/384 385/448/385 389/452/389 388/451/388
f 345/400/345 386/449/386 390/453/390 352/407/352
f 386/449/386 387/450/387 391/454/391 390/453/390
f 387/450/387 388/451/388 392/455/392 391/454/391
f 388/451/388 389/452/389 393/456/393 392/455/392
f 352/407/352 390/453/390 394/457/394 359/414/359
f 390/453/390 391/454/391 395/458/395 394/457/394
f 391/454/391 392/455/392 396/459/396 395/458/395
f 392/455/392 393/456/393 397/460/397 396/459/396
f 359/414/359 394/457/394 398/461/398 366/421/366
f 394/457/394 395/458/395 399/462/399 398/461/398
f 395/458/395 396/459/396 400/463/400 399/462/399
f 396/459/396 397/460/397 401/464/401 400/463/400
f 366/421/366 398/461/398 402/465/402 373/428/373
f 398/461/398 399/462/399 403/466/403 402/465/402
f 399/462/399 400/463/400 404/467/404 403/466/403
f 400/463/400 401/464/401 405/468/405 404/467/404
f 318/469/318 378/470/378 377/471/377 381/472/381
f 381/472/381 377/471/377 376/473/376 385/474/385
f 385/474/385 376/473/376 375/475/375 389/476/389
f 389/476/389 375/475/375 406/477/406 393/478/393
f 393/478/393 406/477/406 407/479/407 397/480/397
f 397/480/397 407/479/407 408/481/408 401/482/401
f 401/482/401 408/481/408 409/483/409 405/484/405
f 409/483/409 408/481/408 414/485/414 619/486/619
f 619/486/619 414/485/414 415/487/415 410/488/410
f 410/488/410 415/487/415 416/489/416 411/490/411
f 411/490/411 416/489/416 417/491/417 412/492/412
f 412/492/412 417/491/417 418/493/418 413/494/413
f 408/481/408 407/479/407 419/495/419 414/485/414
f 414/485/414 419/495/419 420/496/420 415/487/415
f 415/487/415 420/496/420 421/497/421 416/489/416
f 416/489/416 421/497/421 422/498/422 417/491/417
f 417/491/417 422/498/422 423/499/423 418/493/418
f 407/479/407 406/477/406 424/500/424 419/495/419
f 419/495/419 424/500/424 425/501/425 420/496/420
f 420/496/420 425/501/425 426/502/426 421/497/421
f 421/497/421 426/502/426 427/503/427 422/498/422
f 422/498/422 427/503/427 428/504/428 423/499/423
f 406/477/406 375/475/375 429/505/429 424/500/424
f 424/500/424 429/505/429 430/506/430 425/501/425
f 425/501/425 430/506/430 431/507/431 426/502/426
f 426/502/426 431/507/431 432/508/432 427/503/427
f 427/503/427 432/508/432 433/509/433 428/504/428
f 375/475/375 376/473/376 434/510/434 429/505/429
f 429/505/429 434/510/434 435/511/435 430/506/430
f 430/506/430 435/511/435 436/512/436 431/507/431
f 431/507/431 436/512/436 437/513/437 432/508/432
f 432/508/432 437/513/437 438/514/438 433/509/433
f 376/473/376 377/471/377 439/515/439 434/510/434
f 434/510/434 439/515/439 440/516/440 435/511/435
f 435/511/435 440/516/440 441/517/441 436/512/436
f 436/512/436 441/517/441 442/518/442 437/513/437
f 437/513/437 442/518/442 443/519/443 438/514/438
f 377/471/377 378/470/378 444/520/444 439/515/439
f 439/515/439 444/520/444 445/521/445 440/516/440
f 440/516/440 445/521/445 446/522/446 441/517/441
f 441/517/441 446/522/446 447/523/447 442/518/442
f 442/518/442 447/523/447 448/524/448 443/519/443
f 413/525/413 418/526/418 450/527/450 449/528/449
f 418/526/418 423/529/423 451/530/451 450/527/450
f 423/529/423 428/531/428 452/532/452 451/530/451
f 428/531/428 433/533/433 453/534/453 452/532/452
f 433/533/433 438/535/438 454/536/454 453/534/453
f 438/535/438 443/537/443 455/538/455 454/536/454
f 443/537/443 448/539/448 456/540/456 455/538/455
f 456/541/456 448/542/448 447/543/447 759/544/759
f 456/540/456 457/545/457 460/546/460 455/538/455
f 457/545/457 458/547/458 461/548/461 460/546/460
f 458/547/458 459/549/459 462/550/462 461/548/461
f 455/538/455 460/546/460 463/551/463 454/536/454
f 460/546/460 461/548/461 464/552/464 463/551/463
f 461/548/461 462/550/462 465/553/465 464/552/464
f 454/536/454 463/551/463 466/554/466 453/534/453
f 463/551/463 464/552/464 467/555/467 466/554/466
f 464/552/464 465/553/465 468/556/468 467/555/467
f 453/534/453 466/554/466 469/557/469 452/532/452
f 466/554/466 467/555/467 470/558/470 469/557/469
f 467/555/467 468/556/468 471/559/471 470/558/470
f 452/532/452 469/557/469 472/560/472 451/530/451
f 469/557/469 470/558/470 473/561/473 472/560/472
f 470/558/470 471/559/471 474/562/474 473/561/473
f 451/530/451 472/560/472 475/563/475 450/527/450
f 472/560/472 473/561/473 476/564/476 475/563/475
f 473/561/473 474/562/474 477/565/477 476/564/476
f 450/527/450 475/563/475 478/566/478 449/528/449
f 475/563/475 476/564/476 479/567/479 478/566/478
f 476/564/476 477/565/477 480/568/480 479/567/479
f 459/549/459 737/569/737 485/570/485 462/550/462
f 737/569/737 736/571/736 486/572/486 485/570/485
f 736/571/736 483/573/483 487/574/487 486/572/486
f 483/573/483 484/575/484 488/576/488 487/574/487
f 462/550/462 485/570/485 489/577/489 465/553/465
f 485/570/485 486/572/486 490/578/490 489/577/489
f 486/572/486 487/574/487 491/579/491 490/578/490
f 487/574/487 488/576/488 492/580/492 491/579/491
f 465/553/465 489/577/489 493/581/493 468/556/468
f 489/577/489 490/578/490 494/582/494 493/581/493
f 490/578/490 491/579/491 495/583/495 494/582/494
f 491/579/491 492/580/492 496/584/496 495/583/495
f 468/556/468 493/581/493 497/585/497 471/559/471
f 493/581/493 494/582/494 498/586/498 497/585/497
f 494/582/494 495/583/495 499/587/499 498/586/498
f 495/583/495 496/584/496 500/588/500 499/587/499
f 471/559/471 497/585/497 501/589/501 474/562/474
f 497/585/497 498/586/498 502/590/502 501/589/501
f 498/586/498 499/587/499 503/591/503 502/590/502
f 499/587/499 500/588/500 504/592/504 503/591/503
f 474/562/474 501/589/501 505/593/505 477/565/477
f 501/589/501 502/590/502 506/594/506 505/593/505
f 502/590/502 503/591/503 507/595/507 506/594/506
f 503/591/503 504/592/504 508/596/508 507/595/507
f 477/565/477 505/593/505 509/597/509 480/568/480
f 505/593/505 506/594/506 510/598/510 509/597/509
f 506/594/506 507/595/507 511/599/511 510/598/510
f 507/595/507 508/596/508 512/600/512 511/599/511
f 512/600/512 508/596/508 517/601/517 513/602/513
f 513/602/513 517/601/517 518/603/518 514/604/514
f 514/604/514 518/603/518 519/605/519 515/606/515
f 515/606/515 519/605/519 520/607/520 516/608/516
f 508/596/508 504/592/504 521/609/521 517/601/517
f 517/601/517 521/609/521 522/610/522 518/603/518
f 518/603/518 522/610/522 523/611/523 519/605/519
f 519/605/519 523/611/523 524/612/524 520/607/520
f 504/592/504 500/588/500 525/613/525 521/609/521
f 521/609/521 525/613/525 526/614/526 522/610/522
f 522/610/522 526/614/526 527/615/527 523/611/523
f 523/611/523 527/615/527 528/616/528 524/612/524
f 500/588/500 496/584/496 529/617/529 525/613/525
f 525/613/525 529/617/529 530/618/530 526/614/526
f 526/614/526 530/618/530 531/619/531 527/615/527
f 527/615/527 531/619/531 532/620/532 528/616/528
f 496/584/496 492/580/492 533/621/533 529/617/529
f 529/617/529 533/621/533 534/622/534 530/618/530
f 530/618/530 534/622/534 535/623/535 531/619/531
f 531/619/531 535/623/535 536/624/536 532/620/532
f 492/580/492 488/576/488 537/625/537 533/621/533
f 533/621/533 537/625/537 538/626/538 534/622/534
f 534/622/534 538/626/538 539/627/539 535/623/535
f 535/623/535 539/627/539 540/628/540 536/624/536
f 488/576/488 484/575/484 541/629/541 537/625/537
f 537/625/537 541/629/541 542/630/542 538/626/538
f 538/626/538 542/630/542 543/631/543 539/627/539
f 539/627/539 543/631/543 544/632/544 540/628/540
f 516/608/516 520/607/520 548/633/548 545/634/545
f 545/634/545 548/633/548 549/635/549 546/636/546
f 546/636/546 549/635/549 550/637/550 547/638/547
f 520/607/520 524/612/524 551/639/551 548/633/548
f 548/633/548 551/639/551 552/640/552 549/635/549
f 549/635/549 552/640/552 553/641/553 550/637/550
f 524/612/524 528/616/528 554/642/554 551/639/551
f 551/639/551 554/642/554 555/643/555 552/640/552
f 552/640/552 555/643/555 556/644/556 553/641/553
f 528/616/528 532/620/532 557/645/557 554/642/554
f 554/642/554 557/645/557 558/646/558 555/643/555
f 555/643/555 558/646/558 559/647/559 556/644/556
f 532/620/532 536/624/536 560/648/560 557/645/557
f 557/645/557 560/648/560 561/649/561 558/646/558
f 558/646/558 561/649/561 562/650/562 559/647/559
f 536/624/536 540/628/540 563/651/563 560/648/560
f 560/648/560 563/651/563 564/652/564 561/649/561
f 561/649/561 564/652/564 565/653/565 562/650/562
f 540/628/540 544/632/544 566/654/566 563/651/563
f 563/651/563 566/654/566 567/655/567 564/652/564
f 564/652/564 567/655/567 568/656/568 565/653/565
f 568/656/568 569/657/569 570/658/570 565/653/565
f 565/653/565 570/658/570 571/659/571 562/650/562
f 562/650/562 571/659/571 572/660/572 559/647/559
f 559/647/559 572/660/572 573/661/573 556/644/556
f 556/644/556 573/661/573 574/662/574 553/641/553
f 553/641/553 574/662/574 575/663/575 550/637/550
f 550/637/550 575/663/575 576/664/576 547/638/547
f 546/665/546 547/666/547 577/667/577 578/668/578
f 545/669/545 546/665/546 578/668/578 592/670/592
f 413/671/413 449/672/449 581/673/581 579/674/579
f 449/672/449 478/675/478 582/676/582 581/673/581
f 478/675/478 479/677/479 583/678/583 582/676/582
f 479/677/479 480/679/480 584/680/584 583/678/583
f 480/679/480 509/681/509 585/682/585 584/680/584
f 509/681/509 510/683/510 586/684/586 585/682/585
f 510/683/510 511/685/511 970/686/970 586/684/586
f 511/685/511 512/687/512 969/688/969 970/686/970
f 512/687/512 513/689/513 588/690/588 969/688/969
f 513/689/513 514/691/514 589/692/589 588/690/588
f 514/691/514 515/693/515 590/694/590 589/692/589
f 515/693/515 516/695/516 591/696/591 590/694/590
f 516/695/516 545/669/545 592/670/592 591/696/591
f 447/543/447 446/697/446 593/698/593 759/544/759
f 446/697/446 445/699/445 594/700/594 593/698/593
f 445/699/445 444/701/444 782/702/782 594/700/594
f 444/701/444 378/435/378 596/433/596 782/702/782
f 199/366/199 197/703/197 786/704/786 317/364/317
f 197/703/197 195/705/195 597/706/597 786/704/786
f 195/705/195 6/232/6 771/231/771 597/706/597
f 293/339/293 599/707/599 600/708/600 297/340/297
f 297/340/297 600/708/600 601/709/601 301/344/301
f 301/344/301 601/709/601 602/710/602 305/348/305
f 599/707/599 603/711/603 604/712/604 600/708/600
f 600/708/600 604/712/604 605/713/605 601/709/601
f 601/709/601 605/713/605 606/714/606 602/710/602
f 603/711/603 607/715/607 609/716/609 604/712/604
f 607/715/607 608/717/608 610/718/610 609/716/609
f 604/712/604 609/716/609 611/719/611 605/713/605
f 609/716/609 610/718/610 612/720/612 611/719/611
f 605/713/605 611/719/611 1099/721/1099 606/714/606
f 611/719/611 612/720/612 1100/722/1100 1099/721/1099
f 405/484/405 409/483/409 616/723/616 613/724/613
f 613/724/613 616/723/616 617/725/617 614/726/614
f 614/726/614 617/725/617 618/727/618 615/728/615
f 409/483/409 619/486/619 641/729/641 616/723/616
f 616/723/616 641/729/641 620/730/620 617/725/617
f 617/725/617 620/730/620 621/731/621 618/727/618
f 621/731/621 622/732/622 625/733/625 618/727/618
f 622/732/622 623/734/623 626/735/626 625/733/625
f 623/734/623 624/736/624 627/737/627 626/735/626
f 618/727/618 625/733/625 628/738/628 615/728/615
f 625/733/625 626/735/626 629/739/629 628/738/628
f 626/735/626 627/737/627 630/740/630 629/739/629
f 620/730/620 631/741/631 633/742/633 621/731/621
f 631/741/631 632/743/632 634/744/634 633/742/633
f 621/731/621 633/742/633 635/745/635 622/732/622
f 633/742/633 634/744/634 636/746/636 635/745/635
f 622/732/622 635/745/635 637/747/637 623/734/623
f 635/745/635 636/746/636 638/748/638 637/747/637
f 623/734/623 637/747/637 639/749/639 624/736/624
f 637/747/637 638/748/638 640/750/640 639/749/639
f 620/730/620 641/729/641 642/751/642 631/741/631
f 631/741/631 642/751/642 643/752/643 632/743/632
f 411/490/411 412/492/412 413/494/413 579/753/579
f 641/729/641 619/486/619 644/754/644 642/751/642
f 642/751/642 644/754/644 645/755/645 643/752/643
f 410/488/410 411/490/411 644/754/644 619/486/619
f 644/754/644 411/490/411 579/753/579 645/755/645
f 640/750/640 646/756/646 648/757/648 639/749/639
f 646/756/646 647/758/647 649/759/649 648/757/648
f 639/749/639 648/757/648 650/760/650 624/736/624
f 648/757/648 649/759/649 651/761/651 650/760/650
f 624/736/624 650/760/650 652/762/652 627/737/627
f 650/760/650 651/761/651 653/763/653 652/762/652
f 627/737/627 652/762/652 654/764/654 630/740/630
f 652/762/652 653/763/653 655/765/655 654/764/654
f 647/758/647 656/766/656 658/767/658 649/759/649
f 656/766/656 657/768/657 659/769/659 658/767/658
f 649/759/649 658/767/658 660/770/660 651/761/651
f 658/767/658 659/769/659 661/771/661 660/770/660
f 651/761/651 660/770/660 662/772/662 653/763/653
f 660/770/660 661/771/661 663/773/663 662/772/662
f 653/763/653 662/772/662 664/774/664 655/765/655
f 662/772/662 663/773/663 665/775/665 664/774/664
f 657/768/657 666/776/666 668/777/668 659/769/659
f 666/776/666 667/778/667 669/779/669 668/777/668
f 659/769/659 668/777/668 670/780/670 661/771/661
f 668/777/668 669/779/669 671/781/671 670/780/670
f 661/771/661 670/780/670 672/782/672 663/773/663
f 670/780/670 671/781/671 673/783/673 672/782/672
f 663/773/663 672/782/672 674/784/674 665/775/665
f 672/782/672 673/783/673 675/785/675 674/784/674
f 667/778/667 676/786/676 678/787/678 669/779/669
f 676/786/676 677/788/677 679/789/679 678/787/678
f 669/779/669 678/787/678 680/790/680 671/781/671
f 678/787/678 679/789/679 681/791/681 680/790/680
f 671/781/671 680/790/680 682/792/682 673/783/673
f 680/790/680 681/791/681 683/793/683 682/792/682
f 673/783/673 682/792/682 684/794/684 675/785/675
f 682/792/682 683/793/683 685/795/685 684/794/684
f 542/796/542 541/797/541 689/798/689 686/799/686
f 686/799/686 689/798/689 690/800/690 687/801/687
f 687/801/687 690/800/690 691/802/691 688/803/688
f 541/797/541 484/804/484 692/805/692 689/798/689
f 689/798/689 692/805/692 693/806/693 690/800/690
f 690/800/690 693/806/693 694/807/694 691/802/691
f 484/804/484 483/808/483 695/809/695 692/805/692
f 692/805/692 695/809/695 696/810/696 693/806/693
f 693/806/693 696/810/696 697/811/697 694/807/694
f 688/803/688 691/802/691 700/812/700 698/813/698
f 698/813/698 700/812/700 701/814/701 699/815/699
f 691/802/691 694/807/694 702/816/702 700/812/700
f 700/812/700 702/816/702 703/817/703 701/814/701
f 694/807/694 697/811/697 704/818/704 702/816/702
f 702/816/702 704/818/704 705/819/705 703/817/703
f 699/815/699 701/814/701 708/820/708 706/821/706
f 706/821/706 708/820/708 709/822/709 707/823/707
f 701/814/701 703/817/703 710/824/710 708/820/708
f 708/820/708 710/824/710 711/825/711 709/822/709
f 703/817/703 705/819/705 712/826/712 710/824/710
f 710/824/710 712/826/712 713/827/713 711/825/711
f 713/827/713 714/828/714 716/829/716 711/825/711
f 714/828/714 715/830/715 717/831/717 716/829/716
f 711/825/711 716/829/716 718/832/718 709/822/709
f 716/829/716 717/831/717 719/833/719 718/832/718
f 709/822/709 718/832/718 720/834/720 707/823/707
f 718/832/718 719/833/719 721/835/721 720/834/720
f 715/836/715 747/837/747 723/838/723 717/839/717
f 717/839/717 723/838/723 724/840/724 719/841/719
f 719/841/719 724/840/724 725/842/725 721/843/721
f 543/844/543 542/796/542 686/799/686 734/845/734
f 686/799/686 687/801/687 728/846/728 734/845/734
f 687/801/687 688/803/688 729/847/729 728/846/728
f 688/803/688 698/813/698 730/848/730 729/847/729
f 698/813/698 699/815/699 731/849/731 730/848/730
f 699/815/699 706/821/706 732/850/732 731/849/731
f 706/821/706 707/823/707 733/851/733 732/850/732
f 707/823/707 720/834/720 1021/852/1021 733/851/733
f 1021/852/1021 720/834/720 721/835/721 726/853/726
f 721/843/721 725/842/725 735/854/735 726/855/726
f 483/808/483 736/856/736 738/857/738 695/809/695
f 736/856/736 737/858/737 722/859/722 738/857/738
f 695/809/695 738/857/738 740/860/740 696/810/696
f 738/857/738 722/859/722 741/861/741 740/860/740
f 696/810/696 740/860/740 742/862/742 697/811/697
f 740/860/740 741/861/741 743/863/743 742/862/742
f 697/811/697 742/862/742 744/864/744 704/818/704
f 742/862/742 743/863/743 745/865/745 744/864/744
f 704/818/704 744/864/744 481/866/481 705/819/705
f 744/864/744 745/865/745 482/867/482 481/866/481
f 705/819/705 481/866/481 748/868/748 712/826/712
f 481/866/481 482/867/482 749/869/749 748/868/748
f 712/826/712 748/868/748 750/870/750 713/827/713
f 748/868/748 749/869/749 751/871/751 750/870/750
f 713/827/713 750/870/750 752/872/752 714/828/714
f 750/870/750 751/871/751 753/873/753 752/872/752
f 714/828/714 752/872/752 754/874/754 715/830/715
f 752/872/752 753/873/753 755/875/755 754/874/754
f 715/836/715 754/876/754 746/877/746 747/837/747
f 754/876/754 755/878/755 756/879/756 746/877/746
f 737/858/737 459/880/459 3/881/3 722/859/722
f 459/880/459 458/882/458 765/883/765 3/881/3
f 458/882/458 457/884/457 794/885/794 765/883/765
f 457/884/457 456/541/456 759/544/759 794/885/794
f 722/859/722 3/881/3 739/886/739 741/861/741
f 741/861/741 739/886/739 760/887/760 743/863/743
f 743/863/743 760/887/760 761/888/761 745/865/745
f 745/865/745 761/888/761 762/889/762 482/867/482
f 482/867/482 762/889/762 763/890/763 749/869/749
f 749/869/749 763/890/763 764/891/764 751/871/751
f 751/871/751 764/891/764 773/892/773 753/873/753
f 753/873/753 773/892/773 766/893/766 755/875/755
f 756/879/756 755/878/755 766/894/766 757/895/757
f 5/2/5 768/896/768 767/897/767 4/3/4
f 767/897/767 768/896/768 770/898/770 769/899/769
f 770/898/770 757/895/757 766/894/766 769/899/769
f 4/230/4 767/900/767 772/901/772 771/231/771
f 767/900/767 769/902/769 778/903/778 772/901/772
f 769/902/769 766/893/766 773/892/773 778/903/778
f 3/881/3 765/883/765 598/904/598 739/886/739
f 739/886/739 598/904/598 777/905/777 760/887/760
f 760/887/760 777/905/777 774/906/774 761/888/761
f 761/888/761 774/906/774 775/907/775 762/889/762
f 762/889/762 775/907/775 776/908/776 763/890/763
f 763/890/763 776/908/776 789/909/789 764/891/764
f 764/891/764 789/909/789 778/903/778 773/892/773
f 14/15/14 12/13/12 781/910/781 780/911/780
f 779/912/779 16/17/16 14/15/14 780/911/780
f 774/906/774 779/912/779 780/911/780 775/907/775
f 780/911/780 781/910/781 776/908/776 775/907/775
f 596/433/596 309/431/309 783/913/783 782/702/782
f 309/431/309 307/429/307 791/914/791 783/913/783
f 307/429/307 20/21/20 784/19/784 791/914/791
f 10/10/10 312/360/312 595/915/595 787/11/787
f 312/360/312 314/362/314 785/916/785 595/915/595
f 314/362/314 317/364/317 786/704/786 785/916/785
f 12/13/12 787/11/787 788/917/788 781/910/781
f 781/910/781 788/917/788 789/909/789 776/908/776
f 774/906/774 777/905/777 796/918/796 779/912/779
f 779/912/779 796/918/796 790/919/790 16/17/16
f 16/17/16 790/919/790 791/914/791 784/19/784
f 786/704/786 597/706/597 792/920/792 785/916/785
f 785/916/785 792/920/792 793/921/793 595/915/595
f 595/915/595 793/921/793 788/917/788 787/11/787
f 597/706/597 771/231/771 772/901/772 792/920/792
f 792/920/792 772/901/772 778/903/778 793/921/793
f 793/921/793 778/903/778 789/909/789 788/917/788
f 765/883/765 794/885/794 795/922/795 598/904/598
f 598/904/598 795/922/795 796/918/796 777/905/777
f 795/922/795 794/885/794 18/923/18 796/918/796
f 796/918/796 18/923/18 758/924/758 790/919/790
f 790/919/790 758/924/758 783/913/783 791/914/791
f 794/885/794 759/544/759 593/698/593 18/923/18
f 18/923/18 593/698/593 594/700/594 758/924/758
f 758/924/758 594/700/594 782/702/782 783/913/783
f 2/1/2 797/925/797 799/926/799 5/2/5
f 797/925/797 798/927/798 865/928/865 799/926/799
f 5/2/5 799/926/799 800/929/800 768/896/768
f 799/926/799 865/928/865 801/930/801 800/929/800
f 768/896/768 800/929/800 802/931/802 770/898/770
f 800/929/800 801/930/801 803/932/803 802/931/802
f 770/898/770 802/931/802 804/933/804 757/895/757
f 802/931/802 803/932/803 805/934/805 804/933/804
f 757/895/757 804/933/804 806/935/806 756/879/756
f 804/933/804 805/934/805 807/936/807 806/935/806
f 756/879/756 806/935/806 808/937/808 746/877/746
f 806/935/806 807/936/807 809/938/809 808/937/808
f 746/877/746 808/937/808 812/939/812 747/837/747
f 808/937/808 809/938/809 813/940/813 812/939/812
f 747/837/747 812/939/812 814/941/814 723/838/723
f 812/939/812 813/940/813 815/942/815 814/941/814
f 723/838/723 814/941/814 816/943/816 724/840/724
f 814/941/814 815/942/815 817/944/817 816/943/816
f 724/840/724 816/943/816 818/945/818 725/842/725
f 816/943/816 817/944/817 819/946/819 818/945/818
f 725/842/725 818/945/818 820/947/820 735/854/735
f 818/945/818 819/946/819 821/948/821 820/947/820
f 305/949/305 824/950/824 832/951/832 304/952/304
f 832/951/832 824/950/824 810/953/810 811/954/811
f 305/949/305 602/955/602 825/956/825 824/950/824
f 602/955/602 606/957/606 826/958/826 825/956/825
f 824/950/824 825/956/825 827/959/827 810/953/810
f 825/956/825 826/958/826 828/960/828 827/959/827
f 287/961/287 289/962/289 829/963/829 823/964/823
f 289/962/289 302/965/302 830/966/830 829/963/829
f 302/965/302 303/967/303 831/968/831 830/966/830
f 303/967/303 304/952/304 832/951/832 831/968/831
f 832/951/832 811/954/811 833/969/833 831/968/831
f 831/968/831 833/969/833 834/970/834 830/966/830
f 830/966/830 834/970/834 835/971/835 829/963/829
f 829/963/829 835/971/835 822/972/822 823/964/823
f 287/961/287 823/964/823 837/973/837 286/974/286
f 286/974/286 837/973/837 838/975/838 285/976/285
f 285/976/285 838/975/838 839/977/839 269/978/269
f 269/978/269 839/977/839 840/979/840 268/980/268
f 268/980/268 840/979/840 836/981/836 267/982/267
f 823/964/823 822/972/822 842/983/842 837/973/837
f 837/973/837 842/983/842 843/984/843 838/975/838
f 838/975/838 843/984/843 844/985/844 839/977/839
f 839/977/839 844/985/844 845/986/845 840/979/840
f 840/979/840 845/986/845 841/987/841 836/981/836
f 267/982/267 836/981/836 847/988/847 251/989/251
f 251/989/251 847/988/847 848/990/848 250/991/250
f 250/991/250 848/990/848 849/992/849 249/993/249
f 836/981/836 841/987/841 850/994/850 847/988/847
f 847/988/847 850/994/850 851/995/851 848/990/848
f 848/990/848 851/995/851 852/996/852 849/992/849
f 866/997/866 846/998/846 853/999/853 875/1000/875
f 853/999/853 855/1001/855 856/1002/856 875/1000/875
f 856/1002/856 855/1001/855 857/1003/857 858/1004/858
f 857/1003/857 859/1005/859 860/1006/860 858/1004/858
f 860/1006/860 859/1005/859 882/1007/882 881/1008/881
f 880/1009/880 815/942/815 813/940/813 861/1010/861
f 881/1008/881 880/1009/880 861/1010/861 860/1006/860
f 856/1002/856 858/1004/858 863/1011/863 862/1012/862
f 862/1012/862 863/1011/863 809/938/809 807/936/807
f 858/1004/858 860/1006/860 861/1010/861 863/1011/863
f 863/1011/863 861/1010/861 813/940/813 809/938/809
f 875/1000/875 856/1002/856 862/1012/862 874/1013/874
f 874/1013/874 862/1012/862 807/936/807 805/934/805
f 798/927/798 220/1014/220 868/1015/868 865/928/865
f 220/1014/220 221/1016/221 869/1017/869 868/1015/868
f 221/1016/221 247/1018/247 854/1019/854 869/1017/869
f 865/928/865 868/1015/868 870/1020/870 801/930/801
f 868/1015/868 869/1017/869 871/1021/871 870/1020/870
f 801/930/801 870/1020/870 872/1022/872 803/932/803
f 870/1020/870 871/1021/871 873/1023/873 872/1022/872
f 803/932/803 872/1022/872 874/1013/874 805/934/805
f 872/1022/872 873/1023/873 875/1000/875 874/1013/874
f 869/1017/869 854/1019/854 864/1024/864 871/1021/871
f 871/1021/871 864/1024/864 867/1025/867 873/1023/873
f 873/1023/873 867/1025/867 866/997/866 875/1000/875
f 854/1019/854 876/1026/876 877/1027/877 864/1024/864
f 877/1027/877 876/1026/876 878/1028/878 879/1029/879
f 864/1024/864 877/1027/877 866/997/866 867/1025/867
f 866/997/866 877/1027/877 879/1029/879 846/998/846
f 852/996/852 878/1028/878 876/1026/876 849/992/849
f 249/993/249 849/992/849 876/1026/876 248/1030/248
f 876/1026/876 854/1019/854 247/1018/247 248/1030/248
f 815/942/815 880/1009/880 883/1031/883 817/944/817
f 880/1009/880 881/1008/881 884/1032/884 883/1031/883
f 881/1008/881 882/1007/882 885/1033/885 884/1032/884
f 817/944/817 883/1031/883 886/1034/886 819/946/819
f 883/1031/883 884/1032/884 887/1035/887 886/1034/886
f 884/1032/884 885/1033/885 888/1036/888 887/1035/887
f 819/946/819 886/1034/886 889/1037/889 821/948/821
f 886/1034/886 887/1035/887 890/1038/890 889/1037/889
f 887/1035/887 888/1036/888 891/1039/891 890/1038/890
f 891/1039/891 892/1040/892 895/1041/895 890/1038/890
f 892/1040/892 893/1042/893 896/1043/896 895/1041/895
f 893/1042/893 894/1044/894 897/1045/897 896/1043/896
f 890/1038/890 895/1041/895 898/1046/898 889/1037/889
f 895/1041/895 896/1043/896 899/1047/899 898/1046/898
f 896/1043/896 897/1045/897 900/1048/900 899/1047/899
f 889/1037/889 898/1046/898 901/1049/901 821/948/821
f 898/1046/898 899/1047/899 902/1050/902 901/1049/901
f 899/1047/899 900/1048/900 903/1051/903 902/1050/902
f 821/948/821 901/1049/901 904/1052/904 820/947/820
f 901/1049/901 902/1050/902 905/1053/905 904/1052/904
f 902/1050/902 903/1051/903 906/1054/906 905/1053/905
f 820/947/820 904/1052/904 907/1055/907 735/854/735
f 904/1052/904 905/1053/905 908/1056/908 907/1055/907
f 905/1053/905 906/1054/906 909/1057/909 908/1056/908
f 735/854/735 907/1055/907 910/1058/910 726/855/726
f 907/1055/907 908/1056/908 911/1059/911 910/1058/910
f 908/1056/908 909/1057/909 912/1060/912 911/1059/911
f 882/1061/882 938/1062/938 914/1063/914 885/1064/885
f 885/1064/885 914/1063/914 915/1065/915 888/1066/888
f 888/1066/888 915/1065/915 916/1067/916 891/1068/891
f 916/1067/916 917/1069/917 892/1070/892 891/1068/891
f 892/1070/892 917/1069/917 918/1071/918 893/1072/893
f 1454/1073/1454 919/1074/919 1392/1075/1392 1440/1076/1440
f 547/666/547 576/1077/576 920/1078/920 577/667/577
f 577/667/577 920/1078/920 921/1079/921 578/668/578
f 912/1060/912 909/1057/909 924/1080/924 922/1081/922
f 922/1081/922 924/1080/924 925/1082/925 923/1083/923
f 909/1057/909 906/1054/906 926/1084/926 924/1080/924
f 924/1080/924 926/1084/926 927/1085/927 925/1082/925
f 906/1054/906 903/1051/903 928/1086/928 926/1084/926
f 926/1084/926 928/1086/928 929/1087/929 927/1085/927
f 903/1051/903 900/1048/900 930/1088/930 928/1086/928
f 928/1086/928 930/1088/930 931/1089/931 929/1087/929
f 900/1048/900 897/1045/897 932/1090/932 930/1088/930
f 930/1088/930 932/1090/932 933/1091/933 931/1089/931
f 897/1045/897 894/1044/894 934/1092/934 932/1090/932
f 932/1090/932 934/1092/934 935/1093/935 933/1091/933
f 918/1071/918 1288/1094/1288 894/1095/894 893/1072/893
f 894/1096/894 1288/1097/1288 1392/1075/1392 919/1074/919
f 882/1061/882 859/1098/859 985/1099/985 938/1062/938
f 859/1098/859 857/1100/857 986/1101/986 985/1099/985
f 857/1100/857 855/1102/855 940/1103/940 986/1101/986
f 591/696/591 913/1104/913 945/1105/945 590/694/590
f 913/1104/913 942/1106/942 946/1107/946 945/1105/945
f 942/1106/942 943/1108/943 947/1109/947 946/1107/946
f 943/1108/943 944/1110/944 948/1111/948 947/1109/947
f 590/694/590 945/1105/945 949/1112/949 589/692/589
f 945/1105/945 946/1107/946 950/1113/950 949/1112/949
f 946/1107/946 947/1109/947 951/1114/951 950/1113/950
f 947/1109/947 948/1111/948 952/1115/952 951/1114/951
f 589/692/589 949/1112/949 953/1116/953 588/690/588
f 949/1112/949 950/1113/950 954/1117/954 953/1116/953
f 950/1113/950 951/1114/951 955/1118/955 954/1117/954
f 951/1114/951 952/1115/952 956/1119/956 955/1118/955
f 944/1110/944 957/1120/957 960/1121/960 948/1111/948
f 957/1120/957 958/1122/958 961/1123/961 960/1121/960
f 958/1122/958 959/1124/959 962/1125/962 961/1123/961
f 959/1124/959 916/1067/916 915/1065/915 962/1125/962
f 948/1111/948 960/1121/960 963/1126/963 952/1115/952
f 960/1121/960 961/1123/961 964/1127/964 963/1126/963
f 961/1123/961 962/1125/962 965/1128/965 964/1127/964
f 962/1125/962 915/1065/915 914/1063/914 965/1128/965
f 952/1115/952 963/1126/963 966/1129/966 956/1119/956
f 963/1126/963 964/1127/964 967/1130/967 966/1129/966
f 964/1127/964 965/1128/965 968/1131/968 967/1130/967
f 965/1128/965 914/1063/914 938/1062/938 968/1131/968
f 588/690/588 953/1116/953 971/1132/971 969/688/969
f 969/688/969 971/1132/971 972/1133/972 970/686/970
f 953/1116/953 954/1117/954 973/1134/973 971/1132/971
f 971/1132/971 973/1134/973 974/1135/974 972/1133/972
f 954/1117/954 955/1118/955 975/1136/975 973/1134/973
f 973/1134/973 975/1136/975 976/1137/976 974/1135/974
f 955/1118/955 956/1119/956 977/1138/977 975/1136/975
f 975/1136/975 977/1138/977 978/1139/978 976/1137/976
f 956/1119/956 966/1129/966 979/1140/979 977/1138/977
f 977/1138/977 979/1140/979 980/1141/980 978/1139/978
f 966/1129/966 967/1130/967 981/1142/981 979/1140/979
f 979/1140/979 981/1142/981 982/1143/982 980/1141/980
f 967/1130/967 968/1131/968 983/1144/983 981/1142/981
f 981/1142/981 983/1144/983 984/1145/984 982/1143/982
f 968/1131/968 938/1062/938 985/1099/985 983/1144/983
f 983/1144/983 985/1099/985 986/1101/986 984/1145/984
f 855/1102/855 853/1146/853 939/1147/939 940/1103/940
f 853/1146/853 846/1148/846 587/1149/587 939/1147/939
f 846/1148/846 879/1150/879 941/1151/941 587/1149/587
f 879/1150/879 878/1152/878 987/1153/987 941/1151/941
f 878/1152/878 852/1154/852 988/1155/988 987/1153/987
f 852/1156/852 851/1157/851 580/1158/580 988/1159/988
f 851/1157/851 850/1160/850 990/1161/990 580/1158/580
f 850/1160/850 841/1162/841 991/1163/991 990/1161/990
f 841/1162/841 845/1164/845 992/1165/992 991/1163/991
f 845/1164/845 844/1166/844 993/1167/993 992/1165/992
f 844/1166/844 843/1168/843 994/1169/994 993/1167/993
f 843/1168/843 842/1170/842 1003/1171/1003 994/1169/994
f 828/1172/828 989/1173/989 996/1174/996 827/1175/827
f 827/1175/827 996/1174/996 997/1176/997 810/1177/810
f 810/1177/810 997/1176/997 998/1178/998 811/1179/811
f 811/1179/811 998/1178/998 999/1180/999 833/1181/833
f 833/1181/833 999/1180/999 1000/1182/1000 834/1183/834
f 834/1183/834 1000/1182/1000 1001/1184/1001 835/1185/835
f 835/1185/835 1001/1184/1001 1002/1186/1002 822/1187/822
f 822/1187/822 1002/1186/1002 1003/1171/1003 842/1170/842
f 989/1173/989 603/1188/603 599/1189/599 996/1174/996
f 996/1174/996 599/1189/599 293/1190/293 997/1176/997
f 997/1176/997 293/1190/293 292/1191/292 998/1178/998
f 270/1192/270 1072/1193/1072 1073/1194/1073 271/1195/271
f 272/1196/272 1074/1197/1074 1000/1182/1000 290/1198/290
f 1073/1194/1073 1074/1197/1074 272/1196/272 271/1195/271
f 685/1199/685 995/1200/995 1004/1201/1004 684/1202/684
f 1004/1201/1004 995/1200/995 1005/1203/1005 1006/1204/1006
f 1005/1203/1005 677/1205/677 676/1206/676 1006/1204/1006
f 667/1207/667 1007/1208/1007 1006/1204/1006 676/1206/676
f 1006/1204/1006 1007/1208/1007 1008/1209/1008 1004/1201/1004
f 1008/1209/1008 675/1210/675 684/1202/684 1004/1201/1004
f 927/1211/927 929/1212/929 1010/1213/1010 1015/1214/1015
f 929/1212/929 931/1215/931 1011/1216/1011 1010/1213/1010
f 931/1215/931 933/1217/933 1012/1218/1012 1011/1216/1011
f 933/1217/933 935/1219/935 1013/1220/1013 1012/1218/1012
f 935/1219/935 937/1221/937 1014/1222/1014 1013/1220/1013
f 927/1211/927 1015/1214/1015 1349/1223/1349 925/1224/925
f 925/1224/925 1349/1223/1349 1017/1225/1017 923/1226/923
f 923/1226/923 1017/1225/1017 1226/1227/1226 922/1228/922
f 922/1228/922 1226/1227/1226 1232/1229/1232 912/1230/912
f 912/1231/912 1232/1232/1232 1019/1233/1019 911/1234/911
f 911/1234/911 1019/1233/1019 1020/1235/1020 910/1236/910
f 910/1236/910 1020/1235/1020 1021/852/1021 726/853/726
f 543/844/543 734/845/734 1009/1237/1009 544/1238/544
f 544/1238/544 1009/1237/1009 1022/1239/1022 566/1240/566
f 566/1240/566 1022/1239/1022 1564/1241/1564 567/1242/567
f 567/1242/567 1564/1241/1564 1023/1243/1023 568/1244/568
f 568/1244/568 1023/1243/1023 727/1245/727 569/1246/569
f 569/1247/569 727/1248/727 1025/1249/1025 570/1250/570
f 570/1250/570 1025/1249/1025 1026/1251/1026 571/1252/571
f 571/1252/571 1026/1251/1026 1027/1253/1027 572/1254/572
f 572/1254/572 1027/1253/1027 1028/1255/1028 573/1256/573
f 573/1256/573 1028/1255/1028 1024/1257/1024 574/1258/574
f 574/1258/574 1024/1257/1024 1030/1259/1030 575/1260/575
f 575/1260/575 1030/1259/1030 1031/1261/1031 576/1262/576
f 576/1262/576 1031/1261/1031 1032/1263/1032 920/1264/920
f 920/1264/920 1032/1263/1032 1033/1265/1033 921/1266/921
f 1033/1265/1033 1034/1267/1034 1029/1268/1029 921/1266/921
f 1029/1268/1029 1034/1267/1034 1036/1269/1036 1035/1270/1035
f 1404/1271/1404 1405/1272/1405 1398/1273/1398 1197/1274/1197
f 941/1151/941 1039/1275/1039 1045/1276/1045 587/1149/587
f 1039/1275/1039 1040/1277/1040 1046/1278/1046 1045/1276/1045
f 1040/1277/1040 1041/1279/1041 1047/1280/1047 1046/1278/1046
f 1041/1279/1041 1042/1281/1042 1048/1282/1048 1047/1280/1047
f 1042/1281/1042 1043/1283/1043 1049/1284/1049 1048/1282/1048
f 1043/1283/1043 1146/1285/1146 1050/1286/1050 1049/1284/1049
f 1146/1285/1146 1044/1287/1044 1051/1288/1051 1050/1286/1050
f 1044/1287/1044 583/678/583 584/680/584 1051/1288/1051
f 587/1149/587 1045/1276/1045 1052/1289/1052 939/1147/939
f 1045/1276/1045 1046/1278/1046 1053/1290/1053 1052/1289/1052
f 1046/1278/1046 1047/1280/1047 1054/1291/1054 1053/1290/1053
f 1047/1280/1047 1048/1282/1048 1055/1292/1055 1054/1291/1054
f 1048/1282/1048 1049/1284/1049 1056/1293/1056 1055/1292/1055
f 1049/1284/1049 1050/1286/1050 1057/1294/1057 1056/1293/1056
f 1050/1286/1050 1051/1288/1051 1058/1295/1058 1057/1294/1057
f 1051/1288/1051 584/680/584 585/682/585 1058/1295/1058
f 939/1147/939 1052/1289/1052 1059/1296/1059 940/1103/940
f 1052/1289/1052 1053/1290/1053 1060/1297/1060 1059/1296/1059
f 1053/1290/1053 1054/1291/1054 1061/1298/1061 1060/1297/1060
f 1054/1291/1054 1055/1292/1055 1062/1299/1062 1061/1298/1061
f 1055/1292/1055 1056/1293/1056 1063/1300/1063 1062/1299/1062
f 1056/1293/1056 1057/1294/1057 1064/1301/1064 1063/1300/1063
f 1057/1294/1057 1058/1295/1058 1065/1302/1065 1064/1301/1064
f 1058/1295/1058 585/682/585 586/684/586 1065/1302/1065
f 940/1103/940 1059/1296/1059 984/1145/984 986/1101/986
f 1059/1296/1059 1060/1297/1060 982/1143/982 984/1145/984
f 1060/1297/1060 1061/1298/1061 980/1141/980 982/1143/982
f 1061/1298/1061 1062/1299/1062 978/1139/978 980/1141/980
f 1062/1299/1062 1063/1300/1063 976/1137/976 978/1139/978
f 1063/1300/1063 1064/1301/1064 974/1135/974 976/1137/976
f 1064/1301/1064 1065/1302/1065 972/1133/972 974/1135/974
f 1065/1302/1065 586/684/586 970/686/970 972/1133/972
f 223/386/223 319/385/319 1066/1303/1066 224/1304/224
f 1066/1305/1066 1067/1306/1067 225/1307/225 224/1308/224
f 225/1307/225 1067/1306/1067 1068/1309/1068 226/1310/226
f 226/1310/226 1068/1309/1068 1069/1311/1069 252/1312/252
f 1069/1311/1069 1070/1313/1070 253/1314/253 252/1312/252
f 254/1315/254 253/1314/253 1070/1313/1070 1071/1316/1071
f 1071/1316/1071 1072/1193/1072 270/1192/270 254/1315/254
f 1000/1182/1000 999/1180/999 291/1317/291 290/1198/290
f 291/1317/291 999/1180/999 998/1178/998 292/1191/292
f 1001/1184/1001 1000/1182/1000 1074/1197/1074 1002/1186/1002
f 1069/1311/1069 991/1163/991 992/1165/992 1070/1313/1070
f 1070/1313/1070 992/1165/992 993/1167/993 1071/1316/1071
f 1071/1316/1071 993/1167/993 994/1169/994 1072/1193/1072
f 1072/1193/1072 994/1169/994 1003/1171/1003 1073/1194/1073
f 1073/1194/1073 1003/1171/1003 1002/1186/1002 1074/1197/1074
f 988/1159/988 580/1158/580 1067/1306/1067 1066/1305/1066
f 580/1158/580 990/1161/990 1068/1309/1068 1067/1306/1067
f 990/1161/990 991/1163/991 1069/1311/1069 1068/1309/1068
f 1146/1285/1146 1043/1283/1043 1078/1318/1078 1075/1319/1075
f 1075/1319/1075 1078/1318/1078 1079/1320/1079 1076/1321/1076
f 1076/1321/1076 1079/1320/1079 1080/1322/1080 1077/1323/1077
f 1077/1323/1077 1080/1322/1080 373/428/373 402/465/402
f 1043/1283/1043 1042/1281/1042 1081/1324/1081 1078/1318/1078
f 1078/1318/1078 1081/1324/1081 1082/1325/1082 1079/1320/1079
f 1079/1320/1079 1082/1325/1082 1083/1326/1083 1080/1322/1080
f 1080/1322/1080 1083/1326/1083 372/427/372 373/428/373
f 1042/1281/1042 1041/1279/1041 1084/1327/1084 1081/1324/1081
f 1081/1324/1081 1084/1327/1084 1085/1328/1085 1082/1325/1082
f 1082/1325/1082 1085/1328/1085 1086/1329/1086 1083/1326/1083
f 1083/1326/1083 1086/1329/1086 371/426/371 372/427/372
f 1041/1279/1041 1040/1277/1040 1087/1330/1087 1084/1327/1084
f 1084/1327/1084 1087/1330/1087 1088/1331/1088 1085/1328/1085
f 1085/1328/1085 1088/1331/1088 1089/1332/1089 1086/1329/1086
f 1086/1329/1086 1089/1332/1089 370/425/370 371/426/371
f 1040/1277/1040 1039/1275/1039 1090/1333/1090 1087/1330/1087
f 1087/1330/1087 1090/1333/1090 1091/1334/1091 1088/1331/1088
f 1088/1331/1088 1091/1334/1091 1092/1335/1092 1089/1332/1089
f 1089/1332/1089 1092/1335/1092 369/424/369 370/425/370
f 987/1153/987 988/1155/988 1093/1336/1093 1094/1337/1094
f 988/1155/988 1066/1303/1066 1095/1338/1095 1093/1336/1093
f 1095/1338/1095 1066/1303/1066 319/385/319 367/422/367
f 1094/1337/1094 1039/1275/1039 941/1151/941 987/1153/987
f 1093/1336/1093 1095/1338/1095 1097/1339/1097 1096/1340/1096
f 1096/1340/1096 1097/1339/1097 1092/1335/1092 1091/1334/1091
f 1095/1338/1095 367/422/367 368/423/368 1097/1339/1097
f 1097/1339/1097 368/423/368 369/424/369 1092/1335/1092
f 1094/1337/1094 1093/1336/1093 1096/1340/1096 1098/1341/1098
f 1098/1341/1098 1096/1340/1096 1091/1334/1091 1090/1333/1090
f 1098/1341/1098 1090/1333/1090 1039/1275/1039 1094/1337/1094
f 606/957/606 1099/1342/1099 1101/1343/1101 826/958/826
f 1099/1342/1099 1100/1344/1100 1102/1345/1102 1101/1343/1101
f 1101/1343/1101 1103/1346/1103 828/960/828 826/958/826
f 1103/1346/1103 1101/1343/1101 1102/1345/1102 1104/1347/1104
f 1104/1348/1104 1105/1349/1105 1106/1350/1106 1103/1351/1103
f 1106/1350/1106 1105/1349/1105 1107/1352/1107 1108/1353/1108
f 1103/1351/1103 1106/1350/1106 989/1173/989 828/1172/828
f 1107/1352/1107 1110/1354/1110 1109/1355/1109 1108/1353/1108
f 1109/1355/1109 1110/1354/1110 608/1356/608 607/1357/607
f 603/1188/603 989/1173/989 1112/1358/1112 1111/1359/1111
f 1111/1359/1111 1112/1358/1112 1108/1353/1108 1109/1355/1109
f 607/1357/607 603/1188/603 1111/1359/1111 1109/1355/1109
f 989/1173/989 1106/1350/1106 1108/1353/1108 1112/1358/1112
f 675/1210/675 1008/1209/1008 1113/1360/1113 674/1361/674
f 1113/1360/1113 1008/1209/1008 1007/1208/1007 1114/1362/1114
f 674/1361/674 1113/1360/1113 1115/1363/1115 665/1364/665
f 665/1364/665 1115/1363/1115 1116/1365/1116 664/1366/664
f 664/1366/664 1116/1365/1116 1117/1367/1117 655/1368/655
f 655/1368/655 1117/1367/1117 1118/1369/1118 654/1370/654
f 654/1370/654 1118/1369/1118 1119/1371/1119 630/1372/630
f 630/1372/630 1119/1371/1119 1120/1373/1120 629/1374/629
f 629/1374/629 1120/1373/1120 1121/1375/1121 628/1376/628
f 628/1376/628 1121/1375/1121 1122/1377/1122 615/1378/615
f 614/1379/614 615/1378/615 1122/1377/1122 1123/1380/1123
f 1123/1380/1123 1124/1381/1124 613/1382/613 614/1379/614
f 613/1382/613 1124/1381/1124 404/1383/404 405/1384/405
f 1114/1362/1114 1125/1385/1125 1115/1363/1115 1113/1360/1113
f 1115/1363/1115 1125/1385/1125 1126/1386/1126 1116/1365/1116
f 1126/1386/1126 1128/1387/1128 1117/1367/1117 1116/1365/1116
f 666/1388/666 1114/1362/1114 1007/1208/1007 667/1207/667
f 647/1389/647 1128/1387/1128 1126/1386/1126 656/1390/656
f 656/1390/656 1126/1386/1126 1125/1385/1125 657/1391/657
f 657/1391/657 1125/1385/1125 1114/1362/1114 666/1388/666
f 647/1389/647 646/1392/646 1129/1393/1129 1128/1387/1128
f 646/1392/646 640/1394/640 1130/1395/1130 1129/1393/1129
f 640/1394/640 638/1396/638 1131/1397/1131 1130/1395/1130
f 638/1396/638 636/1398/636 1127/1399/1127 1131/1397/1131
f 636/1398/636 634/1400/634 1133/1401/1133 1127/1399/1127
f 634/1400/634 632/1402/632 1134/1403/1134 1133/1401/1133
f 1135/1404/1135 1134/1403/1134 1136/1405/1136 1141/1406/1141
f 1136/1407/1136 1149/1408/1149 1140/1409/1140 1141/1410/1141
f 1119/1371/1119 1137/1411/1137 1121/1375/1121 1120/1373/1120
f 1130/1395/1130 1119/1371/1119 1118/1369/1118 1129/1393/1129
f 1129/1393/1129 1118/1369/1118 1117/1367/1117 1128/1387/1128
f 1130/1395/1130 1131/1397/1131 1137/1411/1137 1119/1371/1119
f 1134/1403/1134 1135/1404/1135 1138/1412/1138 1133/1401/1133
f 1135/1404/1135 1124/1381/1124 1123/1380/1123 1138/1412/1138
f 1133/1401/1133 1138/1412/1138 1139/1413/1139 1127/1399/1127
f 1138/1412/1138 1123/1380/1123 1122/1377/1122 1139/1413/1139
f 1127/1399/1127 1139/1413/1139 1137/1411/1137 1131/1397/1131
f 1139/1413/1139 1122/1377/1122 1121/1375/1121 1137/1411/1137
f 403/466/403 404/467/404 1141/1410/1141 1140/1409/1140
f 579/674/579 581/673/581 1143/1414/1143 1144/1415/1144
f 404/1383/404 1124/1381/1124 1135/1404/1135 1141/1406/1141
f 1149/1408/1149 1136/1407/1136 643/1416/643 645/1417/645
f 402/465/402 403/466/403 1140/1409/1140 1077/1323/1077
f 1044/1287/1044 1146/1285/1146 1147/1418/1147 1145/1419/1145
f 643/1420/643 1136/1405/1136 1134/1403/1134 632/1402/632
f 1143/1414/1143 581/673/581 582/676/582 1145/1419/1145
f 645/1417/645 579/674/579 1144/1415/1144 1149/1408/1149
f 1145/1419/1145 582/676/582 583/678/583 1044/1287/1044
f 1145/1419/1145 1147/1418/1147 1148/1421/1148 1143/1414/1143
f 1143/1414/1143 1148/1421/1148 1149/1408/1149 1144/1415/1144
f 1077/1323/1077 1140/1409/1140 1149/1408/1149 1148/1421/1148
f 1132/1422/1132 1075/1319/1075 1076/1321/1076 1142/1423/1142
f 1147/1418/1147 1132/1422/1132 1142/1423/1142 1148/1421/1148
f 1132/1422/1132 1147/1418/1147 1146/1285/1146 1075/1319/1075
f 1142/1423/1142 1076/1321/1076 1077/1323/1077 1148/1421/1148
f 729/847/729 730/848/730 1153/1424/1153 1150/1425/1150
f 1150/1425/1150 1153/1424/1153 1154/1426/1154 1151/1427/1151
f 1151/1427/1151 1154/1426/1154 1155/1428/1155 1152/1429/1152
f 1152/1429/1152 1155/1428/1155 1680/1430/1680 1595/1431/1595
f 730/848/730 731/849/731 1156/1432/1156 1153/1424/1153
f 1153/1424/1153 1156/1432/1156 1157/1433/1157 1154/1426/1154
f 1154/1426/1154 1157/1433/1157 1158/1434/1158 1155/1428/1155
f 1155/1428/1155 1158/1434/1158 1662/1435/1662 1680/1430/1680
f 731/849/731 732/850/732 1159/1436/1159 1156/1432/1156
f 1156/1432/1156 1159/1436/1159 1160/1437/1160 1157/1433/1157
f 1157/1433/1157 1160/1437/1160 1161/1438/1161 1158/1434/1158
f 1158/1434/1158 1161/1438/1161 1676/1439/1676 1662/1435/1662
f 732/850/732 733/851/733 1162/1440/1162 1159/1436/1159
f 1159/1436/1159 1162/1440/1162 1163/1441/1163 1160/1437/1160
f 1160/1437/1160 1163/1441/1163 1589/1442/1589 1161/1438/1161
f 1161/1438/1161 1589/1442/1589 1590/1443/1590 1676/1439/1676
f 1174/1444/1174 1173/1445/1173 1180/1446/1180 1166/1447/1166
f 1173/1445/1173 1172/1448/1172 1181/1449/1181 1180/1446/1180
f 1175/1450/1175 1174/1444/1174 1166/1447/1166 1167/1451/1167
f 1176/1452/1176 1175/1450/1175 1167/1451/1167 1168/1453/1168
f 1177/1454/1177 1176/1452/1176 1168/1453/1168 1169/1455/1169
f 1178/1456/1178 1177/1454/1177 1169/1455/1169 1170/1457/1170
f 1179/1458/1179 1178/1459/1178 1170/1460/1170 1171/1461/1171
f 1023/1243/1023 1179/1458/1179 1171/1461/1171 727/1245/727
f 1186/1462/1186 1187/1463/1187 1192/1464/1192 1193/1465/1193
f 1189/1466/1189 1186/1462/1186 1193/1465/1193 1165/1467/1165
f 1188/1468/1188 1189/1466/1189 1165/1467/1165 1164/1469/1164
f 1191/1470/1191 1188/1468/1188 1164/1469/1164 1183/1471/1183
f 1190/1472/1190 1191/1470/1191 1183/1471/1183 1182/1473/1182
f 1195/1474/1195 1190/1472/1190 1182/1473/1182 1185/1475/1185
f 1194/1476/1194 1195/1474/1195 1185/1475/1185 1184/1477/1184
f 1187/1463/1187 1181/1478/1181 1172/1479/1172 1192/1464/1192
f 1747/1480/1747 1194/1476/1194 1184/1477/1184 1746/1481/1746
f 1232/1232/1232 1234/1482/1234 1284/1483/1284 1019/1233/1019
f 1017/1225/1017 1251/1484/1251 1250/1485/1250 1226/1227/1226
f 1234/1486/1234 1250/1485/1250 1251/1484/1251 1235/1487/1235
f 1235/1487/1235 1251/1484/1251 1252/1488/1252 1231/1489/1231
f 1231/1489/1231 1252/1488/1252 1383/1490/1383 1382/1491/1382
f 1230/1492/1230 1253/1493/1253 1254/1494/1254 1229/1495/1229
f 1229/1495/1229 1254/1494/1254 1018/1496/1018 1228/1497/1228
f 1228/1497/1228 1018/1496/1018 1256/1498/1256 1227/1499/1227
f 1227/1499/1227 1256/1498/1256 1257/1500/1257 1214/1501/1214
f 1214/1501/1214 1257/1500/1257 1258/1502/1258 1218/1503/1218
f 1218/1503/1218 1258/1502/1258 1259/1504/1259 1217/1505/1217
f 1217/1505/1217 1259/1504/1259 1260/1506/1260 1216/1507/1216
f 1216/1507/1216 1260/1506/1260 1348/1508/1348 1219/1509/1219
f 1219/1509/1219 1348/1508/1348 1261/1510/1261 1196/1511/1196
f 1196/1512/1196 936/1513/936 1270/1514/1270 1219/1515/1219
f 936/1513/936 1198/1516/1198 1551/1517/1551 1270/1514/1270
f 1198/1516/1198 1199/1518/1199 1552/1519/1552 1551/1517/1551
f 1199/1520/1199 1200/1521/1200 1262/1522/1262 1552/1523/1552
f 1438/1524/1438 1714/1525/1714 1712/1526/1712 1200/1527/1200
f 1201/1528/1201 1202/1529/1202 1264/1530/1264 1263/1531/1263
f 1202/1529/1202 1203/1532/1203 1970/1533/1970 1264/1530/1264
f 1203/1532/1203 1204/1534/1204 1971/1535/1971 1970/1533/1970
f 1204/1534/1204 1205/1536/1205 1972/1537/1972 1971/1535/1971
f 1205/1536/1205 1206/1538/1206 1267/1539/1267 1972/1537/1972
f 1206/1538/1206 1207/1540/1207 1268/1541/1268 1267/1539/1267
f 1207/1540/1207 1208/1542/1208 1269/1543/1269 1268/1541/1268
f 1208/1542/1208 1209/1544/1209 1265/1545/1265 1269/1543/1269
f 1209/1544/1209 1210/1546/1210 1271/1547/1271 1265/1545/1265
f 1210/1546/1210 1211/1548/1211 1272/1549/1272 1271/1547/1271
f 1211/1548/1211 2436/1550/2436 2435/1551/2435 1272/1549/1272
f 1212/1552/1212 1213/1553/1213 1274/1554/1274 1273/1555/1273
f 1219/1515/1219 1270/1514/1270 1275/1556/1275 1216/1557/1216
f 1216/1557/1216 1275/1556/1275 1276/1558/1276 1217/1559/1217
f 1217/1559/1217 1276/1558/1276 1277/1560/1277 1218/1561/1218
f 1218/1561/1218 1277/1560/1277 1255/1562/1255 1214/1563/1214
f 1214/1563/1214 1255/1562/1255 1279/1564/1279 1227/1565/1227
f 1227/1565/1227 1279/1564/1279 1280/1566/1280 1228/1567/1228
f 1228/1567/1228 1280/1566/1280 1281/1568/1281 1229/1569/1229
f 1229/1569/1229 1281/1568/1281 1278/1570/1278 1230/1571/1230
f 1382/1572/1382 1381/1573/1381 1283/1574/1283 1231/1575/1231
f 1231/1575/1231 1283/1574/1283 1567/1576/1567 1235/1577/1235
f 1235/1578/1235 1567/1579/1567 1284/1483/1284 1234/1482/1234
f 1226/1227/1226 1250/1485/1250 1234/1486/1234 1232/1229/1232
f 1247/1580/1247 1233/1581/1233 1249/1582/1249 1248/1583/1248
f 1233/1581/1233 1247/1580/1247 1246/1584/1246 1319/1585/1319
f 1202/1586/1202 1285/1587/1285 1950/1588/1950 1203/1589/1203
f 1285/1587/1285 1202/1586/1202 1305/1590/1305 1287/1591/1287
f 1201/1592/1201 1439/1593/1439 1305/1590/1305 1202/1586/1202
f 1203/1589/1203 1950/1588/1950 1951/1594/1951 1204/1595/1204
f 1204/1595/1204 1951/1594/1951 1952/1596/1952 1205/1597/1205
f 1205/1597/1205 1952/1596/1952 1293/1598/1293 1206/1599/1206
f 1206/1599/1206 1293/1598/1293 1294/1600/1294 1207/1601/1207
f 1207/1601/1207 1294/1600/1294 1295/1602/1295 1208/1603/1208
f 1208/1603/1208 1295/1602/1295 1286/1604/1286 1209/1605/1209
f 1209/1605/1209 1286/1604/1286 1297/1606/1297 1210/1607/1210
f 1210/1607/1210 1297/1606/1297 1298/1608/1298 1211/1609/1211
f 1211/1609/1211 1298/1608/1298 2437/1610/2437 2436/1611/2436
f 1212/1612/1212 1299/1613/1299 1296/1614/1296 1213/1615/1213
f 1213/1615/1213 1296/1614/1296 1304/1616/1304 1303/1617/1303
f 1274/1554/1274 1213/1553/1213 1303/1618/1303 1302/1619/1302
f 1302/1619/1302 1303/1618/1303 2295/1620/2295 2294/1621/2294
f 1303/1617/1303 1304/1616/1304 1300/1622/1300 2295/1623/2295
f 1310/1624/1310 1318/1625/1318 1746/1481/1746 1184/1477/1184
f 1305/1590/1305 1306/1626/1306 1311/1627/1311 1287/1591/1287
f 1306/1626/1306 1307/1628/1307 1312/1629/1312 1311/1627/1311
f 1307/1628/1307 1308/1630/1308 1313/1631/1313 1312/1629/1312
f 1305/1590/1305 1439/1593/1439 1314/1632/1314 1306/1626/1306
f 1306/1626/1306 1314/1632/1314 1315/1633/1315 1307/1628/1307
f 1307/1628/1307 1315/1633/1315 1316/1634/1316 1308/1630/1308
f 1308/1630/1308 1316/1634/1316 1289/1635/1289 1309/1636/1309
f 1309/1636/1309 1289/1635/1289 1317/1637/1317 1310/1624/1310
f 1310/1624/1310 1317/1637/1317 1722/1638/1722 1318/1625/1318
f 1184/1477/1184 1185/1475/1185 1579/1639/1579 1310/1624/1310
f 1310/1624/1310 1579/1639/1579 1580/1640/1580 1309/1636/1309
f 1580/1640/1580 1313/1631/1313 1308/1630/1308 1309/1636/1309
f 1246/1584/1246 1245/1641/1245 1320/1642/1320 1319/1585/1319
f 1245/1641/1245 1244/1643/1244 1321/1644/1321 1320/1642/1320
f 1244/1643/1244 1243/1645/1243 1322/1646/1322 1321/1644/1321
f 1243/1645/1243 1242/1647/1242 1282/1648/1282 1322/1646/1322
f 1242/1647/1242 1241/1649/1241 1323/1650/1323 1282/1648/1282
f 1241/1649/1241 1240/1651/1240 1324/1652/1324 1323/1650/1323
f 1240/1651/1240 1239/1653/1239 1325/1654/1325 1324/1652/1324
f 1239/1653/1239 1238/1655/1238 1326/1656/1326 1325/1654/1325
f 1326/1656/1326 1238/1655/1238 1328/1657/1328 1327/1658/1327
f 1327/1658/1327 1330/1659/1330 1329/1660/1329 1326/1656/1326
f 1238/1655/1238 1237/1661/1237 1331/1662/1331 1328/1657/1328
f 1330/1659/1330 1327/1658/1327 1328/1657/1328 1331/1662/1331
f 1237/1661/1237 1332/1663/1332 1334/1664/1334 1331/1662/1331
f 1332/1663/1332 1333/1665/1333 1335/1666/1335 1334/1664/1334
f 1331/1662/1331 1334/1664/1334 1336/1667/1336 1330/1659/1330
f 1334/1664/1334 1335/1666/1335 1337/1668/1337 1336/1667/1336
f 1330/1659/1330 1336/1667/1336 1338/1669/1338 1329/1660/1329
f 1336/1667/1336 1337/1668/1337 1339/1670/1339 1338/1669/1338
f 1333/1665/1333 1225/1671/1225 1340/1672/1340 1335/1666/1335
f 1225/1671/1225 1236/1673/1236 1345/1674/1345 1340/1672/1340
f 1335/1666/1335 1340/1672/1340 1341/1675/1341 1337/1668/1337
f 1340/1672/1340 1345/1674/1345 1342/1676/1342 1341/1675/1341
f 1337/1668/1337 1341/1675/1341 1343/1677/1343 1339/1670/1339
f 1341/1675/1341 1342/1676/1342 1344/1678/1344 1343/1677/1343
f 1223/1679/1223 1014/1222/1014 937/1221/937 1224/1680/1224
f 1342/1676/1342 1223/1679/1223 1224/1680/1224 1344/1678/1344
f 1236/1673/1236 1222/1681/1222 1346/1682/1346 1345/1674/1345
f 1222/1681/1222 1221/1683/1221 1347/1684/1347 1346/1682/1346
f 1221/1683/1221 1220/1685/1220 1357/1686/1357 1347/1684/1347
f 1220/1685/1220 1261/1510/1261 1348/1508/1348 1357/1686/1357
f 1017/1225/1017 1349/1223/1349 1362/1687/1362 1251/1484/1251
f 1251/1484/1251 1362/1687/1362 1350/1688/1350 1252/1488/1252
f 1252/1488/1252 1350/1688/1350 1384/1689/1384 1383/1490/1383
f 1253/1493/1253 1351/1690/1351 1352/1691/1352 1254/1494/1254
f 1254/1494/1254 1352/1691/1352 1353/1692/1353 1018/1496/1018
f 1018/1496/1018 1353/1692/1353 1376/1693/1376 1256/1498/1256
f 1256/1498/1256 1376/1693/1376 1375/1694/1375 1257/1500/1257
f 1257/1500/1257 1375/1694/1375 1374/1695/1374 1258/1502/1258
f 1258/1502/1258 1374/1695/1374 1373/1696/1373 1259/1504/1259
f 1259/1504/1259 1373/1696/1373 1372/1697/1372 1260/1506/1260
f 1260/1506/1260 1372/1697/1372 1357/1686/1357 1348/1508/1348
f 1345/1674/1345 1363/1698/1363 1223/1679/1223 1342/1676/1342
f 1223/1679/1223 1363/1698/1363 1364/1699/1364 1014/1222/1014
f 1014/1222/1014 1364/1699/1364 1365/1700/1365 1013/1220/1013
f 1013/1220/1013 1365/1700/1365 1354/1701/1354 1012/1218/1012
f 1012/1218/1012 1354/1701/1354 1355/1702/1355 1011/1216/1011
f 1011/1216/1011 1355/1702/1355 1360/1703/1360 1010/1213/1010
f 1010/1213/1010 1360/1703/1360 1361/1704/1361 1015/1214/1015
f 1015/1214/1015 1361/1704/1361 1362/1687/1362 1349/1223/1349
f 1345/1674/1345 1346/1682/1346 1366/1705/1366 1363/1698/1363
f 1363/1698/1363 1366/1705/1366 1367/1706/1367 1364/1699/1364
f 1364/1699/1364 1367/1706/1367 1368/1707/1368 1365/1700/1365
f 1346/1682/1346 1347/1684/1347 1369/1708/1369 1366/1705/1366
f 1366/1705/1366 1369/1708/1369 1370/1709/1370 1367/1706/1367
f 1367/1706/1367 1370/1709/1370 1371/1710/1371 1368/1707/1368
f 1347/1684/1347 1357/1686/1357 1372/1697/1372 1369/1708/1369
f 1369/1708/1369 1372/1697/1372 1373/1696/1373 1370/1709/1370
f 1370/1709/1370 1373/1696/1373 1374/1695/1374 1371/1710/1371
f 1365/1700/1365 1368/1707/1368 1356/1711/1356 1354/1701/1354
f 1354/1701/1354 1356/1711/1356 1359/1712/1359 1355/1702/1355
f 1368/1707/1368 1371/1710/1371 1358/1713/1358 1356/1711/1356
f 1356/1711/1356 1358/1713/1358 1016/1714/1016 1359/1712/1359
f 1371/1710/1371 1374/1695/1374 1375/1694/1375 1358/1713/1358
f 1358/1713/1358 1375/1694/1375 1376/1693/1376 1016/1714/1016
f 1353/1692/1353 1377/1715/1377 1016/1714/1016 1376/1693/1376
f 1377/1715/1377 1378/1716/1378 1359/1712/1359 1016/1714/1016
f 1378/1716/1378 1360/1703/1360 1355/1702/1355 1359/1712/1359
f 1361/1704/1361 1360/1703/1360 1378/1716/1378 1379/1717/1379
f 1379/1717/1379 1378/1716/1378 1377/1715/1377 1380/1718/1380
f 1380/1718/1380 1377/1715/1377 1353/1692/1353 1352/1691/1352
f 1230/1571/1230 1278/1570/1278 1381/1573/1381 1382/1572/1382
f 1382/1491/1382 1383/1490/1383 1253/1493/1253 1230/1492/1230
f 1383/1490/1383 1384/1689/1384 1351/1690/1351 1253/1493/1253
f 1361/1704/1361 1379/1717/1379 1350/1688/1350 1362/1687/1362
f 1379/1717/1379 1380/1718/1380 1384/1689/1384 1350/1688/1350
f 1380/1718/1380 1352/1691/1352 1351/1690/1351 1384/1689/1384
f 937/1719/937 1385/1720/1385 1386/1721/1386 1224/1722/1224
f 1224/1722/1224 1386/1721/1386 1387/1723/1387 1344/1724/1344
f 1344/1724/1344 1387/1723/1387 1388/1725/1388 1343/1726/1343
f 1343/1726/1343 1388/1725/1388 1389/1727/1389 1339/1728/1339
f 1339/1728/1339 1389/1727/1389 1390/1729/1390 1338/1730/1338
f 1338/1730/1338 1390/1729/1390 1422/1731/1422 1329/1732/1329
f 1196/1733/1196 1261/1734/1261 1397/1735/1397 936/1736/936
f 1261/1734/1261 1220/1737/1220 1393/1738/1393 1397/1735/1397
f 1220/1737/1220 1221/1739/1221 1394/1740/1394 1393/1738/1393
f 1221/1739/1221 1222/1741/1222 1395/1742/1395 1394/1740/1394
f 1222/1741/1222 1236/1743/1236 1396/1744/1396 1395/1742/1395
f 1236/1743/1236 1225/1745/1225 1429/1746/1429 1396/1744/1396
f 592/670/592 1197/1274/1197 913/1104/913 591/696/591
f 1197/1274/1197 1398/1273/1398 942/1106/942 913/1104/913
f 1398/1273/1398 1406/1747/1406 943/1108/943 942/1106/942
f 1406/1747/1406 1038/1748/1038 944/1110/944 943/1108/943
f 1038/1748/1038 1401/1749/1401 957/1120/957 944/1110/944
f 1401/1749/1401 1402/1750/1402 958/1122/958 957/1120/957
f 1402/1750/1402 1403/1751/1403 959/1124/959 958/1122/958
f 1403/1751/1403 917/1069/917 916/1067/916 959/1124/959
f 921/1079/921 1029/1752/1029 1404/1271/1404 578/668/578
f 1404/1271/1404 1197/1274/1197 592/670/592 578/668/578
f 1029/1752/1029 1035/1753/1035 1405/1272/1405 1404/1271/1404
f 1398/1273/1398 1405/1272/1405 1037/1754/1037 1406/1747/1406
f 1406/1747/1406 1037/1754/1037 1407/1755/1407 1038/1748/1038
f 1405/1272/1405 1035/1753/1035 1408/1756/1408 1037/1754/1037
f 1037/1754/1037 1408/1756/1408 1409/1757/1409 1407/1755/1407
f 1035/1270/1035 1036/1269/1036 1410/1758/1410 1408/1759/1408
f 1408/1759/1408 1410/1758/1410 1411/1760/1411 1409/1761/1409
f 1249/1762/1249 1233/1763/1233 1412/1764/1412 1400/1765/1400
f 1233/1763/1233 1319/1766/1319 1413/1767/1413 1412/1764/1412
f 1319/1766/1319 1320/1768/1320 1414/1769/1414 1413/1767/1413
f 1320/1768/1320 1321/1770/1321 1415/1771/1415 1414/1769/1414
f 1321/1770/1321 1322/1772/1322 1399/1773/1399 1415/1771/1415
f 1322/1772/1322 1282/1774/1282 1417/1775/1417 1399/1773/1399
f 1282/1774/1282 1323/1776/1323 1418/1777/1418 1417/1775/1417
f 1323/1776/1323 1324/1778/1324 1419/1779/1419 1418/1777/1418
f 1324/1778/1324 1325/1780/1325 1420/1781/1420 1419/1779/1419
f 1325/1780/1325 1326/1782/1326 1421/1783/1421 1420/1781/1420
f 1326/1782/1326 1329/1732/1329 1422/1731/1422 1421/1783/1421
f 1400/1765/1400 1104/1784/1104 1102/1785/1102 1249/1762/1249
f 1249/1582/1249 1102/1786/1102 1391/1787/1391 1248/1583/1248
f 1412/1764/1412 1424/1788/1424 1416/1789/1416 1400/1765/1400
f 1412/1764/1412 1413/1767/1413 1425/1790/1425 1424/1788/1424
f 1413/1767/1413 1414/1769/1414 1426/1791/1426 1425/1790/1425
f 1414/1769/1414 1415/1771/1415 1427/1792/1427 1426/1791/1426
f 1415/1771/1415 1399/1773/1399 1428/1793/1428 1427/1792/1427
f 1399/1773/1399 1417/1775/1417 1433/1794/1433 1428/1793/1428
f 1421/1783/1421 1423/1795/1423 1430/1796/1430 1420/1781/1420
f 1420/1781/1420 1430/1796/1430 1431/1797/1431 1419/1779/1419
f 1419/1779/1419 1431/1797/1431 1432/1798/1432 1418/1777/1418
f 1418/1777/1418 1432/1798/1432 1433/1794/1433 1417/1775/1417
f 1225/1799/1225 1333/1800/1333 1434/1801/1434 1429/1802/1429
f 1333/1800/1333 1332/1803/1332 1435/1804/1435 1434/1801/1434
f 1332/1803/1332 1237/1805/1237 1436/1806/1436 1435/1804/1435
f 1237/1805/1237 1238/1807/1238 1482/1808/1482 1436/1806/1436
f 936/1736/936 1397/1735/1397 1514/1809/1514 1198/1810/1198
f 1198/1810/1198 1514/1809/1514 1515/1811/1515 1199/1812/1199
f 1199/1812/1199 1515/1811/1515 1438/1524/1438 1200/1527/1200
f 1712/1813/1712 1201/1528/1201 1263/1531/1263 1713/1814/1713
f 1392/1075/1392 1441/1815/1441 1442/1816/1442 1440/1076/1440
f 1442/1816/1442 1441/1815/1441 1443/1817/1443 1444/1818/1444
f 1421/1783/1421 1446/1819/1446 1445/1820/1445 1423/1795/1423
f 1446/1819/1446 1421/1783/1421 1422/1731/1422 1448/1821/1448
f 1422/1731/1422 1390/1729/1390 1449/1822/1449 1448/1821/1448
f 1390/1729/1390 1389/1727/1389 1450/1823/1450 1449/1822/1449
f 1389/1727/1389 1388/1725/1388 1451/1824/1451 1450/1823/1450
f 1388/1725/1388 1387/1723/1387 1452/1825/1452 1451/1824/1451
f 1387/1723/1387 1386/1721/1386 1453/1826/1453 1452/1825/1452
f 1386/1721/1386 1385/1720/1385 1454/1073/1454 1453/1826/1453
f 1440/1076/1440 1452/1825/1452 1453/1826/1453 1454/1073/1454
f 919/1074/919 934/1827/934 894/1096/894
f 1454/1073/1454 1385/1720/1385 934/1827/934 919/1074/919
f 935/1828/935 934/1827/934 1385/1720/1385 937/1719/937
f 1288/1097/1288 1457/1829/1457 1441/1815/1441 1392/1075/1392
f 1457/1830/1457 1458/1831/1458 1455/1832/1455 1441/1833/1441
f 1455/1832/1455 1458/1831/1458 1459/1834/1459 1456/1835/1456
f 1456/1835/1456 1459/1834/1459 1409/1761/1409 1411/1760/1411
f 1288/1094/1288 918/1071/918 1460/1836/1460 1457/1837/1457
f 1457/1837/1457 1460/1836/1460 1461/1838/1461 1458/1839/1458
f 1458/1839/1458 1461/1838/1461 1462/1840/1462 1459/1841/1459
f 1459/1841/1459 1462/1840/1462 1407/1755/1407 1409/1757/1409
f 918/1071/918 917/1069/917 1403/1751/1403 1460/1836/1460
f 1460/1836/1460 1403/1751/1403 1402/1750/1402 1461/1838/1461
f 1461/1838/1461 1402/1750/1402 1401/1749/1401 1462/1840/1462
f 1462/1840/1462 1401/1749/1401 1038/1748/1038 1407/1755/1407
f 1441/1833/1441 1455/1832/1455 1596/1842/1596 1443/1843/1443
f 1448/1821/1448 1463/1844/1463 1445/1820/1445 1446/1819/1446
f 1463/1844/1463 1448/1821/1448 1449/1822/1449 1464/1845/1464
f 1449/1822/1449 1450/1823/1450 1444/1818/1444 1464/1845/1464
f 1440/1076/1440 1442/1816/1442 1451/1824/1451 1452/1825/1452
f 1442/1816/1442 1444/1818/1444 1450/1823/1450 1451/1824/1451
f 1428/1793/1428 1433/1794/1433 1472/1846/1472 1465/1847/1465
f 1465/1847/1465 1467/1848/1467 1427/1792/1427 1428/1793/1428
f 1427/1792/1427 1467/1848/1467 1468/1849/1468 1426/1791/1426
f 1468/1849/1468 1469/1850/1469 1425/1790/1425 1426/1791/1426
f 1425/1790/1425 1469/1850/1469 1470/1851/1470 1424/1788/1424
f 1470/1851/1470 1471/1852/1471 1416/1789/1416 1424/1788/1424
f 1433/1794/1433 1432/1798/1432 1473/1853/1473 1472/1846/1472
f 1432/1798/1432 1431/1797/1431 1474/1854/1474 1473/1853/1473
f 1431/1797/1431 1430/1796/1430 1475/1855/1475 1474/1854/1474
f 1430/1796/1430 1423/1795/1423 1476/1856/1476 1475/1855/1475
f 1476/1856/1476 1423/1795/1423 1477/1857/1477 1466/1858/1466
f 1423/1795/1423 1445/1820/1445 1538/1859/1538 1477/1857/1477
f 1445/1820/1445 1463/1844/1463 1478/1860/1478 1538/1859/1538
f 1463/1844/1463 1464/1845/1464 1479/1861/1479 1478/1860/1478
f 1464/1845/1464 1444/1818/1444 1480/1862/1480 1479/1861/1479
f 1444/1818/1444 1443/1817/1443 1481/1863/1481 1480/1862/1480
f 1238/1807/1238 1239/1864/1239 1483/1865/1483 1482/1808/1482
f 1239/1864/1239 1240/1866/1240 1484/1867/1484 1483/1865/1483
f 1240/1866/1240 1241/1868/1241 1485/1869/1485 1484/1867/1484
f 1241/1868/1241 1242/1870/1242 1486/1871/1486 1485/1869/1485
f 1242/1870/1242 1243/1872/1243 1437/1873/1437 1486/1871/1486
f 1243/1872/1243 1244/1874/1244 1487/1875/1487 1437/1873/1437
f 1244/1874/1244 1245/1876/1245 1488/1877/1488 1487/1875/1487
f 1245/1876/1245 1246/1878/1246 1489/1879/1489 1488/1877/1488
f 1391/1880/1391 1490/1881/1490 1491/1882/1491 1248/1883/1248
f 1491/1882/1491 1490/1881/1490 1492/1884/1492 1493/1885/1493
f 1492/1884/1492 1494/1886/1494 1495/1887/1495 1493/1885/1493
f 1495/1887/1495 1494/1886/1494 1496/1888/1496 1497/1889/1497
f 1496/1888/1496 1105/1890/1105 1104/1784/1104 1497/1889/1497
f 1400/1765/1400 1416/1789/1416 1497/1889/1497 1104/1784/1104
f 1416/1789/1416 1471/1852/1471 1495/1887/1495 1497/1889/1497
f 1247/1891/1247 1248/1883/1248 1491/1882/1491 1498/1892/1498
f 1491/1882/1491 1493/1885/1493 1499/1893/1499 1498/1892/1498
f 1499/1893/1499 1493/1885/1493 1495/1887/1495 1471/1852/1471
f 1498/1892/1498 1489/1879/1489 1246/1878/1246 1247/1891/1247
f 1469/1850/1469 1468/1849/1468 1488/1877/1488 1489/1879/1489
f 1489/1879/1489 1498/1892/1498 1470/1851/1470 1469/1850/1469
f 1498/1892/1498 1499/1893/1499 1471/1852/1471 1470/1851/1470
f 1484/1867/1484 1485/1869/1485 1473/1853/1473 1474/1854/1474
f 1485/1869/1485 1486/1871/1486 1472/1846/1472 1473/1853/1473
f 1486/1871/1486 1437/1873/1437 1465/1847/1465 1472/1846/1472
f 1437/1873/1437 1487/1875/1487 1467/1848/1467 1465/1847/1465
f 1487/1875/1487 1488/1877/1488 1468/1849/1468 1467/1848/1467
f 1466/1858/1466 1436/1806/1436 1482/1808/1482 1476/1856/1476
f 1476/1856/1476 1482/1808/1482 1483/1865/1483 1475/1855/1475
f 1475/1855/1475 1483/1865/1483 1484/1867/1484 1474/1854/1474
f 1436/1806/1436 1466/1858/1466 1536/1894/1536 1535/1895/1535
f 1435/1804/1435 1436/1806/1436 1535/1895/1535 1500/1896/1500
f 1435/1804/1435 1500/1896/1500 1502/1897/1502 1434/1801/1434
f 1500/1896/1500 1501/1898/1501 1503/1899/1503 1502/1897/1502
f 1434/1801/1434 1502/1897/1502 1504/1900/1504 1429/1802/1429
f 1502/1897/1502 1503/1899/1503 1505/1901/1505 1504/1900/1504
f 1429/1746/1429 1504/1902/1504 1506/1903/1506 1396/1744/1396
f 1504/1902/1504 1505/1904/1505 1507/1905/1507 1506/1903/1506
f 1396/1744/1396 1506/1903/1506 1508/1906/1508 1395/1742/1395
f 1506/1903/1506 1507/1905/1507 1509/1907/1509 1508/1906/1508
f 1395/1742/1395 1508/1906/1508 1510/1908/1510 1394/1740/1394
f 1508/1906/1508 1509/1907/1509 1511/1909/1511 1510/1908/1510
f 1394/1740/1394 1510/1908/1510 1512/1910/1512 1393/1738/1393
f 1510/1908/1510 1511/1909/1511 1513/1911/1513 1512/1910/1512
f 1393/1738/1393 1512/1910/1512 1514/1809/1514 1397/1735/1397
f 1512/1910/1512 1513/1911/1513 1515/1811/1515 1514/1809/1514
f 1443/1843/1443 1596/1842/1596 1597/1912/1597 1481/1913/1481
f 1597/1912/1597 1598/1914/1598 1517/1915/1517 1481/1913/1481
f 1531/1916/1531 1599/1917/1599 1600/1918/1600 1519/1919/1519
f 1600/1920/1600 1522/1921/1522 1521/1922/1521 1519/1923/1519
f 1521/1922/1521 1522/1921/1522 1524/1924/1524 1523/1925/1523
f 1524/1924/1524 1526/1926/1526 1525/1927/1525 1523/1925/1523
f 1525/1927/1525 1526/1926/1526 1528/1928/1528 1527/1929/1527
f 1528/1928/1528 1710/1930/1710 1529/1931/1529 1527/1929/1527
f 1529/1931/1529 1710/1930/1710 1438/1524/1438 1515/1811/1515
f 1513/1911/1513 1527/1929/1527 1529/1931/1529 1515/1811/1515
f 1527/1929/1527 1513/1911/1513 1511/1909/1511 1525/1927/1525
f 1509/1907/1509 1523/1925/1523 1525/1927/1525 1511/1909/1511
f 1523/1925/1523 1509/1907/1509 1507/1905/1507 1521/1922/1521
f 1505/1904/1505 1519/1923/1519 1521/1922/1521 1507/1905/1507
f 1517/1915/1517 1598/1914/1598 1599/1917/1599 1531/1916/1531
f 1519/1932/1519 1505/1901/1505 1503/1899/1503 1532/1933/1532
f 1532/1933/1532 1531/1934/1531 1519/1932/1519
f 1531/1934/1531 1532/1933/1532 1541/1935/1541 1517/1936/1517
f 1541/1935/1541 1480/1862/1480 1481/1863/1481 1517/1936/1517
f 1503/1899/1503 1501/1898/1501 1533/1937/1533 1532/1933/1532
f 1537/1938/1537 1536/1894/1536 1466/1858/1466 1534/1939/1534
f 1466/1858/1466 1477/1857/1477 1538/1859/1538 1534/1939/1534
f 1535/1895/1535 1536/1894/1536 1501/1898/1501 1500/1896/1500
f 1533/1937/1533 1501/1898/1501 1536/1894/1536 1537/1938/1537
f 1534/1939/1534 1538/1859/1538 1539/1940/1539 1537/1938/1537
f 1537/1938/1537 1539/1940/1539 1540/1941/1540 1533/1937/1533
f 1533/1937/1533 1540/1941/1540 1541/1935/1541 1532/1933/1532
f 1540/1941/1540 1479/1861/1479 1480/1862/1480 1541/1935/1541
f 1478/1860/1478 1479/1861/1479 1540/1941/1540 1539/1940/1539
f 1538/1859/1538 1478/1860/1478 1539/1940/1539
f 1278/1570/1278 1281/1568/1281 1542/1942/1542 1581/1943/1581
f 1581/1943/1581 1542/1942/1542 1543/1944/1543 1582/1945/1582
f 1281/1568/1281 1280/1566/1280 1544/1946/1544 1542/1942/1542
f 1542/1942/1542 1544/1946/1544 2048/1947/2048 1543/1944/1543
f 1280/1566/1280 1279/1564/1279 1545/1948/1545 1544/1946/1544
f 1544/1946/1544 1545/1948/1545 2084/1949/2084 2048/1947/2048
f 1279/1564/1279 1255/1562/1255 1546/1950/1546 1545/1948/1545
f 1545/1948/1545 1546/1950/1546 1547/1951/1547 2084/1949/2084
f 1255/1562/1255 1277/1560/1277 1548/1952/1548 1546/1950/1546
f 1546/1950/1546 1548/1952/1548 1266/1953/1266 1547/1951/1547
f 1277/1560/1277 1276/1558/1276 1549/1954/1549 1548/1952/1548
f 1548/1952/1548 1549/1954/1549 1576/1955/1576 1266/1953/1266
f 1276/1558/1276 1275/1556/1275 1550/1956/1550 1549/1954/1549
f 1549/1954/1549 1550/1956/1550 1574/1957/1574 1576/1955/1576
f 1275/1556/1275 1270/1514/1270 1551/1517/1551 1550/1956/1550
f 1550/1956/1550 1551/1517/1551 1552/1519/1552 1574/1957/1574
f 1172/1448/1172 1173/1445/1173 1553/1958/1553 1568/1959/1568
f 1568/1959/1568 1553/1958/1553 1554/1960/1554 2041/1961/2041
f 1173/1445/1173 1174/1444/1174 1555/1962/1555 1553/1958/1553
f 1553/1958/1553 1555/1962/1555 2094/1963/2094 1554/1960/1554
f 1174/1444/1174 1175/1450/1175 1557/1964/1557 1555/1962/1555
f 1555/1962/1555 1557/1964/1557 2097/1965/2097 2094/1963/2094
f 1175/1450/1175 1176/1452/1176 1559/1966/1559 1557/1964/1557
f 1557/1964/1557 1559/1966/1559 1591/1967/1591 2097/1965/2097
f 1176/1452/1176 1177/1454/1177 1560/1968/1560 1559/1966/1559
f 1177/1454/1177 1178/1456/1178 1561/1969/1561 1560/1968/1560
f 1561/1970/1561 1178/1459/1178 1179/1458/1179 1594/1971/1594
f 1564/1241/1564 1563/1972/1563 1179/1458/1179 1023/1243/1023
f 1009/1237/1009 734/845/734 728/846/728 1566/1973/1566
f 1566/1973/1566 728/846/728 729/847/729 1150/1425/1150
f 1162/1440/1162 733/851/733 1021/852/1021 1020/1235/1020
f 1284/1483/1284 1558/1974/1558 1020/1235/1020 1019/1233/1019
f 1558/1974/1558 1163/1441/1163 1162/1440/1162 1020/1235/1020
f 1563/1972/1563 1564/1241/1564 1946/1975/1946 1947/1976/1947
f 1022/1239/1022 1009/1237/1009 1566/1973/1566 1565/1977/1565
f 1565/1977/1565 1566/1973/1566 1150/1425/1150 1151/1427/1151
f 1179/1458/1179 1563/1972/1563 1947/1976/1947 1594/1971/1594
f 1163/1441/1163 1558/1974/1558 1562/1978/1562 1589/1442/1589
f 1558/1974/1558 1284/1483/1284 1567/1579/1567 1562/1978/1562
f 1172/1479/1172 1568/1979/1568 1570/1980/1570 1192/1464/1192
f 1568/1979/1568 2041/1981/2041 2092/1982/2092 1570/1980/1570
f 1192/1464/1192 1570/1980/1570 1571/1983/1571 1193/1465/1193
f 1570/1980/1570 2092/1982/2092 2093/1984/2093 1571/1983/1571
f 1193/1465/1193 1571/1983/1571 1572/1985/1572 1165/1467/1165
f 1571/1983/1571 2093/1984/2093 2002/1986/2002 1572/1985/1572
f 1165/1467/1165 1572/1985/1572 1573/1987/1573 1164/1469/1164
f 1572/1985/1572 2002/1986/2002 1967/1988/1967 1573/1987/1573
f 1164/1469/1164 1573/1987/1573 1575/1989/1575 1183/1471/1183
f 1573/1987/1573 1967/1988/1967 1966/1990/1966 1575/1989/1575
f 1183/1471/1183 1575/1989/1575 1577/1991/1577 1182/1473/1182
f 1575/1989/1575 1966/1990/1966 1965/1992/1965 1577/1991/1577
f 1182/1473/1182 1577/1991/1577 1579/1639/1579 1185/1475/1185
f 1577/1991/1577 1965/1992/1965 1580/1640/1580 1579/1639/1579
f 1278/1570/1278 1581/1943/1581 1583/1993/1583 1381/1573/1381
f 1588/1994/1588 2139/1995/2139 1586/1996/1586 2138/1997/2138
f 1381/1573/1381 1583/1993/1583 1585/1998/1585 1283/1574/1283
f 1584/1999/1584 2141/2000/2141 2142/2001/2142 2140/2002/2140
f 1283/1574/1283 1585/1998/1585 1587/2003/1587 1567/1576/1567
f 2142/2001/2142 2141/2000/2141 1586/1996/1586 2139/1995/2139
f 1567/1579/1567 1587/2004/1587 1589/1442/1589 1562/1978/1562
f 1587/2004/1587 1588/2005/1588 1590/1443/1590 1589/1442/1589
f 1559/1966/1559 1560/1968/1560 1592/2006/1592 1591/1967/1591
f 1560/1968/1560 1561/1969/1561 1593/2007/1593 1592/2006/1592
f 1565/1977/1565 1151/1427/1151 1152/1429/1152 1946/1975/1946
f 1946/1975/1946 1564/1241/1564 1022/1239/1022 1565/1977/1565
f 1455/1832/1455 1456/1835/1456 1601/2008/1601 1596/1842/1596
f 1596/1842/1596 1601/2008/1601 1602/2009/1602 1597/1912/1597
f 1597/1912/1597 1602/2009/1602 1603/2010/1603 1598/1914/1598
f 1598/1914/1598 1603/2010/1603 1604/2011/1604 1599/1917/1599
f 1599/1917/1599 1604/2011/1604 1688/2012/1688 1600/1918/1600
f 1456/1835/1456 1411/1760/1411 1605/2013/1605 1601/2008/1601
f 1601/2008/1601 1605/2013/1605 1606/2014/1606 1602/2009/1602
f 1602/2009/1602 1606/2014/1606 1607/2015/1607 1603/2010/1603
f 1603/2010/1603 1607/2015/1607 1608/2016/1608 1604/2011/1604
f 1604/2011/1604 1608/2016/1608 1689/2017/1689 1688/2012/1688
f 1411/1760/1411 1410/1758/1410 1609/2018/1609 1605/2013/1605
f 1605/2013/1605 1609/2018/1609 1610/2019/1610 1606/2014/1606
f 1606/2014/1606 1610/2019/1610 1611/2020/1611 1607/2015/1607
f 1607/2015/1607 1611/2020/1611 1612/2021/1612 1608/2016/1608
f 1608/2016/1608 1612/2021/1612 1690/2022/1690 1689/2017/1689
f 1410/1758/1410 1036/1269/1036 1613/2023/1613 1609/2018/1609
f 1609/2018/1609 1613/2023/1613 1614/2024/1614 1610/2019/1610
f 1610/2019/1610 1614/2024/1614 1615/2025/1615 1611/2020/1611
f 1611/2020/1611 1615/2025/1615 1616/2026/1616 1612/2021/1612
f 1612/2021/1612 1616/2026/1616 1617/2027/1617 1690/2022/1690
f 1036/1269/1036 1034/1267/1034 1520/2028/1520 1613/2023/1613
f 1613/2023/1613 1520/2028/1520 1530/2029/1530 1614/2024/1614
f 1614/2024/1614 1530/2029/1530 1518/2030/1518 1615/2025/1615
f 1615/2025/1615 1518/2030/1518 1516/2031/1516 1616/2026/1616
f 1616/2026/1616 1516/2031/1516 1447/2032/1447 1617/2027/1617
f 1034/1267/1034 1033/1265/1033 1618/2033/1618 1520/2028/1520
f 1520/2028/1520 1618/2033/1618 1619/2034/1619 1530/2029/1530
f 1530/2029/1530 1619/2034/1619 1620/2035/1620 1518/2030/1518
f 1518/2030/1518 1620/2035/1620 1621/2036/1621 1516/2031/1516
f 1516/2031/1516 1621/2036/1621 1622/2037/1622 1447/2032/1447
f 1033/1265/1033 1032/1263/1032 1623/2038/1623 1618/2033/1618
f 1618/2033/1618 1623/2038/1623 1624/2039/1624 1619/2034/1619
f 1619/2034/1619 1624/2039/1624 1625/2040/1625 1620/2035/1620
f 1620/2035/1620 1625/2040/1625 1626/2041/1626 1621/2036/1621
f 1621/2036/1621 1626/2041/1626 1627/2042/1627 1622/2037/1622
f 1032/1263/1032 1031/1261/1031 1628/2043/1628 1623/2038/1623
f 1623/2038/1623 1628/2043/1628 1629/2044/1629 1624/2039/1624
f 1624/2039/1624 1629/2044/1629 1630/2045/1630 1625/2040/1625
f 1625/2040/1625 1630/2045/1630 1631/2046/1631 1626/2041/1626
f 1626/2041/1626 1631/2046/1631 1776/2047/1776 1627/2042/1627
f 1031/1261/1031 1030/1259/1030 1632/2048/1632 1628/2043/1628
f 1628/2043/1628 1632/2048/1632 1633/2049/1633 1629/2044/1629
f 1629/2044/1629 1633/2049/1633 1634/2050/1634 1630/2045/1630
f 1630/2045/1630 1634/2050/1634 1635/2051/1635 1631/2046/1631
f 1631/2046/1631 1635/2051/1635 1636/2052/1636 1776/2047/1776
f 1030/1259/1030 1024/1257/1024 1637/2053/1637 1632/2048/1632
f 1632/2048/1632 1637/2053/1637 1638/2054/1638 1633/2049/1633
f 1633/2049/1633 1638/2054/1638 1639/2055/1639 1634/2050/1634
f 1634/2050/1634 1639/2055/1639 1640/2056/1640 1635/2051/1635
f 1635/2051/1635 1640/2056/1640 1641/2057/1641 1636/2052/1636
f 1024/1257/1024 1028/1255/1028 1642/2058/1642 1637/2053/1637
f 1637/2053/1637 1642/2058/1642 1643/2059/1643 1638/2054/1638
f 1638/2054/1638 1643/2059/1643 1644/2060/1644 1639/2055/1639
f 1639/2055/1639 1644/2060/1644 1645/2061/1645 1640/2056/1640
f 1640/2056/1640 1645/2061/1645 1646/2062/1646 1641/2057/1641
f 1028/1255/1028 1027/1253/1027 1647/2063/1647 1642/2058/1642
f 1642/2058/1642 1647/2063/1647 1648/2064/1648 1643/2059/1643
f 1643/2059/1643 1648/2064/1648 1649/2065/1649 1644/2060/1644
f 1644/2060/1644 1649/2065/1649 1650/2066/1650 1645/2061/1645
f 1645/2061/1645 1650/2066/1650 1651/2067/1651 1646/2062/1646
f 1167/2068/1167 1652/2069/1652 1654/2070/1654 1168/2071/1168
f 1652/2069/1652 1653/2072/1653 1655/2073/1655 1654/2070/1654
f 1653/2072/1653 1651/2067/1651 1650/2066/1650 1655/2073/1655
f 1168/2071/1168 1654/2070/1654 1656/2074/1656 1169/2075/1169
f 1654/2070/1654 1655/2073/1655 1657/2076/1657 1656/2074/1656
f 1655/2073/1655 1650/2066/1650 1649/2065/1649 1657/2076/1657
f 1169/2075/1169 1656/2074/1656 1658/2077/1658 1170/2078/1170
f 1656/2074/1656 1657/2076/1657 1659/2079/1659 1658/2077/1658
f 1657/2076/1657 1649/2065/1649 1648/2064/1648 1659/2079/1659
f 1170/2078/1170 1658/2077/1658 1660/2080/1660 1171/2081/1171
f 1658/2077/1658 1659/2079/1659 1661/2082/1661 1660/2080/1660
f 1659/2079/1659 1648/2064/1648 1647/2063/1647 1661/2082/1661
f 1171/2081/1171 1660/2080/1660 1025/1249/1025 727/1248/727
f 1660/2080/1660 1661/2082/1661 1026/1251/1026 1025/1249/1025
f 1661/2082/1661 1647/2063/1647 1027/1253/1027 1026/1251/1026
f 1669/2083/1669 1668/2084/1668 1671/2085/1671 1670/2086/1670
f 1668/2084/1668 1667/2087/1667 1672/2088/1672 1671/2085/1671
f 1667/2087/1667 1666/2089/1666 1673/2090/1673 1672/2088/1672
f 1666/2089/1666 1665/2091/1665 1674/2092/1674 1673/2090/1673
f 1665/2091/1665 1664/2093/1664 2177/2094/2177 1674/2092/1674
f 1664/2093/1664 1663/2095/1663 2478/2096/2478 2177/2094/2177
f 1663/2095/1663 1662/2097/1662 1676/2098/1676 2478/2096/2478
f 1669/2099/1669 1677/2100/1677 1678/2101/1678 1668/2102/1668
f 1668/2102/1668 1678/2101/1678 1679/2103/1679 1667/2104/1667
f 1667/2104/1667 1679/2103/1679 1683/2105/1683 1666/2106/1666
f 1662/2107/1662 1663/2108/1663 1681/2109/1681 1680/2110/1680
f 1663/2108/1663 1664/2111/1664 2471/2112/2471 1681/2109/1681
f 1664/2111/1664 1665/2113/1665 1682/2114/1682 2471/2112/2471
f 1665/2113/1665 1666/2106/1666 1683/2105/1683 1682/2114/1682
f 1180/2115/1180 1652/2069/1652 1167/2068/1167 1166/2116/1166
f 1653/2072/1653 1652/2069/1652 1180/2115/1180 1181/2117/1181
f 1187/2118/1187 1651/2067/1651 1653/2072/1653 1181/2117/1181
f 1646/2062/1646 1651/2067/1651 1187/2118/1187 1186/2119/1186
f 1189/2120/1189 1641/2057/1641 1646/2062/1646 1186/2119/1186
f 1636/2052/1636 1641/2057/1641 1189/2120/1189 1188/2121/1188
f 1188/2122/1188 1191/2123/1191 1687/2124/1687 1636/2125/1636
f 1747/2126/1747 1764/2127/1764 1684/2128/1684 1194/2129/1194
f 1194/2129/1194 1684/2128/1684 1685/2130/1685 1195/2131/1195
f 1195/2131/1195 1685/2130/1685 1686/2132/1686 1190/2133/1190
f 1190/2133/1190 1686/2132/1686 1687/2124/1687 1191/2123/1191
f 1600/1920/1600 1688/2134/1688 1691/2135/1691 1522/1921/1522
f 1688/2134/1688 1689/2136/1689 1692/2137/1692 1691/2135/1691
f 1689/2136/1689 1690/2138/1690 1693/2139/1693 1692/2137/1692
f 1522/1921/1522 1691/2135/1691 1697/2140/1697 1524/1924/1524
f 1691/2135/1691 1692/2137/1692 1698/2141/1698 1697/2140/1697
f 1692/2137/1692 1693/2139/1693 1699/2142/1699 1698/2141/1698
f 1524/1924/1524 1697/2140/1697 1700/2143/1700 1526/1926/1526
f 1697/2140/1697 1698/2141/1698 1701/2144/1701 1700/2143/1700
f 1698/2141/1698 1699/2142/1699 1702/2145/1702 1701/2144/1701
f 1526/1926/1526 1700/2143/1700 1705/2146/1705 1528/1928/1528
f 1700/2143/1700 1701/2144/1701 1706/2147/1706 1705/2146/1705
f 1701/2144/1701 1702/2145/1702 1704/2148/1704 1706/2147/1706
f 1706/2147/1706 1707/2149/1707 1709/2150/1709 1705/2146/1705
f 1704/2148/1704 1708/2151/1708 1707/2149/1707 1706/2147/1706
f 1696/2152/1696 1786/2153/1786 1317/2154/1317 1289/2155/1289
f 1317/2154/1317 1786/2153/1786 1771/2156/1771 1722/2157/1722
f 1696/2152/1696 1708/2158/1708 1704/2159/1704 1720/2160/1720
f 1316/2161/1316 1708/2158/1708 1696/2152/1696 1289/2155/1289
f 1708/2151/1708 1316/2162/1316 1315/2163/1315 1707/2149/1707
f 1705/2146/1705 1709/2150/1709 1710/1930/1710 1528/1928/1528
f 1712/2164/1712 1714/2165/1714 1439/1593/1439 1201/1592/1201
f 1262/1522/1262 1200/1521/1200 1712/1813/1712 1713/1814/1713
f 1709/2150/1709 1711/2166/1711 1438/1524/1438 1710/1930/1710
f 1711/2166/1711 1709/2150/1709 1707/2149/1707 1315/2163/1315
f 1714/1525/1714 1438/1524/1438 1711/2166/1711 1315/2163/1315
f 1314/1632/1314 1439/1593/1439 1714/2165/1714 1315/1633/1315
f 1690/2167/1690 1715/2168/1715 1717/2169/1717 1693/2170/1693
f 1693/2170/1693 1717/2169/1717 1718/2171/1718 1699/2172/1699
f 1699/2172/1699 1718/2171/1718 1719/2173/1719 1702/2174/1702
f 1702/2174/1702 1719/2173/1719 1720/2160/1720 1704/2159/1704
f 1764/2127/1764 1792/2175/1792 1797/2176/1797 1684/2128/1684
f 1690/2167/1690 1617/2177/1617 1721/2178/1721 1715/2168/1715
f 1617/2177/1617 1447/2179/1447 1721/2178/1721
f 1722/1638/1722 1723/2180/1723 1728/2181/1728 1318/1625/1318
f 1723/2180/1723 1724/2182/1724 1729/2183/1729 1728/2181/1728
f 1724/2182/1724 1725/2184/1725 1730/2185/1730 1729/2183/1729
f 1725/2184/1725 1726/2186/1726 1731/2187/1731 1730/2185/1730
f 1726/2186/1726 1727/2188/1727 1732/2189/1732 1731/2187/1731
f 1727/2188/1727 1876/2190/1876 1879/2191/1879 1732/2189/1732
f 1879/2191/1879 1737/2192/1737 1736/2193/1736 1732/2189/1732
f 1737/2194/1737 1735/2195/1735 1768/2196/1768 1739/2197/1739
f 1732/2189/1732 1736/2193/1736 1738/2198/1738 1731/2187/1731
f 1736/2193/1736 1737/2192/1737 1739/2199/1739 1738/2198/1738
f 1731/2187/1731 1738/2198/1738 1740/2200/1740 1730/2185/1730
f 1738/2198/1738 1739/2199/1739 1741/2201/1741 1740/2200/1740
f 1730/2185/1730 1740/2200/1740 1742/2202/1742 1729/2183/1729
f 1740/2200/1740 1741/2201/1741 1743/2203/1743 1742/2202/1742
f 1729/2183/1729 1742/2202/1742 1744/2204/1744 1728/2181/1728
f 1742/2202/1742 1743/2203/1743 1745/2205/1745 1744/2204/1744
f 1728/2181/1728 1744/2204/1744 1746/1481/1746 1318/1625/1318
f 1744/2204/1744 1745/2205/1745 1747/1480/1747 1746/1481/1746
f 1722/2157/1722 1771/2156/1771 1748/2206/1748 1723/2207/1723
f 1723/2207/1723 1748/2206/1748 1749/2208/1749 1724/2209/1724
f 1724/2209/1724 1749/2208/1749 1694/2210/1694 1725/2211/1725
f 1725/2211/1725 1694/2210/1694 1751/2212/1751 1726/2213/1726
f 1726/2213/1726 1751/2212/1751 1814/2214/1814 1727/2215/1727
f 1748/2206/1748 1755/2216/1755 1756/2217/1756 1749/2208/1749
f 1755/2216/1755 1750/2218/1750 1757/2219/1757 1756/2217/1756
f 1749/2208/1749 1756/2217/1756 1758/2220/1758 1694/2210/1694
f 1756/2217/1756 1757/2219/1757 1759/2221/1759 1758/2220/1758
f 1759/2221/1759 1753/2222/1753 1754/2223/1754 1758/2220/1758
f 1754/2223/1754 1753/2222/1753 1760/2224/1760 1761/2225/1761
f 1761/2225/1761 1762/2226/1762 1763/2227/1763 1754/2223/1754
f 1747/2126/1747 1745/2228/1745 1765/2229/1765 1764/2127/1764
f 1745/2228/1745 1743/2230/1743 1766/2231/1766 1765/2229/1765
f 1743/2230/1743 1741/2232/1741 1767/2233/1767 1766/2231/1766
f 1741/2232/1741 1739/2197/1739 1768/2196/1768 1767/2233/1767
f 1757/2219/1757 1766/2231/1766 1767/2233/1767 1759/2221/1759
f 1765/2229/1765 1766/2231/1766 1757/2219/1757 1750/2218/1750
f 1750/2218/1750 1769/2234/1769 1764/2127/1764 1765/2229/1765
f 1750/2218/1750 1755/2216/1755 1770/2235/1770 1769/2234/1769
f 1755/2216/1755 1748/2206/1748 1771/2156/1771 1770/2235/1770
f 1764/2127/1764 1769/2234/1769 1772/2236/1772 1792/2175/1792
f 1769/2234/1769 1770/2235/1770 1773/2237/1773 1772/2236/1772
f 1770/2235/1770 1771/2156/1771 1786/2153/1786 1773/2237/1773
f 1684/2128/1684 1797/2176/1797 1798/2238/1798 1685/2130/1685
f 1685/2130/1685 1798/2238/1798 1775/2239/1775 1686/2132/1686
f 1686/2132/1686 1775/2239/1775 1777/2240/1777 1687/2124/1687
f 1687/2124/1687 1777/2240/1777 1776/2241/1776 1636/2125/1636
f 1776/2241/1776 1777/2240/1777 1695/2242/1695 1627/2243/1627
f 1627/2243/1627 1695/2242/1695 1780/2244/1780 1622/2245/1622
f 1622/2245/1622 1780/2244/1780 1703/2246/1703 1447/2179/1447
f 1447/2179/1447 1703/2246/1703 1791/2247/1791 1721/2178/1721
f 1721/2178/1721 1791/2247/1791 1774/2248/1774 1715/2168/1715
f 1717/2169/1717 1715/2168/1715 1774/2248/1774 1782/2249/1782
f 1717/2169/1717 1782/2249/1782 1783/2250/1783 1718/2171/1718
f 1718/2171/1718 1783/2250/1783 1784/2251/1784 1719/2173/1719
f 1719/2173/1719 1784/2251/1784 1785/2252/1785 1720/2160/1720
f 1720/2160/1720 1785/2252/1785 1786/2153/1786 1696/2152/1696
f 1787/2253/1787 1781/2254/1781 1779/2255/1779 1789/2256/1789
f 1782/2249/1782 1774/2248/1774 1787/2253/1787 1788/2257/1788
f 1787/2253/1787 1789/2256/1789 1790/2258/1790 1788/2257/1788
f 1790/2258/1790 1789/2256/1789 1772/2236/1772 1773/2237/1773
f 1783/2250/1783 1782/2249/1782 1788/2257/1788 1784/2251/1784
f 1788/2257/1788 1790/2258/1790 1785/2252/1785 1784/2251/1784
f 1785/2252/1785 1790/2258/1790 1773/2237/1773 1786/2153/1786
f 1789/2256/1789 1779/2255/1779 1792/2175/1792 1772/2236/1772
f 1774/2248/1774 1791/2247/1791 1781/2254/1781 1787/2253/1787
f 1791/2247/1791 1703/2246/1703 1793/2259/1793 1781/2254/1781
f 1703/2246/1703 1780/2244/1780 1794/2260/1794 1793/2259/1793
f 1781/2254/1781 1793/2259/1793 1795/2261/1795 1779/2255/1779
f 1793/2259/1793 1794/2260/1794 1796/2262/1796 1795/2261/1795
f 1779/2255/1779 1795/2261/1795 1797/2176/1797 1792/2175/1792
f 1795/2261/1795 1796/2262/1796 1798/2238/1798 1797/2176/1797
f 1780/2244/1780 1695/2242/1695 1716/2263/1716 1794/2260/1794
f 1794/2260/1794 1716/2263/1716 1778/2264/1778 1796/2262/1796
f 1796/2262/1796 1778/2264/1778 1775/2239/1775 1798/2238/1798
f 1695/2242/1695 1775/2239/1775 1778/2264/1778 1716/2263/1716
f 1775/2239/1775 1695/2242/1695 1777/2240/1777
f 1760/2224/1760 1799/2265/1799 1802/2266/1802 1761/2225/1761
f 1799/2265/1799 1800/2267/1800 1803/2268/1803 1802/2266/1802
f 1800/2267/1800 1801/2269/1801 1804/2270/1804 1803/2268/1803
f 1761/2225/1761 1802/2266/1802 1805/2271/1805 1762/2226/1762
f 1802/2266/1802 1803/2268/1803 1806/2272/1806 1805/2271/1805
f 1803/2268/1803 1804/2270/1804 1807/2273/1807 1806/2272/1806
f 1801/2269/1801 1808/2274/1808 1809/2275/1809 1804/2270/1804
f 1809/2275/1809 1808/2274/1808 1825/2276/1825 1810/2277/1810
f 1804/2270/1804 1809/2275/1809 1811/2278/1811 1807/2273/1807
f 1809/2275/1809 1810/2277/1810 1812/2279/1812 1811/2278/1811
f 1758/2220/1758 1754/2223/1754 1763/2227/1763 1813/2280/1813
f 1813/2280/1813 1751/2212/1751 1694/2210/1694 1758/2220/1758
f 1751/2212/1751 1813/2280/1813 1815/2281/1815 1814/2214/1814
f 1813/2280/1813 1763/2227/1763 1816/2282/1816 1815/2281/1815
f 1763/2227/1763 1762/2226/1762 1752/2283/1752 1816/2282/1816
f 1762/2226/1762 1805/2271/1805 1818/2284/1818 1752/2283/1752
f 1805/2271/1805 1806/2272/1806 1817/2285/1817 1818/2284/1818
f 1806/2272/1806 1807/2273/1807 1819/2286/1819 1817/2285/1817
f 1807/2273/1807 1811/2278/1811 1820/2287/1820 1819/2286/1819
f 1811/2278/1811 1812/2279/1812 1821/2288/1821 1820/2287/1820
f 1799/2265/1799 1831/2289/1831 1822/2290/1822 1800/2267/1800
f 1800/2267/1800 1822/2290/1822 1823/2291/1823 1801/2269/1801
f 1801/2269/1801 1823/2291/1823 1824/2292/1824 1808/2274/1808
f 1808/2274/1808 1824/2292/1824 1826/2293/1826 1825/2276/1825
f 1831/2289/1831 1832/2294/1832 1827/2295/1827 1822/2290/1822
f 1822/2290/1822 1827/2295/1827 1828/2296/1828 1823/2291/1823
f 1823/2291/1823 1828/2296/1828 1829/2297/1829 1824/2292/1824
f 1824/2292/1824 1829/2297/1829 1830/2298/1830 1826/2293/1826
f 1799/2265/1799 1760/2224/1760 1833/2299/1833 1831/2289/1831
f 1831/2289/1831 1833/2299/1833 1834/2300/1834 1832/2294/1832
f 1760/2224/1760 1753/2222/1753 1835/2301/1835 1833/2299/1833
f 1833/2299/1833 1835/2301/1835 1836/2302/1836 1834/2300/1834
f 1830/2303/1830 1829/2304/1829 1838/2305/1838 1837/2306/1837
f 1829/2304/1829 1828/2307/1828 1839/2308/1839 1838/2305/1838
f 1827/2309/1827 1840/2310/1840 1839/2308/1839 1828/2307/1828
f 1832/2311/1832 1841/2312/1841 1840/2310/1840 1827/2309/1827
f 1832/2311/1832 1834/2313/1834 1842/2314/1842 1841/2312/1841
f 1834/2313/1834 1836/2315/1836 1843/2316/1843 1842/2314/1842
f 1836/2315/1836 1881/2317/1881 1878/2318/1878 1843/2316/1843
f 1881/2319/1881 1836/2302/1836 1835/2301/1835 1845/2320/1845
f 1820/2287/1820 1821/2288/1821 1837/2306/1837 1838/2305/1838
f 1838/2305/1838 1839/2308/1839 1819/2286/1819 1820/2287/1820
f 1817/2285/1817 1819/2286/1819 1839/2308/1839 1840/2310/1840
f 1840/2310/1840 1841/2312/1841 1818/2284/1818 1817/2285/1817
f 1752/2283/1752 1818/2284/1818 1841/2312/1841 1842/2314/1842
f 1843/2316/1843 1816/2282/1816 1752/2283/1752 1842/2314/1842
f 1815/2281/1815 1816/2282/1816 1843/2316/1843 1878/2318/1878
f 1846/2321/1846 1847/2322/1847 1856/2323/1856 1855/2324/1855
f 1847/2322/1847 1848/2325/1848 1857/2326/1857 1856/2323/1856
f 1848/2327/1848 1849/2328/1849 1858/2329/1858 1857/2330/1857
f 1849/2328/1849 1850/2331/1850 1859/2332/1859 1858/2329/1858
f 1850/2331/1850 1851/2333/1851 1853/2334/1853 1859/2332/1859
f 1851/2333/1851 1852/2335/1852 1854/2336/1854 1853/2334/1853
f 1852/2335/1852 1846/2321/1846 1855/2324/1855 1854/2336/1854
f 1853/2334/1853 1854/2336/1854 1812/2279/1812 1810/2277/1810
f 1854/2336/1854 1855/2324/1855 1821/2288/1821 1812/2279/1812
f 1855/2324/1855 1856/2323/1856 1837/2306/1837 1821/2288/1821
f 1856/2323/1856 1857/2326/1857 1830/2303/1830 1837/2306/1837
f 1857/2330/1857 1858/2329/1858 1826/2293/1826 1830/2298/1830
f 1858/2329/1858 1859/2332/1859 1825/2276/1825 1826/2293/1826
f 1859/2332/1859 1853/2334/1853 1810/2277/1810 1825/2276/1825
f 1860/2337/1860 1861/2338/1861 1870/2339/1870 1869/2340/1869
f 1861/2338/1861 1862/2341/1862 1871/2342/1871 1870/2339/1870
f 1862/2341/1862 1863/2343/1863 1872/2344/1872 1871/2342/1871
f 1863/2343/1863 1864/2345/1864 1873/2346/1873 1872/2344/1872
f 1864/2345/1864 1865/2347/1865 1867/2348/1867 1873/2346/1873
f 1865/2347/1865 1866/2349/1866 1868/2350/1868 1867/2348/1867
f 1866/2349/1866 1860/2337/1860 1869/2340/1869 1868/2350/1868
f 1867/2351/1867 1868/2352/1868 1850/2331/1850 1849/2328/1849
f 1868/2352/1868 1869/2353/1869 1851/2333/1851 1850/2331/1850
f 1869/2353/1869 1870/2354/1870 1852/2335/1852 1851/2333/1851
f 1870/2354/1870 1871/2355/1871 1846/2321/1846 1852/2335/1852
f 1871/2355/1871 1872/2356/1872 1847/2322/1847 1846/2321/1846
f 1872/2356/1872 1873/2357/1873 1848/2325/1848 1847/2322/1847
f 1873/2358/1873 1867/2351/1867 1849/2328/1849 1848/2327/1848
f 1865/2347/1865 1875/2359/1875 1874/2360/1874 1866/2349/1866
f 1874/2360/1874 1875/2359/1875 1862/2341/1862 1861/2338/1861
f 1866/2349/1866 1874/2360/1874 1861/2338/1861 1860/2337/1860
f 1864/2345/1864 1875/2359/1875 1865/2347/1865
f 1875/2359/1875 1864/2345/1864 1863/2343/1863 1862/2341/1862
f 1727/2215/1727 1814/2214/1814 1877/2361/1877 1876/2362/1876
f 1814/2214/1814 1815/2281/1815 1878/2318/1878 1877/2361/1877
f 1767/2233/1767 1768/2196/1768 1753/2222/1753 1759/2221/1759
f 1876/2362/1876 1877/2361/1877 1880/2363/1880 1879/2364/1879
f 1877/2361/1877 1878/2318/1878 1881/2317/1881 1880/2363/1880
f 1879/2365/1879 1880/2366/1880 1735/2195/1735 1737/2194/1737
f 1735/2195/1735 1880/2366/1880 1881/2319/1881 1845/2320/1845
f 1835/2301/1835 1753/2222/1753 1768/2196/1768 1845/2320/1845
f 1735/2195/1735 1845/2320/1845 1768/2196/1768
f 1883/2367/1883 1844/2368/1844 2468/2369/2468 2477/2370/2477
f 1844/2371/1844 1883/2372/1883 1882/2373/1882 2168/2374/2168
f 1883/2372/1883 1669/2083/1669 1670/2086/1670 1882/2373/1882
f 1669/2099/1669 1883/2367/1883 2477/2370/2477 1677/2100/1677
f 2468/2369/2468 1844/2368/1844 1886/2375/1886 2467/2376/2467
f 2467/2376/2467 1886/2375/1886 1887/2377/1887 1885/2378/1885
f 1844/2371/1844 2168/2374/2168 2452/2379/2452 1886/2380/1886
f 1886/2380/1886 2452/2379/2452 1889/2381/1889 1887/2382/1887
f 1885/2378/1885 1887/2377/1887 1892/2383/1892 1890/2384/1890
f 1890/2384/1890 1892/2383/1892 1893/2385/1893 2459/2386/2459
f 1887/2382/1887 1889/2381/1889 1894/2387/1894 1892/2388/1892
f 1892/2388/1892 1894/2387/1894 2455/2389/2455 1893/2390/1893
f 2459/2386/2459 1893/2385/1893 1898/2391/1898 2458/2392/2458
f 2458/2392/2458 1898/2391/1898 1899/2393/1899 1897/2394/1897
f 1893/2390/1893 2455/2389/2455 1891/2395/1891 1898/2396/1898
f 1898/2396/1898 1891/2395/1891 1901/2397/1901 1899/2398/1899
f 1897/2394/1897 1899/2393/1899 1904/2399/1904 1902/2400/1902
f 1902/2400/1902 1904/2399/1904 1905/2401/1905 1903/2402/1903
f 1899/2398/1899 1901/2397/1901 1906/2403/1906 1904/2404/1904
f 1904/2404/1904 1906/2403/1906 1907/2405/1907 1905/2406/1905
f 1903/2402/1903 1905/2401/1905 1910/2407/1910 1914/2408/1914
f 1914/2408/1914 1910/2407/1910 1911/2409/1911 1909/2410/1909
f 1905/2406/1905 1907/2405/1907 1924/2411/1924 1910/2412/1910
f 1910/2412/1910 1924/2411/1924 1913/2413/1913 1911/2414/1911
f 1913/2413/1913 1919/2415/1919 1917/2416/1917 1911/2414/1911
f 1921/2417/1921 1912/2418/1912 1916/2419/1916 1915/2420/1915
f 1917/2421/1917 1923/2422/1923 1921/2417/1921 1915/2420/1915
f 1926/2423/1926 2425/2424/2425 1912/2418/1912 1921/2417/1921
f 1919/2415/1919 1925/2425/1925 1923/2426/1923 1917/2416/1917
f 1925/2425/1925 1920/2427/1920 1918/2428/1918 1929/2429/1929
f 1913/2413/1913 1924/2411/1924 1922/2430/1922 1919/2415/1919
f 1919/2415/1919 1922/2430/1922 1920/2427/1920 1925/2425/1925
f 1921/2417/1921 1923/2422/1923 1927/2431/1927 1926/2423/1926
f 1929/2429/1929 1933/2432/1933 1932/2433/1932 1927/2434/1927
f 1923/2426/1923 1925/2425/1925 1929/2429/1929 1927/2434/1927
f 2126/2435/2126 2425/2424/2425 1928/2436/1928 2146/2437/2146
f 2146/2437/2146 1928/2436/1928 2384/2438/2384 2145/2439/2145
f 1927/2431/1927 1932/2440/1932 1931/2441/1931 1926/2423/1926
f 2425/2424/2425 1926/2423/1926 1931/2441/1931 1928/2436/1928
f 1932/2440/1932 1936/2442/1936 1934/2443/1934 1931/2441/1931
f 1928/2436/1928 1931/2441/1931 1934/2443/1934 2384/2438/2384
f 1934/2443/1934 1936/2442/1936 1937/2444/1937 1935/2445/1935
f 1936/2446/1936 1938/2447/1938 1939/2448/1939 1937/2449/1937
f 1939/2448/1939 1940/2450/1940 1942/2451/1942 1937/2449/1937
f 1940/2450/1940 1945/2452/1945 1943/2453/1943 1942/2451/1942
f 1937/2444/1937 1942/2454/1942 1944/2455/1944 1935/2445/1935
f 1942/2454/1942 1943/2456/1943 2163/2457/2163 1944/2455/1944
f 1948/2458/1948 1593/2459/1593 1561/1970/1561 1949/2460/1949
f 1595/1431/1595 1948/2458/1948 1949/2460/1949 1152/1429/1152
f 1594/1971/1594 1947/1976/1947 1949/2460/1949 1561/1970/1561
f 1152/1429/1152 1949/2460/1949 1947/1976/1947 1946/1975/1946
f 1285/1587/1285 1287/1591/1287 1953/2461/1953 1950/1588/1950
f 1950/1588/1950 1953/2461/1953 1954/2462/1954 1951/1594/1951
f 1951/1594/1951 1954/2462/1954 1995/2463/1995 1952/1596/1952
f 1287/1591/1287 1311/1627/1311 1956/2464/1956 1953/2461/1953
f 1953/2461/1953 1956/2464/1956 1957/2465/1957 1954/2462/1954
f 1954/2462/1954 1957/2465/1957 1994/2466/1994 1995/2463/1995
f 1311/1627/1311 1312/1629/1312 1959/2467/1959 1956/2464/1956
f 1956/2464/1956 1959/2467/1959 1960/2468/1960 1957/2465/1957
f 1957/2465/1957 1960/2468/1960 1961/2469/1961 1994/2466/1994
f 1312/1629/1312 1313/1631/1313 1962/2470/1962 1959/2467/1959
f 1959/2467/1959 1962/2470/1962 1963/2471/1963 1960/2468/1960
f 1960/2468/1960 1963/2471/1963 1964/2472/1964 1961/2469/1961
f 1313/1631/1313 1580/1640/1580 1965/1992/1965 1962/2470/1962
f 1962/2470/1962 1965/1992/1965 1966/1990/1966 1963/2471/1963
f 1963/2471/1963 1966/1990/1966 1967/1988/1967 1964/2472/1964
f 1552/1523/1552 1262/1522/1262 1578/2473/1578 1574/2474/1574
f 1574/2474/1574 1578/2473/1578 1292/2475/1292 1576/2476/1576
f 1262/1522/1262 1713/1814/1713 1291/2477/1291 1578/2473/1578
f 1578/2473/1578 1291/2477/1291 1290/2478/1290 1292/2475/1292
f 1713/1814/1713 1263/1531/1263 1968/2479/1968 1291/2477/1291
f 1291/2477/1291 1968/2479/1968 1969/2480/1969 1290/2478/1290
f 1263/1531/1263 1264/1530/1264 1970/1533/1970 1968/2479/1968
f 1968/2479/1968 1970/1533/1970 1971/1535/1971 1969/2480/1969
f 1576/2476/1576 1292/2475/1292 2087/2481/2087 1266/2482/1266
f 1292/2475/1292 1290/2478/1290 2013/2483/2013 2087/2481/2087
f 1290/2478/1290 1969/2480/1969 2012/2484/2012 2013/2483/2013
f 1969/2480/1969 1971/1535/1971 1972/1537/1972 2012/2484/2012
f 1273/1555/1273 1274/1554/1274 1975/2485/1975 1987/2486/1987
f 1987/2486/1987 1975/2485/1975 1976/2487/1976 1986/2488/1986
f 1274/1554/1274 1302/1619/1302 1977/2489/1977 1975/2485/1975
f 1975/2485/1975 1977/2489/1977 1978/2490/1978 1976/2487/1976
f 1302/1619/1302 2294/1621/2294 2020/2491/2020 1977/2489/1977
f 1977/2489/1977 2020/2491/2020 1980/2492/1980 1978/2490/1978
f 1300/1622/1300 1304/1616/1304 1982/2493/1982 1979/2494/1979
f 1979/2494/1979 1982/2493/1982 1983/2495/1983 1981/2496/1981
f 1304/1616/1304 1296/1614/1296 1984/2497/1984 1982/2493/1982
f 1982/2493/1982 1984/2497/1984 1985/2498/1985 1983/2495/1983
f 1296/1614/1296 1299/1613/1299 1988/2499/1988 1984/2497/1984
f 1984/2497/1984 1988/2499/1988 1989/2500/1989 1985/2498/1985
f 2437/1610/2437 1298/1608/1298 1990/2501/1990 2438/2502/2438
f 2438/2502/2438 1990/2501/1990 1991/2503/1991 2439/2504/2439
f 1298/1608/1298 1297/1606/1297 1992/2505/1992 1990/2501/1990
f 1990/2501/1990 1992/2505/1992 1993/2506/1993 1991/2503/1991
f 1297/1606/1297 1286/1604/1286 1974/2507/1974 1992/2505/1992
f 1992/2505/1992 1974/2507/1974 1973/2508/1973 1993/2506/1993
f 2435/1551/2435 2434/2509/2434 1996/2510/1996 1272/1549/1272
f 2434/2509/2434 2433/2511/2433 1997/2512/1997 1996/2510/1996
f 1272/1549/1272 1996/2510/1996 1998/2513/1998 1271/1547/1271
f 1996/2510/1996 1997/2512/1997 1999/2514/1999 1998/2513/1998
f 1271/1547/1271 1998/2513/1998 2000/2515/2000 1265/1545/1265
f 1998/2513/1998 1999/2514/1999 2001/2516/2001 2000/2515/2000
f 1265/1545/1265 2000/2515/2000 2005/2517/2005 1269/1543/1269
f 2000/2515/2000 2001/2516/2001 2004/2518/2004 2005/2517/2005
f 1286/1604/1286 1295/1602/1295 2009/2519/2009 1974/2507/1974
f 1974/2507/1974 2009/2519/2009 2010/2520/2010 1973/2508/1973
f 1952/1596/1952 1995/2463/1995 2006/2521/2006 1293/1598/1293
f 1995/2463/1995 1994/2466/1994 2085/2522/2085 2006/2521/2006
f 1293/1598/1293 2006/2521/2006 2007/2523/2007 1294/1600/1294
f 2006/2521/2006 2085/2522/2085 2008/2524/2008 2007/2523/2007
f 1294/1600/1294 2007/2523/2007 2009/2519/2009 1295/1602/1295
f 2007/2523/2007 2008/2524/2008 2010/2520/2010 2009/2519/2009
f 1269/1543/1269 2005/2517/2005 1958/2525/1958 1268/1541/1268
f 2005/2517/2005 2004/2518/2004 1955/2526/1955 1958/2525/1958
f 1268/1541/1268 1958/2525/1958 2011/2527/2011 1267/1539/1267
f 1958/2525/1958 1955/2526/1955 2086/2528/2086 2011/2527/2011
f 1267/1539/1267 2011/2527/2011 2012/2484/2012 1972/1537/1972
f 2011/2527/2011 2086/2528/2086 2013/2483/2013 2012/2484/2012
f 1994/2466/1994 1961/2469/1961 1215/2529/1215 2085/2522/2085
f 1961/2469/1961 1964/2472/1964 2003/2530/2003 1215/2529/1215
f 1964/2472/1964 1967/1988/1967 2002/1986/2002 2003/2530/2003
f 1986/2531/1986 1976/2532/1976 2016/2533/2016 1569/2534/1569
f 1569/2534/1569 2016/2533/2016 2017/2535/2017 2029/2536/2029
f 1976/2532/1976 1978/2537/1978 2018/2538/2018 2016/2533/2016
f 2016/2533/2016 2018/2538/2018 2019/2539/2019 2017/2535/2017
f 1978/2537/1978 1980/2540/1980 2022/2541/2022 2018/2538/2018
f 2018/2538/2018 2022/2541/2022 2021/2542/2021 2019/2539/2019
f 1981/2496/1981 1983/2495/1983 2024/2543/2024 2199/2544/2199
f 2199/2544/2199 2024/2543/2024 2025/2545/2025 2023/2546/2023
f 1983/2495/1983 1985/2498/1985 2026/2547/2026 2024/2543/2024
f 2024/2543/2024 2026/2547/2026 2027/2548/2027 2025/2545/2025
f 1985/2498/1985 1989/2500/1989 2030/2549/2030 2026/2547/2026
f 2026/2547/2026 2030/2549/2030 2031/2550/2031 2027/2548/2027
f 2439/2504/2439 1991/2503/1991 2032/2551/2032 2440/2552/2440
f 2440/2552/2440 2032/2551/2032 2033/2553/2033 2441/2554/2441
f 1991/2503/1991 1993/2506/1993 2034/2555/2034 2032/2551/2032
f 2032/2551/2032 2034/2555/2034 2035/2556/2035 2033/2553/2033
f 1993/2506/1993 1973/2508/1973 2036/2557/2036 2034/2555/2034
f 2034/2555/2034 2036/2557/2036 2037/2558/2037 2035/2556/2035
f 1973/2508/1973 2010/2520/2010 2038/2559/2038 2036/2557/2036
f 2036/2557/2036 2038/2559/2038 2039/2560/2039 2037/2558/2037
f 2010/2520/2010 2008/2524/2008 2040/2561/2040 2038/2559/2038
f 2038/2559/2038 2040/2561/2040 2041/1981/2041 2039/2560/2039
f 2433/2562/2433 2432/2563/2432 2028/2564/2028 1997/2565/1997
f 2432/2563/2432 2431/2566/2431 2042/2567/2042 2028/2564/2028
f 1997/2565/1997 2028/2564/2028 2043/2568/2043 1999/2569/1999
f 2028/2564/2028 2042/2567/2042 2044/2570/2044 2043/2568/2043
f 1999/2569/1999 2043/2568/2043 2045/2571/2045 2001/2572/2001
f 2043/2568/2043 2044/2570/2044 2046/2573/2046 2045/2571/2045
f 2001/2572/2001 2045/2571/2045 2015/2574/2015 2004/2575/2004
f 2045/2571/2045 2046/2573/2046 2014/2576/2014 2015/2574/2015
f 2004/2575/2004 2015/2574/2015 2047/2577/2047 1955/2578/1955
f 2015/2574/2015 2014/2576/2014 2048/2579/2048 2047/2577/2047
f 2023/2580/2023 2025/2581/2025 2050/2582/2050 2049/2583/2049
f 2025/2581/2025 2027/2584/2027 2051/2585/2051 2050/2582/2050
f 2027/2584/2027 2031/2586/2031 2052/2587/2052 2051/2585/2051
f 2441/2588/2441 2033/2589/2033 2053/2590/2053 2442/2591/2442
f 2033/2589/2033 2035/2592/2035 2096/2593/2096 2053/2590/2053
f 2049/2583/2049 2050/2582/2050 2057/2594/2057 2055/2595/2055
f 2055/2595/2055 2057/2594/2057 2058/2596/2058 2056/2597/2056
f 2050/2582/2050 2051/2585/2051 2059/2598/2059 2057/2594/2057
f 2057/2594/2057 2059/2598/2059 2060/2599/2060 2058/2596/2058
f 2051/2585/2051 2052/2587/2052 2061/2600/2061 2059/2598/2059
f 2059/2598/2059 2061/2600/2061 2062/2601/2062 2060/2599/2060
f 2442/2591/2442 2053/2590/2053 2063/2602/2063 2443/2603/2443
f 2443/2603/2443 2063/2602/2063 2064/2604/2064 2444/2605/2444
f 2053/2590/2053 2096/2593/2096 2054/2606/2054 2063/2602/2063
f 2063/2602/2063 2054/2606/2054 2127/2607/2127 2064/2604/2064
f 2021/2608/2021 2066/2609/2066 2067/2610/2067 2019/2611/2019
f 2019/2611/2019 2067/2610/2067 2068/2612/2068 2017/2613/2017
f 2017/2613/2017 2068/2612/2068 2069/2614/2069 2029/2615/2029
f 2431/2616/2431 2430/2617/2430 2070/2618/2070 2042/2619/2042
f 2042/2619/2042 2070/2618/2070 2071/2620/2071 2044/2621/2044
f 2071/2620/2071 2070/2618/2070 2074/2622/2074 2072/2623/2072
f 2072/2623/2072 2074/2622/2074 2075/2624/2075 2073/2625/2073
f 2070/2618/2070 2430/2617/2430 2429/2626/2429 2074/2622/2074
f 2074/2622/2074 2429/2626/2429 2428/2627/2428 2075/2624/2075
f 2069/2614/2069 2068/2612/2068 2078/2628/2078 2076/2629/2076
f 2076/2629/2076 2078/2628/2078 2079/2630/2079 2077/2631/2077
f 2068/2612/2068 2067/2610/2067 2080/2632/2080 2078/2628/2078
f 2078/2628/2078 2080/2632/2080 2081/2633/2081 2079/2630/2079
f 2067/2610/2067 2066/2609/2066 2082/2634/2082 2080/2632/2080
f 2080/2632/2080 2082/2634/2082 2083/2635/2083 2081/2633/2081
f 2048/2579/2048 2084/2636/2084 2089/2637/2089 2047/2577/2047
f 2047/2577/2047 2089/2637/2089 2086/2638/2086 1955/2578/1955
f 1266/2639/1266 2087/2640/2087 2088/2641/2088 1547/2642/1547
f 1547/2642/1547 2088/2641/2088 2089/2637/2089 2084/2636/2084
f 2088/2641/2088 2013/2643/2013 2086/2638/2086 2089/2637/2089
f 2087/2640/2087 2013/2643/2013 2088/2641/2088
f 2008/2524/2008 2085/2522/2085 2090/2644/2090 2040/2561/2040
f 2085/2522/2085 1215/2529/1215 2091/2645/2091 2090/2644/2090
f 2040/2561/2040 2090/2644/2090 2092/1982/2092 2041/1981/2041
f 2090/2644/2090 2091/2645/2091 2093/1984/2093 2092/1982/2092
f 2003/2530/2003 2002/1986/2002 2093/1984/2093 2091/2645/2091
f 1215/2529/1215 2003/2530/2003 2091/2645/2091
f 1554/1960/1554 2094/1963/2094 2039/2646/2039 2041/1961/2041
f 2039/2646/2039 2094/1963/2094 2095/2647/2095 2037/2648/2037
f 2037/2648/2037 2095/2647/2095 2096/2593/2096 2035/2592/2035
f 2096/2593/2096 2095/2647/2095 1556/2649/1556 2054/2606/2054
f 2095/2647/2095 2094/1963/2094 2097/1965/2097 1556/2649/1556
f 2073/2625/2073 2098/2650/2098 2100/2651/2100 2072/2623/2072
f 2098/2650/2098 2099/2652/2099 2101/2653/2101 2100/2651/2100
f 2101/2653/2101 2099/2652/2099 1584/1999/1584 2140/2002/2140
f 2072/2623/2072 2100/2651/2100 2102/2654/2102 2071/2620/2071
f 2100/2651/2100 2101/2653/2101 2103/2655/2103 2102/2654/2102
f 2101/2653/2101 1582/1945/1582 1543/1944/1543 2103/2655/2103
f 2071/2620/2071 2102/2654/2102 2046/2656/2046 2044/2621/2044
f 2102/2654/2102 2103/2655/2103 2014/2657/2014 2046/2656/2046
f 2103/2655/2103 1543/1944/1543 2048/1947/2048 2014/2657/2014
f 2077/2631/2077 2079/2630/2079 2106/2658/2106 2112/2659/2112
f 2112/2659/2112 2106/2658/2106 2107/2660/2107 2113/2661/2113
f 2079/2630/2079 2081/2633/2081 2108/2662/2108 2106/2658/2106
f 2106/2658/2106 2108/2662/2108 2109/2663/2109 2107/2660/2107
f 2081/2633/2081 2083/2635/2083 2110/2664/2110 2108/2662/2108
f 2108/2662/2108 2110/2664/2110 2111/2665/2111 2109/2663/2109
f 2428/2627/2428 2427/2666/2427 2114/2667/2114 2075/2624/2075
f 2427/2666/2427 1930/2668/1930 2115/2669/2115 2114/2667/2114
f 2075/2624/2075 2114/2667/2114 2116/2670/2116 2073/2625/2073
f 2114/2667/2114 2115/2669/2115 2117/2671/2117 2116/2670/2116
f 2073/2625/2073 2116/2670/2116 2118/2672/2118 2098/2650/2098
f 2116/2670/2116 2117/2671/2117 2119/2673/2119 2118/2672/2118
f 2098/2650/2098 2118/2672/2118 2167/2674/2167 2099/2652/2099
f 2118/2672/2118 2119/2673/2119 2171/2675/2171 2167/2674/2167
f 2056/2597/2056 2058/2596/2058 2121/2676/2121 2105/2677/2105
f 2105/2677/2105 2121/2676/2121 2122/2678/2122 2104/2679/2104
f 2058/2596/2058 2060/2599/2060 2123/2680/2123 2121/2676/2121
f 2121/2676/2121 2123/2680/2123 2124/2681/2124 2122/2678/2122
f 2060/2599/2060 2062/2601/2062 2144/2682/2144 2123/2680/2123
f 2123/2680/2123 2144/2682/2144 2148/2683/2148 2124/2681/2124
f 2054/2606/2054 1556/2649/1556 2128/2684/2128 2127/2607/2127
f 1556/2649/1556 2097/1965/2097 2065/2685/2065 2128/2684/2128
f 2097/1965/2097 1591/1967/1591 2129/2686/2129 2065/2685/2065
f 1591/1967/1591 1592/2006/1592 2130/2687/2130 2129/2686/2129
f 1592/2006/1592 1593/2007/1593 2131/2688/2131 2130/2687/2130
f 1593/2007/1593 1948/2689/1948 2132/2690/2132 2131/2688/2131
f 1948/2689/1948 1595/2691/1595 2133/2692/2133 2132/2690/2132
f 1595/2693/1595 2135/2694/2135 2134/2695/2134 2133/2696/2133
f 2135/2694/2135 1595/2693/1595 1680/2110/1680 1681/2109/1681
f 2104/2697/2104 2163/2698/2163 2120/2699/2120 2105/2700/2105
f 1676/1439/1676 1590/1443/1590 2137/2701/2137 2485/2702/2485
f 2137/2701/2137 1590/1443/1590 1588/2005/1588 2138/2703/2138
f 2139/1995/2139 1588/1994/1588 1587/2003/1587 1585/1998/1585
f 1583/1993/1583 2142/2001/2142 2139/1995/2139 1585/1998/1585
f 2140/2002/2140 2142/2001/2142 1583/1993/1583 1581/1943/1581
f 1581/1943/1581 1582/1945/1582 2101/2653/2101 2140/2002/2140
f 2104/2704/2104 2122/2705/2122 2145/2439/2145 2143/2706/2143
f 2122/2705/2122 2124/2707/2124 2146/2437/2146 2145/2439/2145
f 2124/2707/2124 2148/2708/2148 2126/2435/2126 2146/2437/2146
f 2444/2605/2444 2064/2604/2064 2149/2709/2149 2445/2710/2445
f 2445/2710/2445 2149/2709/2149 2150/2711/2150 2446/2712/2446
f 2064/2604/2064 2127/2607/2127 2147/2713/2147 2149/2709/2149
f 2149/2709/2149 2147/2713/2147 2152/2714/2152 2150/2711/2150
f 2446/2715/2446 2150/2716/2150 2125/2717/2125 2447/2718/2447
f 2150/2716/2150 2152/2719/2152 2158/2720/2158 2125/2717/2125
f 2127/2607/2127 2128/2684/2128 2153/2721/2153 2147/2713/2147
f 2147/2713/2147 2153/2721/2153 2154/2722/2154 2152/2714/2152
f 2128/2684/2128 2065/2685/2065 2151/2723/2151 2153/2721/2153
f 2153/2721/2153 2151/2723/2151 2159/2724/2159 2154/2722/2154
f 2159/2725/2159 2156/2726/2156 2157/2727/2157 2154/2728/2154
f 2154/2728/2154 2157/2727/2157 2158/2720/2158 2152/2719/2152
f 2065/2685/2065 2129/2686/2129 2160/2729/2160 2151/2723/2151
f 2151/2723/2151 2160/2729/2160 2161/2730/2161 2159/2724/2159
f 2159/2725/2159 2161/2731/2161 2155/2732/2155 2156/2726/2156
f 2131/2688/2131 2160/2729/2160 2129/2686/2129 2130/2687/2130
f 2133/2696/2133 2134/2695/2134 2155/2732/2155 2161/2731/2161
f 2131/2688/2131 2132/2690/2132 2161/2730/2161 2160/2729/2160
f 2161/2730/2161 2132/2690/2132 2133/2692/2133
f 2111/2733/2111 2162/2734/2162 2164/2735/2164 2109/2736/2109
f 2109/2736/2109 2164/2735/2164 2165/2737/2165 2107/2738/2107
f 2107/2738/2107 2165/2737/2165 2166/2739/2166 2113/2740/2113
f 1930/2741/1930 1908/2742/1908 2170/2743/2170 2115/2744/2115
f 2171/2745/2171 2119/2746/2119 1896/2747/1896 2454/2748/2454
f 2119/2746/2119 2117/2749/2117 2169/2750/2169 1896/2747/1896
f 2117/2749/2117 2115/2744/2115 2170/2743/2170 2169/2750/2169
f 2099/2652/2099 2167/2674/2167 2172/2751/2172 1584/1999/1584
f 2167/2674/2167 2171/2675/2171 2173/2752/2173 2172/2751/2172
f 2171/2745/2171 2454/2748/2454 2483/2753/2483 2173/2754/2173
f 1584/1999/1584 2172/2751/2172 2175/2755/2175 2141/2000/2141
f 2172/2751/2172 2173/2752/2173 2176/2756/2176 2175/2755/2175
f 2173/2754/2173 2483/2753/2483 2484/2757/2484 2176/2758/2176
f 2485/2759/2485 2137/2760/2137 2176/2758/2176 2484/2757/2484
f 2138/1997/2138 2175/2755/2175 2176/2756/2176 2137/2761/2137
f 2138/1997/2138 1586/1996/1586 2141/2000/2141 2175/2755/2175
f 2143/2706/2143 1944/2455/1944 2163/2457/2163 2104/2704/2104
f 2111/2733/2111 1945/2452/1945 1940/2450/1940 2162/2734/2162
f 2134/2695/2134 2135/2694/2135 2472/2762/2472 2155/2732/2155
f 2472/2762/2472 2135/2694/2135 1681/2109/1681 2471/2112/2471
f 2105/2700/2105 2120/2699/2120 2183/2763/2183 2056/2764/2056
f 2111/2765/2111 2110/2766/2110 2178/2767/2178 1945/2768/1945
f 2110/2766/2110 2083/2769/2083 2200/2770/2200 2178/2767/2178
f 2163/2698/2163 1943/2771/1943 2180/2772/2180 2184/2773/2184
f 2184/2773/2184 2180/2772/2180 2181/2774/2181 2185/2775/2185
f 1943/2771/1943 1945/2768/1945 2179/2776/2179 2180/2772/2180
f 2180/2772/2180 2179/2776/2179 1941/2777/1941 2181/2774/2181
f 2163/2698/2163 2184/2773/2184 2186/2778/2186 2120/2699/2120
f 2184/2773/2184 2185/2775/2185 2187/2779/2187 2186/2778/2186
f 2120/2699/2120 2186/2778/2186 2182/2780/2182 2183/2763/2183
f 2186/2778/2186 2187/2779/2187 2190/2781/2190 2182/2780/2182
f 1945/2768/1945 2178/2767/2178 2188/2782/2188 2179/2776/2179
f 2179/2776/2179 2188/2782/2188 2189/2783/2189 1941/2777/1941
f 2178/2767/2178 2200/2770/2200 2201/2784/2201 2188/2782/2188
f 2188/2782/2188 2201/2784/2201 2202/2785/2202 2189/2783/2189
f 2056/2764/2056 2183/2763/2183 2191/2786/2191 2055/2787/2055
f 2183/2763/2183 2182/2780/2182 2192/2788/2192 2191/2786/2191
f 2182/2780/2182 2190/2781/2190 2263/2789/2263 2192/2788/2192
f 2055/2787/2055 2191/2786/2191 2194/2790/2194 2049/2791/2049
f 2191/2786/2191 2192/2788/2192 2195/2792/2195 2194/2790/2194
f 2192/2788/2192 2263/2789/2263 2210/2793/2210 2195/2792/2195
f 2049/2791/2049 2194/2790/2194 2197/2794/2197 2023/2795/2023
f 2194/2790/2194 2195/2792/2195 2198/2796/2198 2197/2794/2197
f 2195/2792/2195 2210/2793/2210 2207/2797/2207 2198/2796/2198
f 2083/2769/2083 2082/2798/2082 2203/2799/2203 2200/2770/2200
f 2200/2770/2200 2203/2799/2203 2204/2800/2204 2201/2784/2201
f 2201/2784/2201 2204/2800/2204 2193/2801/2193 2202/2785/2202
f 2082/2798/2082 2066/2802/2066 2205/2803/2205 2203/2799/2203
f 2203/2799/2203 2205/2803/2205 2206/2804/2206 2204/2800/2204
f 2204/2800/2204 2206/2804/2206 2265/2805/2265 2193/2801/2193
f 2066/2802/2066 2021/2806/2021 2208/2807/2208 2205/2803/2205
f 2205/2803/2205 2208/2807/2208 2209/2808/2209 2206/2804/2206
f 2206/2804/2206 2209/2808/2209 2266/2809/2266 2265/2805/2265
f 2185/2775/2185 2181/2774/2181 2259/2810/2259 2258/2811/2258
f 2211/2812/2211 2214/2813/2214 2215/2814/2215 2212/2815/2212
f 2212/2815/2212 2215/2814/2215 2216/2816/2216 2213/2817/2213
f 2181/2774/2181 1941/2777/1941 2260/2818/2260 2259/2810/2259
f 2214/2813/2214 2217/2819/2217 2218/2820/2218 2215/2814/2215
f 2215/2814/2215 2218/2820/2218 2219/2821/2219 2216/2816/2216
f 2219/2821/2219 2218/2820/2218 2501/2822/2501 2508/2823/2508
f 2212/2815/2212 2213/2817/2213 2522/2824/2522 2521/2825/2521
f 2213/2817/2213 2227/2826/2227 2523/2827/2523 2522/2824/2522
f 2508/2823/2508 2507/2828/2507 2248/2829/2248 2219/2821/2219
f 2218/2820/2218 2229/2830/2229 2502/2831/2502 2501/2822/2501
f 2521/2825/2521 2520/2832/2520 2231/2833/2231 2212/2815/2212
f 2248/2829/2248 2507/2828/2507 2506/2834/2506 2245/2835/2245
f 2523/2827/2523 2227/2826/2227 2322/2836/2322 2524/2837/2524
f 2231/2833/2231 2520/2832/2520 2519/2838/2519 2237/2839/2237
f 2502/2831/2502 2229/2830/2229 2239/2840/2239 2503/2841/2503
f 2239/2840/2239 2241/2842/2241 2504/2843/2504 2503/2841/2503
f 2504/2843/2504 2241/2842/2241 2235/2844/2235 2505/2845/2505
f 2235/2844/2235 2245/2835/2245 2506/2834/2506 2505/2845/2505
f 2322/2836/2322 2323/2846/2323 2517/2847/2517 2524/2837/2524
f 2517/2847/2517 2323/2846/2323 2247/2848/2247 2518/2849/2518
f 2247/2848/2247 2237/2839/2237 2519/2838/2519 2518/2849/2518
f 2213/2817/2213 2216/2816/2216 2302/2850/2302 2227/2826/2227
f 2216/2816/2216 2219/2821/2219 2248/2829/2248 2302/2850/2302
f 2241/2842/2241 2264/2851/2264 2243/2852/2243 2235/2844/2235
f 2323/2846/2323 2249/2853/2249 2261/2854/2261 2247/2848/2247
f 2237/2839/2237 2247/2848/2247 2252/2855/2252 2253/2856/2253
f 2252/2855/2252 2190/2781/2190 2187/2779/2187 2253/2856/2253
f 2189/2783/2189 2202/2785/2202 2254/2857/2254 2255/2858/2255
f 2254/2857/2254 2241/2842/2241 2239/2840/2239 2255/2858/2255
f 2185/2775/2185 2256/2859/2256 2253/2856/2253 2187/2779/2187
f 2237/2839/2237 2253/2856/2253 2256/2859/2256 2231/2833/2231
f 2212/2815/2212 2231/2833/2231 2256/2859/2256 2211/2812/2211
f 2256/2859/2256 2185/2775/2185 2258/2811/2258 2211/2812/2211
f 2218/2820/2218 2217/2819/2217 2257/2860/2257 2229/2830/2229
f 2257/2860/2257 2255/2858/2255 2239/2840/2239 2229/2830/2229
f 2255/2858/2255 2257/2860/2257 1941/2777/1941 2189/2783/2189
f 1941/2777/1941 2257/2860/2257 2217/2819/2217 2260/2818/2260
f 2258/2811/2258 2259/2810/2259 2214/2813/2214 2211/2812/2211
f 2259/2810/2259 2260/2818/2260 2217/2819/2217 2214/2813/2214
f 2247/2848/2247 2261/2854/2261 2262/2861/2262 2252/2855/2252
f 2252/2855/2252 2262/2861/2262 2263/2789/2263 2190/2781/2190
f 2202/2785/2202 2193/2801/2193 2251/2862/2251 2254/2857/2254
f 2254/2857/2254 2251/2862/2251 2264/2851/2264 2241/2842/2241
f 2193/2801/2193 2265/2805/2265 2267/2863/2267 2251/2862/2251
f 2265/2805/2265 2266/2809/2266 2268/2864/2268 2267/2863/2267
f 2251/2862/2251 2267/2863/2267 2269/2865/2269 2264/2851/2264
f 2267/2863/2267 2268/2864/2268 2270/2866/2270 2269/2865/2269
f 2264/2851/2264 2269/2865/2269 2250/2867/2250 2243/2852/2243
f 2269/2865/2269 2270/2866/2270 2339/2868/2339 2250/2867/2250
f 2263/2789/2263 2262/2861/2262 2273/2869/2273 2210/2793/2210
f 2210/2793/2210 2273/2869/2273 2274/2870/2274 2207/2797/2207
f 2262/2861/2262 2261/2854/2261 2275/2871/2275 2273/2869/2273
f 2273/2869/2273 2275/2871/2275 2276/2872/2276 2274/2870/2274
f 2261/2854/2261 2249/2853/2249 2272/2873/2272 2275/2871/2275
f 2275/2871/2275 2272/2873/2272 2271/2874/2271 2276/2872/2276
f 2023/2546/2023 2197/2875/2197 2196/2876/2196 2199/2544/2199
f 2197/2875/2197 2198/2877/2198 2279/2878/2279 2196/2876/2196
f 2198/2877/2198 2207/2879/2207 2280/2880/2280 2279/2878/2279
f 2207/2879/2207 2274/2881/2274 2281/2882/2281 2280/2880/2280
f 2274/2881/2274 2276/2883/2276 2282/2884/2282 2281/2882/2281
f 2276/2883/2276 2271/2885/2271 2278/2886/2278 2282/2884/2282
f 2021/2542/2021 2022/2541/2022 2283/2887/2283 2208/2888/2208
f 2208/2888/2208 2283/2887/2283 2284/2889/2284 2209/2890/2209
f 2209/2891/2209 2284/2892/2284 2285/2893/2285 2266/2894/2266
f 2266/2894/2266 2285/2893/2285 2286/2895/2286 2268/2896/2268
f 2268/2896/2268 2286/2895/2286 2287/2897/2287 2270/2898/2270
f 2270/2898/2270 2287/2897/2287 2288/2899/2288 2339/2900/2339
f 2022/2541/2022 1980/2540/1980 2284/2889/2284 2283/2887/2283
f 1981/2496/1981 2199/2544/2199 2196/2876/2196 2279/2878/2279
f 2284/2892/2284 1980/2492/1980 2020/2491/2020 2285/2893/2285
f 1979/2494/1979 1981/2496/1981 2279/2878/2279 2280/2880/2280
f 2285/2893/2285 2020/2491/2020 2289/2901/2289 2286/2895/2286
f 2286/2895/2286 2289/2901/2289 2290/2902/2290 2287/2897/2287
f 2287/2897/2287 2290/2902/2290 2291/2903/2291 2288/2899/2288
f 2280/2880/2280 2281/2882/2281 2292/2904/2292 1979/2494/1979
f 2281/2882/2281 2282/2884/2282 2293/2905/2293 2292/2904/2292
f 2282/2884/2282 2278/2886/2278 2277/2906/2277 2293/2905/2293
f 2020/2491/2020 2294/1621/2294 2296/2907/2296 2289/2901/2289
f 2294/1621/2294 2295/1620/2295 2297/2908/2297 2296/2907/2296
f 2289/2901/2289 2296/2907/2296 2298/2909/2298 2290/2902/2290
f 2296/2907/2296 2297/2908/2297 2299/2910/2299 2298/2909/2298
f 2290/2902/2290 2298/2909/2298 2300/2911/2300 2291/2903/2291
f 2298/2909/2298 2299/2910/2299 2352/2912/2352 2300/2911/2300
f 2277/2906/2277 2351/2913/2351 1301/2914/1301 2293/2905/2293
f 2351/2913/2351 2352/2915/2352 2299/2916/2299 1301/2914/1301
f 2293/2905/2293 1301/2914/1301 2301/2917/2301 2292/2904/2292
f 1301/2914/1301 2299/2916/2299 2297/2918/2297 2301/2917/2301
f 2292/2904/2292 2301/2917/2301 1300/1622/1300 1979/2494/1979
f 2301/2917/2301 2297/2918/2297 2295/1623/2295 1300/1622/1300
f 2302/2850/2302 2248/2829/2248 2307/2919/2307 2303/2920/2303
f 2303/2920/2303 2307/2919/2307 2308/2921/2308 2304/2922/2304
f 2304/2922/2304 2308/2921/2308 2309/2923/2309 2305/2924/2305
f 2305/2924/2305 2309/2923/2309 2389/2925/2389 2388/2926/2388
f 2302/2850/2302 2303/2920/2303 2311/2927/2311 2227/2826/2227
f 2303/2920/2303 2304/2922/2304 2312/2928/2312 2311/2927/2311
f 2304/2922/2304 2305/2924/2305 2313/2929/2313 2312/2928/2312
f 2305/2924/2305 2388/2926/2388 2387/2930/2387 2313/2929/2313
f 2387/2930/2387 2386/2931/2386 2316/2932/2316 2313/2929/2313
f 2386/2931/2386 2385/2933/2385 2317/2934/2317 2316/2932/2316
f 2313/2929/2313 2316/2932/2316 2318/2935/2318 2312/2928/2312
f 2316/2932/2316 2317/2934/2317 2319/2936/2319 2318/2935/2318
f 2312/2928/2312 2318/2935/2318 2320/2937/2320 2311/2927/2311
f 2318/2935/2318 2319/2936/2319 2321/2938/2321 2320/2937/2320
f 2311/2927/2311 2320/2937/2320 2322/2836/2322 2227/2826/2227
f 2320/2937/2320 2321/2938/2321 2323/2846/2323 2322/2836/2322
f 2248/2829/2248 2245/2835/2245 2324/2939/2324 2307/2919/2307
f 2245/2835/2245 2235/2844/2235 2325/2940/2325 2324/2939/2324
f 2307/2919/2307 2324/2939/2324 2326/2941/2326 2308/2921/2308
f 2324/2939/2324 2325/2940/2325 2327/2942/2327 2326/2941/2326
f 2308/2921/2308 2326/2941/2326 2328/2943/2328 2309/2923/2309
f 2326/2941/2326 2327/2942/2327 2329/2944/2329 2328/2943/2328
f 2309/2923/2309 2328/2943/2328 2390/2945/2390 2389/2925/2389
f 2328/2943/2328 2329/2944/2329 2391/2946/2391 2390/2945/2390
f 2235/2844/2235 2243/2852/2243 2233/2947/2233 2325/2940/2325
f 2325/2940/2325 2233/2947/2233 2332/2948/2332 2327/2942/2327
f 2327/2942/2327 2332/2948/2332 2333/2949/2333 2329/2944/2329
f 2363/2950/2363 2362/2951/2362 2361/2952/2361 2422/2953/2422
f 2323/2846/2323 2321/2938/2321 2335/2954/2335 2249/2853/2249
f 2321/2938/2321 2319/2936/2319 2336/2955/2336 2335/2954/2335
f 2319/2936/2319 2317/2934/2317 2337/2956/2337 2336/2955/2336
f 2243/2852/2243 2250/2867/2250 2340/2957/2340 2233/2947/2233
f 2250/2867/2250 2339/2868/2339 2341/2958/2341 2340/2957/2340
f 2233/2947/2233 2340/2957/2340 2342/2959/2342 2332/2948/2332
f 2340/2957/2340 2341/2958/2341 2343/2960/2343 2342/2959/2342
f 2332/2948/2332 2342/2959/2342 2393/2961/2393 2333/2949/2333
f 2342/2959/2342 2343/2960/2343 2424/2962/2424 2393/2961/2393
f 2249/2853/2249 2335/2954/2335 2346/2963/2346 2272/2873/2272
f 2272/2873/2272 2346/2963/2346 2347/2964/2347 2271/2874/2271
f 2335/2954/2335 2336/2955/2336 2348/2965/2348 2346/2963/2346
f 2346/2963/2346 2348/2965/2348 2349/2966/2349 2347/2964/2347
f 2336/2955/2336 2337/2956/2337 2417/2967/2417 2348/2965/2348
f 2348/2965/2348 2417/2967/2417 2422/2968/2422 2349/2966/2349
f 2271/2885/2271 2347/2969/2347 2353/2970/2353 2278/2886/2278
f 2278/2886/2278 2353/2970/2353 2354/2971/2354 2277/2906/2277
f 2277/2906/2277 2354/2971/2354 2355/2972/2355 2351/2913/2351
f 2351/2913/2351 2355/2972/2355 2356/2973/2356 2352/2915/2352
f 2347/2969/2347 2349/2974/2349 2357/2975/2357 2353/2970/2353
f 2353/2970/2353 2357/2975/2357 2358/2976/2358 2354/2971/2354
f 2354/2971/2354 2358/2976/2358 2359/2977/2359 2355/2972/2355
f 2355/2972/2355 2359/2977/2359 2360/2978/2360 2356/2973/2356
f 2349/2974/2349 2422/2953/2422 2361/2952/2361 2357/2975/2357
f 2357/2975/2357 2361/2952/2361 2362/2951/2362 2358/2976/2358
f 2358/2976/2358 2362/2951/2362 2363/2950/2363 2359/2977/2359
f 2359/2977/2359 2363/2950/2363 2364/2979/2364 2360/2978/2360
f 2364/2980/2364 2365/2981/2365 2368/2982/2368 2360/2983/2360
f 2365/2981/2365 2366/2984/2366 2369/2985/2369 2368/2982/2368
f 2366/2984/2366 2367/2986/2367 2370/2987/2370 2369/2985/2369
f 2367/2986/2367 2424/2988/2424 2343/2989/2343 2370/2987/2370
f 2360/2983/2360 2368/2982/2368 2371/2990/2371 2356/2991/2356
f 2368/2982/2368 2369/2985/2369 2372/2992/2372 2371/2990/2371
f 2369/2985/2369 2370/2987/2370 2373/2993/2373 2372/2992/2372
f 2370/2987/2370 2343/2989/2343 2341/2994/2341 2373/2993/2373
f 2356/2991/2356 2371/2990/2371 2300/2911/2300 2352/2912/2352
f 2371/2990/2371 2372/2992/2372 2291/2903/2291 2300/2911/2300
f 2372/2992/2372 2373/2993/2373 2288/2899/2288 2291/2903/2291
f 2373/2993/2373 2341/2994/2341 2339/2900/2339 2288/2899/2288
f 2334/2995/2334 2374/2996/2374 2330/2997/2330 2331/2998/2331
f 2225/2999/2225 2378/3000/2378 2338/3001/2338 2315/3002/2315
f 2330/2997/2330 2374/2996/2374 2375/3003/2375 2310/3004/2310
f 2310/3004/2310 2375/3003/2375 2376/3005/2376 2306/3006/2306
f 2306/3006/2306 2376/3005/2376 2377/3007/2377 2314/3008/2314
f 2314/3008/2314 2377/3007/2377 2378/3000/2378 2225/2999/2225
f 2424/2988/2424 2367/2986/2367 2366/2984/2366 2365/2981/2365
f 2365/2981/2365 2364/2980/2364 2381/3009/2381 2379/3010/2379
f 2379/3010/2379 2381/3009/2381 2398/3011/2398 2380/3012/2380
f 2364/2979/2364 2363/2950/2363 2383/3013/2383 2381/3014/2381
f 2381/3014/2381 2383/3013/2383 2419/3015/2419 2398/3016/2398
f 2225/2999/2225 2315/3002/2315 2385/3017/2385 2386/3018/2386
f 2314/3008/2314 2225/2999/2225 2386/3018/2386 2387/3019/2387
f 2388/3020/2388 2306/3006/2306 2314/3008/2314 2387/3019/2387
f 2388/3020/2388 2389/3021/2389 2310/3004/2310 2306/3006/2306
f 2389/3021/2389 2390/3022/2390 2330/2997/2330 2310/3004/2310
f 2390/3022/2390 2391/3023/2391 2331/2998/2331 2330/2997/2330
f 2391/3023/2391 2404/3024/2404 2334/2995/2334 2331/2998/2331
f 2315/3002/2315 2338/3001/2338 2413/3025/2413 2385/3017/2385
f 2384/2438/2384 1934/2443/1934 1935/2445/1935 2345/3026/2345
f 2415/3027/2415 2396/3028/2396 2397/3029/2397 2400/3030/2400
f 2350/3031/2350 1939/2448/1939 1938/2447/1938 2382/3032/2382
f 2396/3028/2396 2394/3033/2394 2395/3034/2395 2397/3029/2397
f 2395/3034/2395 2405/3035/2405 2403/3036/2403 2397/3029/2397
f 2405/3035/2405 2395/3034/2395 2392/3037/2392 2409/3038/2409
f 2334/2995/2334 2404/3024/2404 2402/3039/2402 2411/3040/2411
f 2411/3040/2411 2402/3039/2402 2400/3030/2400 2401/3041/2401
f 2375/3003/2375 2406/3042/2406 2407/3043/2407 2376/3005/2376
f 2406/3042/2406 2401/3041/2401 2403/3036/2403 2407/3043/2407
f 2376/3005/2376 2407/3043/2407 2408/3044/2408 2377/3007/2377
f 2407/3043/2407 2403/3036/2403 2405/3035/2405 2408/3044/2408
f 2408/3044/2408 2405/3035/2405 2409/3038/2409 2410/3045/2410
f 2409/3038/2409 2338/3001/2338 2378/3000/2378 2410/3045/2410
f 2401/3041/2401 2406/3042/2406 2412/3046/2412 2411/3040/2411
f 2412/3046/2412 2374/2996/2374 2334/2995/2334 2411/3040/2411
f 2406/3042/2406 2375/3003/2375 2374/2996/2374 2412/3046/2412
f 2410/3045/2410 2378/3000/2378 2377/3007/2377 2408/3044/2408
f 2397/3029/2397 2403/3036/2403 2401/3041/2401 2400/3030/2400
f 2409/3038/2409 2392/3037/2392 2413/3025/2413 2338/3001/2338
f 2385/2933/2385 2413/3047/2413 2337/2956/2337 2317/2934/2317
f 2333/2949/2333 2404/3048/2404 2391/2946/2391 2329/2944/2329
f 2333/2949/2333 2393/2961/2393 2399/3049/2399 2404/3048/2404
f 2404/3024/2404 2399/3050/2399 2414/3051/2414 2402/3039/2402
f 2402/3039/2402 2414/3051/2414 2415/3027/2415 2400/3030/2400
f 2395/3034/2395 2394/3033/2394 2344/3052/2344 2392/3037/2392
f 2392/3037/2392 2344/3052/2344 2416/3053/2416 2413/3025/2413
f 2413/3047/2413 2416/3054/2416 2417/2967/2417 2337/2956/2337
f 2380/3055/2380 2398/3056/2398 2396/3028/2396 2415/3027/2415
f 2398/3056/2398 2419/3057/2419 2394/3033/2394 2396/3028/2396
f 2394/3033/2394 2419/3057/2419 2420/3058/2420 2344/3052/2344
f 2344/3052/2344 2420/3058/2420 2421/3059/2421 2416/3053/2416
f 2416/3054/2416 2421/3060/2421 2422/2968/2422 2417/2967/2417
f 2415/3027/2415 2414/3051/2414 2418/3061/2418 2380/3055/2380
f 2414/3051/2414 2399/3050/2399 2423/3062/2423 2418/3061/2418
f 2399/3049/2399 2393/2961/2393 2424/2962/2424 2423/3063/2423
f 2365/2981/2365 2379/3010/2379 2423/3064/2423 2424/2988/2424
f 2418/3065/2418 2423/3064/2423 2379/3010/2379 2380/3012/2380
f 2383/3013/2383 2363/2950/2363 2422/2953/2422 2421/3066/2421
f 2420/3067/2420 2419/3015/2419 2383/3013/2383 2421/3066/2421
f 2162/2734/2162 2350/3031/2350 2382/3032/2382 2164/2735/2164
f 2350/3031/2350 2162/2734/2162 1940/2450/1940 1939/2448/1939
f 2145/2439/2145 2384/2438/2384 2345/3026/2345 2143/2706/2143
f 2143/2706/2143 2345/3026/2345 1935/2445/1935 1944/2455/1944
f 1933/2432/1933 1938/2447/1938 1936/2446/1936 1932/2433/1932
f 1929/2429/1929 1918/2428/1918 2426/3068/2426 1933/2432/1933
f 1918/2428/1918 2166/2739/2166 2165/2737/2165 2426/3068/2426
f 1933/2432/1933 2426/3068/2426 2382/3032/2382 1938/2447/1938
f 2426/3068/2426 2165/2737/2165 2164/2735/2164 2382/3032/2382
f 1911/2409/1911 1917/2421/1917 1915/2420/1915 1909/2410/1909
f 1915/2420/1915 1916/2419/1916 1914/2408/1914 1909/2410/1909
f 2113/2740/2113 2166/2739/2166 1908/2742/1908 1930/2741/1930
f 2112/2659/2112 2113/2661/2113 1930/2668/1930 2427/2666/2427
f 2077/2631/2077 2112/2659/2112 2427/2666/2427 2428/2627/2428
f 2429/2626/2429 2076/2629/2076 2077/2631/2077 2428/2627/2428
f 2430/2617/2430 2069/2614/2069 2076/2629/2076 2429/2626/2429
f 2029/2615/2029 2069/2614/2069 2430/2617/2430 2431/2616/2431
f 1569/2534/1569 2029/2536/2029 2431/2566/2431 2432/2563/2432
f 1986/2531/1986 1569/2534/1569 2432/2563/2432 2433/2562/2433
f 1987/2486/1987 1986/2488/1986 2433/2511/2433 2434/2509/2434
f 1273/1555/1273 1987/2486/1987 2434/2509/2434 2435/1551/2435
f 2436/1550/2436 1212/1552/1212 1273/1555/1273 2435/1551/2435
f 2436/1611/2436 2437/1610/2437 1299/1613/1299 1212/1612/1212
f 1299/1613/1299 2437/1610/2437 2438/2502/2438 1988/2499/1988
f 1988/2499/1988 2438/2502/2438 2439/2504/2439 1989/2500/1989
f 1989/2500/1989 2439/2504/2439 2440/2552/2440 2030/2549/2030
f 2030/2549/2030 2440/2552/2440 2441/2554/2441 2031/2550/2031
f 2031/2586/2031 2441/2588/2441 2442/2591/2442 2052/2587/2052
f 2052/2587/2052 2442/2591/2442 2443/2603/2443 2061/2600/2061
f 2061/2600/2061 2443/2603/2443 2444/2605/2444 2062/2601/2062
f 2062/2601/2062 2444/2605/2444 2445/2710/2445 2144/2682/2144
f 2144/2682/2144 2445/2710/2445 2446/2712/2446 2148/2683/2148
f 2148/2708/2148 2446/2715/2446 2447/2718/2447 2126/2435/2126
f 2126/2435/2126 2447/2718/2447 1912/2418/1912 2425/2424/2425
f 2447/2718/2447 2125/2717/2125 2449/3069/2449 2448/3070/2448
f 2448/3070/2448 1916/2419/1916 1912/2418/1912 2447/2718/2447
f 1916/2419/1916 2448/3070/2448 1903/2402/1903 1914/2408/1914
f 2166/2739/2166 1918/2428/1918 1920/2427/1920 1908/2742/1908
f 1908/2742/1908 1920/2427/1920 1922/2430/1922 2450/3071/2450
f 1924/2411/1924 1907/2405/1907 2450/3071/2450 1922/2430/1922
f 2450/3071/2450 2463/3072/2463 2170/2743/2170 1908/2742/1908
f 2170/2743/2170 2463/3072/2463 2464/3073/2464 2169/2750/2169
f 2125/2717/2125 2158/2720/2158 2453/3074/2453 2449/3069/2449
f 2448/3070/2448 2449/3069/2449 2456/3075/2456 1903/2402/1903
f 2456/3075/2456 2449/3069/2449 2453/3074/2453 1733/3076/1733
f 1903/2402/1903 2456/3075/2456 2457/3077/2457 1902/2400/1902
f 1902/2400/1902 2457/3077/2457 2458/2392/2458 1897/2394/1897
f 2456/3075/2456 1733/3076/1733 2462/3078/2462 2457/3077/2457
f 2457/3077/2457 2462/3078/2462 2459/2386/2459 2458/2392/2458
f 1901/2397/1901 1891/2395/1891 2460/3079/2460 1906/2403/1906
f 1891/2395/1891 2455/2389/2455 1895/3080/1895 2460/3079/2460
f 1906/2403/1906 2460/3079/2460 2461/3081/2461 1907/2405/1907
f 2460/3079/2460 1895/3080/1895 1900/3082/1900 2461/3081/2461
f 1907/2405/1907 2461/3081/2461 2463/3072/2463 2450/3071/2450
f 2461/3081/2461 1900/3082/1900 2464/3073/2464 2463/3072/2463
f 1889/2381/1889 2452/2379/2452 2451/3083/2451 1894/2387/1894
f 1894/2387/1894 2451/3083/2451 1895/3080/1895 2455/2389/2455
f 2452/2379/2452 2168/2374/2168 1734/3084/1734 2451/3083/2451
f 2451/3083/2451 1734/3084/1734 1900/3082/1900 1895/3080/1895
f 2459/2386/2459 2462/3078/2462 2465/3085/2465 1890/2384/1890
f 2462/3078/2462 1733/3076/1733 2466/3086/2466 2465/3085/2465
f 1890/2384/1890 2465/3085/2465 2467/2376/2467 1885/2378/1885
f 2465/3085/2465 2466/3086/2466 2468/2369/2468 2467/2376/2467
f 1900/3082/1900 1734/3084/1734 1884/3087/1884 2464/3073/2464
f 2464/3073/2464 1884/3087/1884 1896/2747/1896 2169/2750/2169
f 1734/3084/1734 2168/2374/2168 1888/3088/1888 1884/3087/1884
f 1884/3087/1884 1888/3088/1888 2454/2748/2454 1896/2747/1896
f 2158/2720/2158 2470/3089/2470 2469/3090/2469 2453/3074/2453
f 2470/3089/2470 2158/2720/2158 2157/2727/2157 2474/3091/2474
f 2453/3074/2453 2469/3090/2469 2466/3086/2466 1733/3076/1733
f 2155/2732/2155 2472/2762/2472 2473/3092/2473 2156/2726/2156
f 2156/2726/2156 2473/3092/2473 2474/3091/2474 2157/2727/2157
f 1682/2114/1682 1683/2105/1683 2136/3093/2136 2471/2112/2471
f 1683/2105/1683 1679/2103/1679 2475/3094/2475 2136/3093/2136
f 1679/2103/1679 1678/2101/1678 2476/3095/2476 2475/3094/2475
f 1678/2101/1678 1677/2100/1677 2477/2370/2477 2476/3095/2476
f 2474/3091/2474 2473/3092/2473 2136/3093/2136 2475/3094/2475
f 2473/3092/2473 2472/2762/2472 2471/2112/2471 2136/3093/2136
f 2474/3091/2474 2475/3094/2475 2476/3095/2476 2470/3089/2470
f 2477/2370/2477 2468/2369/2468 2470/3089/2470 2476/3095/2476
f 2469/3090/2469 2470/3089/2470 2468/2369/2468 2466/3086/2466
f 1670/2086/1670 1671/2085/1671 2480/3096/2480 1882/2373/1882
f 1674/2092/1674 2177/2094/2177 2174/3097/2174 1673/2090/1673
f 1673/2090/1673 2174/3097/2174 2481/3098/2481 1672/2088/1672
f 1672/2088/1672 2481/3098/2481 2480/3096/2480 1671/2085/1671
f 1882/2373/1882 2480/3096/2480 1888/3088/1888 2168/2374/2168
f 2480/3096/2480 2481/3098/2481 2482/3099/2482 1888/3088/1888
f 1888/3088/1888 2482/3099/2482 2483/2753/2483 2454/2748/2454
f 2481/3098/2481 2174/3097/2174 2479/3100/2479 2482/3099/2482
f 2482/3099/2482 2479/3100/2479 2484/2757/2484 2483/2753/2483
f 2174/3097/2174 2177/2094/2177 2478/2096/2478 2479/3100/2479
f 2479/3100/2479 2478/2096/2478 2485/2759/2485 2484/2757/2484
f 2478/2096/2478 1676/2098/1676 2485/2759/2485
f 2494/3101/2494 2238/3102/2238 2240/3103/2240 2495/3104/2495
f 2495/3104/2495 2240/3103/2240 2242/3105/2242 2496/3106/2496
f 2496/3106/2496 2242/3105/2242 2232/3107/2232 2497/3108/2497
f 2497/3108/2497 2232/3107/2232 2226/3109/2226 2498/3110/2498
f 2498/3110/2498 2226/3109/2226 2221/3111/2221 2499/3112/2499
f 2499/3112/2499 2221/3111/2221 2220/3113/2220 2500/3114/2500
f 2500/3114/2500 2220/3113/2220 2228/3115/2228 2493/3116/2493
f 2493/3116/2493 2228/3115/2228 2238/3102/2238 2494/3101/2494
f 2492/3117/2492 2493/3116/2493 2494/3101/2494 1675/3118/1675
f 1675/3118/1675 2494/3101/2494 2495/3104/2495 2486/3119/2486
f 2486/3119/2486 2495/3104/2495 2496/3106/2496 2487/3120/2487
f 2487/3120/2487 2496/3106/2496 2497/3108/2497 2488/3121/2488
f 2488/3121/2488 2497/3108/2497 2498/3110/2498 2489/3122/2489
f 2489/3122/2489 2498/3110/2498 2499/3112/2499 2490/3123/2490
f 2490/3123/2490 2499/3112/2499 2500/3114/2500 2491/3124/2491
f 2491/3124/2491 2500/3114/2500 2493/3116/2493 2492/3117/2492
f 2501/2822/2501 2502/2831/2502 2228/3125/2228 2220/3126/2220
f 2228/3125/2228 2502/2831/2502 2503/2841/2503 2238/3127/2238
f 2503/2841/2503 2504/2843/2504 2240/3128/2240 2238/3127/2238
f 2240/3128/2240 2504/2843/2504 2505/2845/2505 2242/3129/2242
f 2505/2845/2505 2506/2834/2506 2232/3130/2232 2242/3129/2242
f 2507/2828/2507 2226/3131/2226 2232/3130/2232 2506/2834/2506
f 2221/3132/2221 2226/3131/2226 2507/2828/2507 2508/2823/2508
f 2508/2823/2508 2501/2822/2501 2220/3126/2220 2221/3132/2221
f 2526/3133/2526 2246/3134/2246 2236/3135/2236 2527/3136/2527
f 2527/3136/2527 2236/3135/2236 2230/3137/2230 2528/3138/2528
f 2528/3138/2528 2230/3137/2230 2223/3139/2223 2529/3140/2529
f 2529/3140/2529 2223/3139/2223 2222/3141/2222 2530/3142/2530
f 2530/3142/2530 2222/3141/2222 2224/3143/2224 2531/3144/2531
f 2531/3144/2531 2224/3143/2224 2234/3145/2234 2532/3146/2532
f 2532/3146/2532 2234/3145/2234 2244/3147/2244 2525/3148/2525
f 2525/3148/2525 2244/3147/2244 2246/3134/2246 2526/3133/2526
f 2244/3149/2244 2517/2847/2517 2518/2849/2518 2246/3150/2246
f 2518/2849/2518 2519/2838/2519 2236/3151/2236 2246/3150/2246
f 2520/2832/2520 2230/3152/2230 2236/3151/2236 2519/2838/2519
f 2223/3153/2223 2230/3152/2230 2520/2832/2520 2521/2825/2521
f 2521/2825/2521 2522/2824/2522 2222/3154/2222 2223/3153/2223
f 2522/2824/2522 2523/2827/2523 2224/3155/2224 2222/3154/2222
f 2224/3155/2224 2523/2827/2523 2524/2837/2524 2234/3156/2234
f 2524/2837/2524 2517/2847/2517 2244/3149/2244 2234/3156/2234
f 2516/3157/2516 2525/3148/2525 2526/3133/2526 2509/3158/2509
f 2509/3158/2509 2526/3133/2526 2527/3136/2527 2510/3159/2510
f 2510/3159/2510 2527/3136/2527 2528/3138/2528 2511/3160/2511
f 2511/3160/2511 2528/3138/2528 2529/3140/2529 2512/3161/2512
f 2512/3161/2512 2529/3140/2529 2530/3142/2530 2513/3162/2513
f 2513/3162/2513 2530/3142/2530 2531/3144/2531 2514/3163/2514
f 2514/3163/2514 2531/3144/2531 2532/3146/2532 2515/3164/2515
f 2515/3164/2515 2532/3146/2532 2525/3148/2525 2516/3157/2516
f 2515/3164/2515 2516/3157/2516 2533/3165/2533 2514/3163/2514
f 2516/3157/2516 2509/3158/2509 2510/3159/2510 2533/3165/2533
f 2514/3163/2514 2533/3165/2533 2512/3161/2512 2513/3162/2513
f 2533/3165/2533 2510/3159/2510 2511/3160/2511 2512/3161/2512
f 2491/3124/2491 2492/3117/2492 2534/3166/2534 2490/3123/2490
f 2492/3117/2492 1675/3118/1675 2486/3119/2486 2534/3166/2534
f 2490/3123/2490 2534/3166/2534 2488/3121/2488 2489/3122/2489
f 2534/3166/2534 2486/3119/2486 2487/3120/2487 2488/3121/2488
f 681/3167/681 2549/3168/2549 2537/3169/2537 683/3170/683
f 2549/3168/2549 2550/3171/2550 2538/3172/2538 2537/3169/2537
f 683/3170/683 2537/3169/2537 2541/3173/2541 685/3174/685
f 2537/3169/2537 2538/3172/2538 2542/3175/2542 2541/3173/2541
f 685/3174/685 2541/3173/2541 2543/3176/2543 995/3177/995
f 2541/3173/2541 2542/3175/2542 2544/3178/2544 2543/3176/2543
f 995/3177/995 2543/3176/2543 2540/3179/2540 1005/3180/1005
f 2543/3176/2543 2544/3178/2544 2658/3181/2658 2540/3179/2540
f 1005/3180/1005 2540/3179/2540 2546/3182/2546 677/3183/677
f 2540/3179/2540 2658/3181/2658 2659/3184/2659 2546/3182/2546
f 677/3183/677 2546/3182/2546 2545/3185/2545 679/3186/679
f 2546/3182/2546 2659/3184/2659 2587/3187/2587 2545/3185/2545
f 679/3186/679 2545/3185/2545 2549/3168/2549 681/3167/681
f 2545/3185/2545 2587/3187/2587 2550/3171/2550 2549/3168/2549
f 1490/1881/1490 2566/3188/2566 2548/3189/2548 1492/1884/1492
f 2566/3190/2566 2742/3191/2742 2741/3192/2741 2548/3193/2548
f 1492/1884/1492 2548/3189/2548 2553/3194/2553 1494/1886/1494
f 2548/3193/2548 2741/3192/2741 2740/3195/2740 2553/3196/2553
f 1494/1886/1494 2553/3194/2553 2555/3197/2555 1496/1888/1496
f 2553/3196/2553 2740/3195/2740 2739/3198/2739 2555/3199/2555
f 1496/1888/1496 2555/3197/2555 2557/3200/2557 1105/1890/1105
f 2555/3199/2555 2739/3198/2739 2558/3201/2558 2557/3202/2557
f 1105/1349/1105 2557/3203/2557 2552/3204/2552 1107/1352/1107
f 2557/3202/2557 2558/3201/2558 2551/3205/2551 2552/3206/2552
f 1107/1352/1107 2552/3204/2552 2561/3207/2561 1110/1354/1110
f 2552/3206/2552 2551/3205/2551 2562/3208/2562 2561/3209/2561
f 1110/1354/1110 2561/3207/2561 2563/3210/2563 608/1356/608
f 2561/3209/2561 2562/3208/2562 2564/3211/2564 2563/3212/2563
f 608/717/608 2563/3213/2563 2568/3214/2568 610/718/610
f 2563/3212/2563 2564/3211/2564 2569/3215/2569 2568/3216/2568
f 1100/1344/1100 2560/3217/2560 2559/3218/2559 1102/1345/1102
f 1102/1786/1102 2559/3219/2559 2567/3220/2567 1391/1787/1391
f 610/718/610 2568/3214/2568 2570/3221/2570 612/720/612
f 2568/3216/2568 2569/3215/2569 2571/3222/2571 2570/3223/2570
f 612/720/612 2570/3221/2570 2535/3224/2535 1100/722/1100
f 2570/3223/2570 2571/3222/2571 2536/3225/2536 2535/3226/2535
f 1490/1881/1490 1391/1880/1391 2578/3227/2578 2566/3188/2566
f 2566/3190/2566 2578/3228/2578 2579/3229/2579 2742/3191/2742
f 1100/1344/1100 2535/3230/2535 2572/3231/2572 2560/3217/2560
f 2535/3226/2535 2536/3225/2536 2573/3232/2573 2572/3233/2572
f 2560/3217/2560 2572/3231/2572 2574/3234/2574 2559/3218/2559
f 2572/3233/2572 2573/3232/2573 2575/3235/2575 2574/3236/2574
f 2559/3219/2559 2574/3237/2574 2576/3238/2576 2567/3220/2567
f 2574/3236/2574 2575/3235/2575 2577/3239/2577 2576/3240/2576
f 2567/3220/2567 2576/3238/2576 2578/3241/2578 1391/1787/1391
f 2576/3240/2576 2577/3239/2577 2579/3229/2579 2578/3228/2578
f 2538/3172/2538 2580/3242/2580 2581/3243/2581 2542/3175/2542
f 2550/3171/2550 2582/3244/2582 2580/3242/2580 2538/3172/2538
f 2582/3244/2582 2550/3171/2550 2584/3245/2584 2583/3246/2583
f 2584/3245/2584 2586/3247/2586 2585/3248/2585 2583/3246/2583
f 2550/3171/2550 2587/3187/2587 2589/3249/2589 2584/3245/2584
f 2587/3187/2587 2659/3184/2659 2660/3250/2660 2589/3249/2589
f 2584/3245/2584 2589/3249/2589 2591/3251/2591 2586/3247/2586
f 2589/3249/2589 2660/3250/2660 2661/3252/2661 2591/3251/2591
f 2536/3225/2536 2593/3253/2593 2575/3235/2575 2573/3232/2573
f 2575/3235/2575 2593/3253/2593 2579/3229/2579 2577/3239/2577
f 2571/3222/2571 2594/3254/2594 2595/3255/2595 2536/3225/2536
f 2536/3225/2536 2595/3255/2595 2596/3256/2596 2593/3253/2593
f 2593/3253/2593 2596/3256/2596 2597/3257/2597 2579/3229/2579
f 2579/3229/2579 2597/3257/2597 2743/3258/2743 2742/3191/2742
f 2594/3259/2594 2606/3260/2606 2599/3261/2599 2595/3262/2595
f 2606/3260/2606 2605/3263/2605 2600/3264/2600 2599/3261/2599
f 2595/3262/2595 2599/3261/2599 2601/3265/2601 2596/3266/2596
f 2599/3261/2599 2600/3264/2600 2602/3267/2602 2601/3265/2601
f 2596/3266/2596 2601/3265/2601 2603/3268/2603 2597/3269/2597
f 2601/3265/2601 2602/3267/2602 2604/3270/2604 2603/3268/2603
f 2597/3269/2597 2603/3268/2603 2598/3271/2598 2743/3272/2743
f 2603/3268/2603 2604/3270/2604 2565/3273/2565 2598/3271/2598
f 2564/3211/2564 2607/3274/2607 2609/3275/2609 2569/3215/2569
f 2607/3274/2607 2608/3276/2608 2610/3277/2610 2609/3275/2609
f 2569/3215/2569 2609/3275/2609 2611/3278/2611 2571/3222/2571
f 2609/3275/2609 2610/3277/2610 2612/3279/2612 2611/3278/2611
f 2571/3222/2571 2611/3278/2611 2613/3280/2613 2594/3254/2594
f 2611/3278/2611 2612/3279/2612 2614/3281/2614 2613/3280/2613
f 2608/3276/2608 2615/3282/2615 2619/3283/2619 2610/3277/2610
f 2615/3282/2615 2616/3284/2616 2620/3285/2620 2619/3283/2619
f 2616/3284/2616 2617/3286/2617 2621/3287/2621 2620/3285/2620
f 2617/3286/2617 2618/3288/2618 2622/3289/2622 2621/3287/2621
f 2610/3277/2610 2619/3283/2619 2623/3290/2623 2612/3279/2612
f 2619/3283/2619 2620/3285/2620 2624/3291/2624 2623/3290/2623
f 2620/3285/2620 2621/3287/2621 2625/3292/2625 2624/3291/2624
f 2621/3287/2621 2622/3289/2622 2626/3293/2626 2625/3292/2625
f 2612/3279/2612 2623/3290/2623 2627/3294/2627 2614/3281/2614
f 2623/3290/2623 2624/3291/2624 2628/3295/2628 2627/3294/2627
f 2624/3291/2624 2625/3292/2625 2629/3296/2629 2628/3295/2628
f 2625/3292/2625 2626/3293/2626 2630/3297/2630 2629/3296/2629
f 2618/3288/2618 2631/3298/2631 2634/3299/2634 2622/3289/2622
f 2631/3298/2631 2632/3300/2632 2635/3301/2635 2634/3299/2634
f 2632/3300/2632 2633/3302/2633 2636/3303/2636 2635/3301/2635
f 2622/3289/2622 2634/3299/2634 2637/3304/2637 2626/3293/2626
f 2634/3299/2634 2635/3301/2635 2638/3305/2638 2637/3304/2637
f 2635/3301/2635 2636/3303/2636 2639/3306/2639 2638/3305/2638
f 2626/3293/2626 2637/3304/2637 2640/3307/2640 2630/3297/2630
f 2637/3304/2637 2638/3305/2638 2641/3308/2641 2640/3307/2640
f 2638/3305/2638 2639/3306/2639 2642/3309/2642 2641/3308/2641
f 2633/3302/2633 2632/3300/2632 2646/3310/2646 2643/3311/2643
f 2643/3311/2643 2646/3310/2646 2647/3312/2647 2644/3313/2644
f 2644/3313/2644 2647/3312/2647 2648/3314/2648 2645/3315/2645
f 2645/3315/2645 2648/3314/2648 2542/3175/2542 2581/3243/2581
f 2632/3300/2632 2631/3298/2631 2649/3316/2649 2646/3310/2646
f 2646/3310/2646 2649/3316/2649 2650/3317/2650 2647/3312/2647
f 2647/3312/2647 2650/3317/2650 2651/3318/2651 2648/3314/2648
f 2648/3314/2648 2651/3318/2651 2544/3178/2544 2542/3175/2542
f 2631/3298/2631 2618/3288/2618 2655/3319/2655 2649/3316/2649
f 2649/3316/2649 2655/3319/2655 2656/3320/2656 2650/3317/2650
f 2650/3317/2650 2656/3320/2656 2657/3321/2657 2651/3318/2651
f 2651/3318/2651 2657/3321/2657 2658/3181/2658 2544/3178/2544
f 2618/3288/2618 2617/3286/2617 2662/3322/2662 2655/3319/2655
f 2655/3319/2655 2662/3322/2662 2663/3323/2663 2656/3320/2656
f 2656/3320/2656 2663/3323/2663 2664/3324/2664 2657/3321/2657
f 2657/3321/2657 2664/3324/2664 2665/3325/2665 2658/3181/2658
f 2658/3181/2658 2665/3325/2665 2666/3326/2666 2659/3184/2659
f 2659/3184/2659 2666/3326/2666 2667/3327/2667 2660/3250/2660
f 2660/3250/2660 2667/3327/2667 2668/3328/2668 2661/3252/2661
f 2617/3286/2617 2616/3284/2616 2669/3329/2669 2662/3322/2662
f 2662/3322/2662 2669/3329/2669 2670/3330/2670 2663/3323/2663
f 2663/3323/2663 2670/3330/2670 2671/3331/2671 2664/3324/2664
f 2664/3324/2664 2671/3331/2671 2672/3332/2672 2665/3325/2665
f 2665/3325/2665 2672/3332/2672 2673/3333/2673 2666/3326/2666
f 2666/3326/2666 2673/3333/2673 2674/3334/2674 2667/3327/2667
f 2667/3327/2667 2674/3334/2674 2675/3335/2675 2668/3328/2668
f 2616/3284/2616 2615/3282/2615 2676/3336/2676 2669/3329/2669
f 2669/3329/2669 2676/3336/2676 2677/3337/2677 2670/3330/2670
f 2670/3330/2670 2677/3337/2677 2678/3338/2678 2671/3331/2671
f 2671/3331/2671 2678/3338/2678 2679/3339/2679 2672/3332/2672
f 2672/3332/2672 2679/3339/2679 2680/3340/2680 2673/3333/2673
f 2673/3333/2673 2680/3340/2680 2681/3341/2681 2674/3334/2674
f 2674/3334/2674 2681/3341/2681 2682/3342/2682 2675/3335/2675
f 2615/3282/2615 2608/3276/2608 2683/3343/2683 2676/3336/2676
f 2676/3336/2676 2683/3343/2683 2684/3344/2684 2677/3337/2677
f 2677/3337/2677 2684/3344/2684 2685/3345/2685 2678/3338/2678
f 2678/3338/2678 2685/3345/2685 2686/3346/2686 2679/3339/2679
f 2679/3339/2679 2686/3346/2686 2687/3347/2687 2680/3340/2680
f 2680/3340/2680 2687/3347/2687 2688/3348/2688 2681/3341/2681
f 2681/3341/2681 2688/3348/2688 2689/3349/2689 2682/3342/2682
f 2608/3276/2608 2607/3274/2607 2592/3350/2592 2683/3343/2683
f 2683/3343/2683 2592/3350/2592 2590/3351/2590 2684/3344/2684
f 2684/3344/2684 2590/3351/2590 2691/3352/2691 2685/3345/2685
f 2685/3345/2685 2691/3352/2691 2690/3353/2690 2686/3346/2686
f 2686/3346/2686 2690/3353/2690 2693/3354/2693 2687/3347/2687
f 2687/3347/2687 2693/3354/2693 2694/3355/2694 2688/3348/2688
f 2688/3348/2688 2694/3355/2694 2695/3356/2695 2689/3349/2689
f 2562/3208/2562 2592/3350/2592 2607/3274/2607 2564/3211/2564
f 2562/3208/2562 2551/3205/2551 2588/3357/2588 2592/3350/2592
f 2592/3350/2592 2588/3357/2588 2539/3358/2539 2590/3351/2590
f 2551/3205/2551 2558/3201/2558 2654/3359/2654 2588/3357/2588
f 2588/3357/2588 2654/3359/2654 2653/3360/2653 2539/3358/2539
f 2558/3201/2558 2739/3198/2739 2652/3361/2652 2654/3359/2654
f 2654/3359/2654 2652/3361/2652 2692/3362/2692 2653/3360/2653
f 2590/3351/2590 2539/3358/2539 2696/3363/2696 2691/3352/2691
f 2691/3352/2691 2696/3363/2696 2697/3364/2697 2690/3353/2690
f 2690/3353/2690 2697/3364/2697 2698/3365/2698 2693/3354/2693
f 2693/3354/2693 2698/3365/2698 2699/3366/2699 2694/3355/2694
f 2694/3355/2694 2699/3366/2699 2700/3367/2700 2695/3356/2695
f 2539/3358/2539 2653/3360/2653 2701/3368/2701 2696/3363/2696
f 2696/3363/2696 2701/3368/2701 2702/3369/2702 2697/3364/2697
f 2697/3364/2697 2702/3369/2702 2703/3370/2703 2698/3365/2698
f 2698/3365/2698 2703/3370/2703 2704/3371/2704 2699/3366/2699
f 2699/3366/2699 2704/3371/2704 2705/3372/2705 2700/3367/2700
f 2653/3360/2653 2692/3362/2692 2706/3373/2706 2701/3368/2701
f 2701/3368/2701 2706/3373/2706 2707/3374/2707 2702/3369/2702
f 2702/3369/2702 2707/3374/2707 2708/3375/2708 2703/3370/2703
f 2703/3370/2703 2708/3375/2708 2709/3376/2709 2704/3371/2704
f 2704/3371/2704 2709/3376/2709 2729/3377/2729 2705/3372/2705
f 2652/3361/2652 2738/3378/2738 2737/3379/2737 2692/3362/2692
f 2711/3380/2711 2712/3381/2712 2715/3382/2715 2714/3383/2714
f 2712/3381/2712 2713/3384/2713 2716/3385/2716 2715/3382/2715
f 2692/3362/2692 2737/3379/2737 2736/3386/2736 2706/3373/2706
f 2714/3383/2714 2715/3382/2715 2718/3387/2718 2717/3388/2717
f 2715/3382/2715 2716/3385/2716 2719/3389/2719 2718/3387/2718
f 2706/3373/2706 2736/3386/2736 2735/3390/2735 2707/3374/2707
f 2717/3388/2717 2718/3387/2718 2721/3391/2721 2720/3392/2720
f 2718/3387/2718 2719/3389/2719 2722/3393/2722 2721/3391/2721
f 2707/3374/2707 2735/3390/2735 2734/3394/2734 2708/3375/2708
f 2720/3392/2720 2721/3391/2721 2724/3395/2724 2723/3396/2723
f 2721/3391/2721 2722/3393/2722 2725/3397/2725 2724/3395/2724
f 2708/3375/2708 2734/3394/2734 2733/3398/2733 2709/3376/2709
f 2723/3396/2723 2724/3395/2724 2727/3399/2727 2726/3400/2726
f 2724/3395/2724 2725/3397/2725 2728/3401/2728 2727/3399/2727
f 2709/3376/2709 2733/3398/2733 2710/3402/2710 2729/3377/2729
f 2726/3400/2726 2727/3399/2727 2731/3403/2731 2730/3404/2730
f 2727/3399/2727 2728/3401/2728 2732/3405/2732 2731/3403/2731
f 2733/3398/2733 2726/3400/2726 2730/3404/2730 2710/3402/2710
f 2734/3394/2734 2723/3396/2723 2726/3400/2726 2733/3398/2733
f 2735/3390/2735 2720/3392/2720 2723/3396/2723 2734/3394/2734
f 2736/3386/2736 2717/3388/2717 2720/3392/2720 2735/3390/2735
f 2737/3379/2737 2714/3383/2714 2717/3388/2717 2736/3386/2736
f 2738/3378/2738 2711/3380/2711 2714/3383/2714 2737/3379/2737
f 2652/3361/2652 2739/3198/2739 2744/3406/2744 2738/3378/2738
f 2739/3198/2739 2740/3195/2740 2745/3407/2745 2744/3406/2744
f 2740/3195/2740 2741/3192/2741 2746/3408/2746 2745/3407/2745
f 2741/3192/2741 2742/3191/2742 2747/3409/2747 2746/3408/2746
f 2742/3191/2742 2743/3258/2743 2748/3410/2748 2747/3409/2747
f 2738/3378/2738 2744/3406/2744 2749/3411/2749 2711/3380/2711
f 2744/3406/2744 2745/3407/2745 2750/3412/2750 2749/3411/2749
f 2745/3407/2745 2746/3408/2746 2751/3413/2751 2750/3412/2750
f 2746/3408/2746 2747/3409/2747 2752/3414/2752 2751/3413/2751
f 2747/3409/2747 2748/3410/2748 2753/3415/2753 2752/3414/2752
f 2711/3380/2711 2749/3411/2749 2754/3416/2754 2712/3381/2712
f 2749/3411/2749 2750/3412/2750 2755/3417/2755 2754/3416/2754
f 2750/3412/2750 2751/3413/2751 2756/3418/2756 2755/3417/2755
f 2751/3413/2751 2752/3414/2752 2757/3419/2757 2756/3418/2756
f 2752/3414/2752 2753/3415/2753 2758/3420/2758 2757/3419/2757
f 2712/3381/2712 2754/3416/2754 2759/3421/2759 2713/3384/2713
f 2754/3416/2754 2755/3417/2755 2760/3422/2760 2759/3421/2759
f 2755/3417/2755 2756/3418/2756 2761/3423/2761 2760/3422/2760
f 2756/3418/2756 2757/3419/2757 2762/3424/2762 2761/3423/2761
f 2757/3419/2757 2758/3420/2758 2763/3425/2763 2762/3424/2762
f 2743/3272/2743 2598/3271/2598 2547/3426/2547 2748/3427/2748
f 2598/3271/2598 2565/3273/2565 2554/3428/2554 2547/3426/2547
f 2748/3427/2748 2547/3426/2547 2556/3429/2556 2753/3430/2753
f 2547/3426/2547 2554/3428/2554 2764/3431/2764 2556/3429/2556
f 2753/3430/2753 2556/3429/2556 2765/3432/2765 2758/3433/2758
f 2556/3429/2556 2764/3431/2764 2766/3434/2766 2765/3432/2765
f 2758/3433/2758 2765/3432/2765 2839/3435/2839 2763/3436/2763
f 2765/3432/2765 2766/3434/2766 2840/3437/2840 2839/3435/2839
f 2594/3259/2594 2613/3438/2613 2769/3439/2769 2606/3260/2606
f 2606/3260/2606 2769/3439/2769 2770/3440/2770 2605/3263/2605
f 2613/3438/2613 2614/3441/2614 2771/3442/2771 2769/3439/2769
f 2769/3439/2769 2771/3442/2771 2772/3443/2772 2770/3440/2770
f 2614/3441/2614 2627/3444/2627 2773/3445/2773 2771/3442/2771
f 2771/3442/2771 2773/3445/2773 2774/3446/2774 2772/3443/2772
f 2627/3444/2627 2628/3447/2628 2775/3448/2775 2773/3445/2773
f 2773/3445/2773 2775/3448/2775 2776/3449/2776 2774/3446/2774
f 2628/3447/2628 2629/3450/2629 2777/3451/2777 2775/3448/2775
f 2775/3448/2775 2777/3451/2777 2778/3452/2778 2776/3449/2776
f 2629/3450/2629 2630/3453/2630 2779/3454/2779 2777/3451/2777
f 2777/3451/2777 2779/3454/2779 2780/3455/2780 2778/3452/2778
f 2630/3453/2630 2640/3456/2640 2781/3457/2781 2779/3454/2779
f 2779/3454/2779 2781/3457/2781 2782/3458/2782 2780/3455/2780
f 2640/3456/2640 2641/3459/2641 2783/3460/2783 2781/3457/2781
f 2781/3457/2781 2783/3460/2783 2784/3461/2784 2782/3458/2782
f 2641/3459/2641 2642/3462/2642 2837/3463/2837 2783/3460/2783
f 2783/3460/2783 2837/3463/2837 2838/3464/2838 2784/3461/2784
f 2732/3465/2732 2768/3466/2768 2787/3467/2787 2731/3468/2731
f 2768/3466/2768 2767/3469/2767 2788/3470/2788 2787/3467/2787
f 2731/3468/2731 2787/3467/2787 2789/3471/2789 2730/3472/2730
f 2787/3467/2787 2788/3470/2788 2790/3473/2790 2789/3471/2789
f 2730/3472/2730 2789/3471/2789 2791/3474/2791 2710/3475/2710
f 2789/3471/2789 2790/3473/2790 2792/3476/2792 2791/3474/2791
f 2710/3475/2710 2791/3474/2791 2793/3477/2793 2729/3478/2729
f 2791/3474/2791 2792/3476/2792 2794/3479/2794 2793/3477/2793
f 2729/3478/2729 2793/3477/2793 2795/3480/2795 2705/3481/2705
f 2793/3477/2793 2794/3479/2794 2796/3482/2796 2795/3480/2795
f 2705/3481/2705 2795/3480/2795 2797/3483/2797 2700/3484/2700
f 2795/3480/2795 2796/3482/2796 2798/3485/2798 2797/3483/2797
f 2700/3484/2700 2797/3483/2797 2799/3486/2799 2695/3487/2695
f 2797/3483/2797 2798/3485/2798 2800/3488/2800 2799/3486/2799
f 2695/3487/2695 2799/3486/2799 2801/3489/2801 2689/3490/2689
f 2799/3486/2799 2800/3488/2800 2802/3491/2802 2801/3489/2801
f 2689/3490/2689 2801/3489/2801 2803/3492/2803 2682/3493/2682
f 2801/3489/2801 2802/3491/2802 2804/3494/2804 2803/3492/2803
f 2682/3493/2682 2803/3492/2803 2807/3495/2807 2675/3496/2675
f 2803/3492/2803 2804/3494/2804 2808/3497/2808 2807/3495/2807
f 2675/3496/2675 2807/3495/2807 2809/3498/2809 2668/3499/2668
f 2807/3495/2807 2808/3497/2808 2810/3500/2810 2809/3498/2809
f 2668/3499/2668 2809/3498/2809 2811/3501/2811 2661/3502/2661
f 2809/3498/2809 2810/3500/2810 2812/3503/2812 2811/3501/2811
f 2661/3502/2661 2811/3501/2811 2813/3504/2813 2591/3505/2591
f 2811/3501/2811 2812/3503/2812 2814/3506/2814 2813/3504/2813
f 2591/3505/2591 2813/3504/2813 2815/3507/2815 2586/3508/2586
f 2813/3504/2813 2814/3506/2814 2816/3509/2816 2815/3507/2815
f 2586/3508/2586 2815/3507/2815 2806/3510/2806 2585/3511/2585
f 2815/3507/2815 2816/3509/2816 2805/3512/2805 2806/3510/2806
f 2585/3513/2585 2806/3514/2806 2819/3515/2819 2583/3516/2583
f 2806/3514/2806 2805/3517/2805 2820/3518/2820 2819/3515/2819
f 2583/3516/2583 2819/3515/2819 2821/3519/2821 2582/3520/2582
f 2819/3515/2819 2820/3518/2820 2822/3521/2822 2821/3519/2821
f 2582/3520/2582 2821/3519/2821 2818/3522/2818 2580/3523/2580
f 2821/3519/2821 2822/3521/2822 2817/3524/2817 2818/3522/2818
f 2580/3523/2580 2818/3522/2818 2825/3525/2825 2581/3526/2581
f 2818/3522/2818 2817/3524/2817 2826/3527/2826 2825/3525/2825
f 2581/3526/2581 2825/3525/2825 2827/3528/2827 2645/3529/2645
f 2825/3525/2825 2826/3527/2826 2828/3530/2828 2827/3528/2827
f 2645/3529/2645 2827/3528/2827 2829/3531/2829 2644/3532/2644
f 2827/3528/2827 2828/3530/2828 2830/3533/2830 2829/3531/2829
f 2644/3532/2644 2829/3531/2829 2824/3534/2824 2643/3535/2643
f 2829/3531/2829 2830/3533/2830 2823/3536/2823 2824/3534/2824
f 2643/3535/2643 2824/3534/2824 2831/3537/2831 2633/3538/2633
f 2824/3534/2824 2823/3536/2823 2832/3539/2832 2831/3537/2831
f 2633/3538/2633 2831/3537/2831 2833/3540/2833 2636/3541/2636
f 2831/3537/2831 2832/3539/2832 2834/3542/2834 2833/3540/2833
f 2636/3541/2636 2833/3540/2833 2835/3543/2835 2639/3544/2639
f 2833/3540/2833 2834/3542/2834 2836/3545/2836 2835/3543/2835
f 2639/3544/2639 2835/3543/2835 2837/3546/2837 2642/3547/2642
f 2835/3543/2835 2836/3545/2836 2838/3548/2838 2837/3546/2837
f 2763/3549/2763 2839/3550/2839 2841/3551/2841 2762/3552/2762
f 2839/3550/2839 2840/3553/2840 2842/3554/2842 2841/3551/2841
f 2762/3552/2762 2841/3551/2841 2843/3555/2843 2761/3556/2761
f 2841/3551/2841 2842/3554/2842 2844/3557/2844 2843/3555/2843
f 2761/3556/2761 2843/3555/2843 2845/3558/2845 2760/3559/2760
f 2843/3555/2843 2844/3557/2844 2846/3560/2846 2845/3558/2845
f 2760/3559/2760 2845/3558/2845 2786/3561/2786 2759/3562/2759
f 2845/3558/2845 2846/3560/2846 2785/3563/2785 2786/3561/2786
f 2732/3564/2732 2728/3565/2728 2847/3566/2847 2768/3567/2768
f 2768/3567/2768 2847/3566/2847 2848/3568/2848 2767/3569/2767
f 2728/3565/2728 2725/3570/2725 2849/3571/2849 2847/3566/2847
f 2847/3566/2847 2849/3571/2849 2850/3572/2850 2848/3568/2848
f 2725/3570/2725 2722/3573/2722 2858/3574/2858 2849/3571/2849
f 2849/3571/2849 2858/3574/2858 2859/3575/2859 2850/3572/2850
f 2759/3562/2759 2786/3561/2786 2852/3576/2852 2713/3577/2713
f 2786/3561/2786 2785/3563/2785 2853/3578/2853 2852/3576/2852
f 2713/3577/2713 2852/3576/2852 2854/3579/2854 2716/3580/2716
f 2852/3576/2852 2853/3578/2853 2855/3581/2855 2854/3579/2854
f 2716/3580/2716 2854/3579/2854 2856/3582/2856 2719/3583/2719
f 2854/3579/2854 2855/3581/2855 2857/3584/2857 2856/3582/2856
f 2719/3583/2719 2856/3582/2856 2858/3574/2858 2722/3573/2722
f 2856/3582/2856 2857/3584/2857 2859/3575/2859 2858/3574/2858
f 2605/3263/2605 2604/3270/2604 2602/3267/2602 2600/3264/2600
f 2840/3585/2840 2766/3586/2766 2851/3587/2851 2842/3588/2842
f 2766/3586/2766 2764/3589/2764 2860/3590/2860 2851/3587/2851
f 2764/3589/2764 2554/3591/2554 2861/3592/2861 2860/3590/2860
f 2554/3591/2554 2565/3593/2565 2862/3594/2862 2861/3592/2861
f 2565/3593/2565 2604/3595/2604 2863/3596/2863 2862/3594/2862
f 2604/3595/2604 2605/3597/2605 2864/3598/2864 2863/3596/2863
f 2605/3597/2605 2770/3599/2770 2865/3600/2865 2864/3598/2864
f 2770/3599/2770 2772/3601/2772 2866/3602/2866 2865/3600/2865
f 2772/3601/2772 2774/3603/2774 2867/3604/2867 2866/3602/2866
f 2774/3603/2774 2776/3605/2776 2868/3606/2868 2867/3604/2867
f 2776/3605/2776 2778/3607/2778 2869/3608/2869 2868/3606/2868
f 2778/3607/2778 2780/3609/2780 2870/3610/2870 2869/3608/2869
f 2780/3609/2780 2782/3611/2782 2871/3612/2871 2870/3610/2870
f 2782/3611/2782 2784/3613/2784 2872/3614/2872 2871/3612/2871
f 2784/3613/2784 2838/3615/2838 2836/3616/2836 2872/3614/2872
f 2842/3588/2842 2851/3587/2851 2873/3617/2873 2844/3618/2844
f 2851/3587/2851 2860/3590/2860 2874/3619/2874 2873/3617/2873
f 2860/3590/2860 2861/3592/2861 2875/3620/2875 2874/3619/2874
f 2861/3592/2861 2862/3594/2862 2876/3621/2876 2875/3620/2875
f 2862/3594/2862 2863/3596/2863 2877/3622/2877 2876/3621/2876
f 2863/3596/2863 2864/3598/2864 2878/3623/2878 2877/3622/2877
f 2864/3598/2864 2865/3600/2865 2879/3624/2879 2878/3623/2878
f 2865/3600/2865 2866/3602/2866 2880/3625/2880 2879/3624/2879
f 2866/3602/2866 2867/3604/2867 2881/3626/2881 2880/3625/2880
f 2867/3604/2867 2868/3606/2868 2882/3627/2882 2881/3626/2881
f 2868/3606/2868 2869/3608/2869 2883/3628/2883 2882/3627/2882
f 2869/3608/2869 2870/3610/2870 2884/3629/2884 2883/3628/2883
f 2870/3610/2870 2871/3612/2871 2885/3630/2885 2884/3629/2884
f 2871/3612/2871 2872/3614/2872 2886/3631/2886 2885/3630/2885
f 2872/3614/2872 2836/3616/2836 2834/3632/2834 2886/3631/2886
f 2844/3618/2844 2873/3617/2873 2887/3633/2887 2846/3634/2846
f 2873/3617/2873 2874/3619/2874 2888/3635/2888 2887/3633/2887
f 2874/3619/2874 2875/3620/2875 2889/3636/2889 2888/3635/2888
f 2875/3620/2875 2876/3621/2876 2890/3637/2890 2889/3636/2889
f 2876/3621/2876 2877/3622/2877 2891/3638/2891 2890/3637/2890
f 2877/3622/2877 2878/3623/2878 2892/3639/2892 2891/3638/2891
f 2878/3623/2878 2879/3624/2879 2893/3640/2893 2892/3639/2892
f 2879/3624/2879 2880/3625/2880 2894/3641/2894 2893/3640/2893
f 2880/3625/2880 2881/3626/2881 2895/3642/2895 2894/3641/2894
f 2881/3626/2881 2882/3627/2882 2896/3643/2896 2895/3642/2895
f 2882/3627/2882 2883/3628/2883 2897/3644/2897 2896/3643/2896
f 2883/3628/2883 2884/3629/2884 2898/3645/2898 2897/3644/2897
f 2884/3629/2884 2885/3630/2885 2899/3646/2899 2898/3645/2898
f 2885/3630/2885 2886/3631/2886 2900/3647/2900 2899/3646/2899
f 2886/3631/2886 2834/3632/2834 2832/3648/2832 2900/3647/2900
f 2846/3634/2846 2887/3633/2887 2901/3649/2901 2785/3650/2785
f 2887/3633/2887 2888/3635/2888 2902/3651/2902 2901/3649/2901
f 2888/3635/2888 2889/3636/2889 2903/3652/2903 2902/3651/2902
f 2889/3636/2889 2890/3637/2890 2904/3653/2904 2903/3652/2903
f 2890/3637/2890 2891/3638/2891 2905/3654/2905 2904/3653/2904
f 2891/3638/2891 2892/3639/2892 2906/3655/2906 2905/3654/2905
f 2892/3639/2892 2893/3640/2893 2907/3656/2907 2906/3655/2906
f 2893/3640/2893 2894/3641/2894 2908/3657/2908 2907/3656/2907
f 2894/3641/2894 2895/3642/2895 2909/3658/2909 2908/3657/2908
f 2895/3642/2895 2896/3643/2896 2910/3659/2910 2909/3658/2909
f 2896/3643/2896 2897/3644/2897 2911/3660/2911 2910/3659/2910
f 2897/3644/2897 2898/3645/2898 2912/3661/2912 2911/3660/2911
f 2898/3645/2898 2899/3646/2899 2913/3662/2913 2912/3661/2912
f 2899/3646/2899 2900/3647/2900 2914/3663/2914 2913/3662/2913
f 2900/3647/2900 2832/3648/2832 2823/3664/2823 2914/3663/2914
f 2785/3650/2785 2901/3649/2901 2915/3665/2915 2853/3666/2853
f 2901/3649/2901 2902/3651/2902 2916/3667/2916 2915/3665/2915
f 2902/3651/2902 2903/3652/2903 2917/3668/2917 2916/3667/2916
f 2903/3652/2903 2904/3653/2904 2918/3669/2918 2917/3668/2917
f 2904/3653/2904 2905/3654/2905 2919/3670/2919 2918/3669/2918
f 2905/3654/2905 2906/3655/2906 2920/3671/2920 2919/3670/2919
f 2906/3655/2906 2907/3656/2907 2921/3672/2921 2920/3671/2920
f 2907/3656/2907 2908/3657/2908 2922/3673/2922 2921/3672/2921
f 2908/3657/2908 2909/3658/2909 2923/3674/2923 2922/3673/2922
f 2909/3658/2909 2910/3659/2910 2924/3675/2924 2923/3674/2923
f 2910/3659/2910 2911/3660/2911 2925/3676/2925 2924/3675/2924
f 2911/3660/2911 2912/3661/2912 2926/3677/2926 2925/3676/2925
f 2912/3661/2912 2913/3662/2913 2927/3678/2927 2926/3677/2926
f 2913/3662/2913 2914/3663/2914 2928/3679/2928 2927/3678/2927
f 2914/3663/2914 2823/3664/2823 2830/3680/2830 2928/3679/2928
f 2853/3666/2853 2915/3665/2915 2929/3681/2929 2855/3682/2855
f 2915/3665/2915 2916/3667/2916 2930/3683/2930 2929/3681/2929
f 2916/3667/2916 2917/3668/2917 2931/3684/2931 2930/3683/2930
f 2917/3668/2917 2918/3669/2918 2932/3685/2932 2931/3684/2931
f 2918/3669/2918 2919/3670/2919 2933/3686/2933 2932/3685/2932
f 2919/3670/2919 2920/3671/2920 2934/3687/2934 2933/3686/2933
f 2920/3671/2920 2921/3672/2921 2935/3688/2935 2934/3687/2934
f 2921/3672/2921 2922/3673/2922 2936/3689/2936 2935/3688/2935
f 2922/3673/2922 2923/3674/2923 2937/3690/2937 2936/3689/2936
f 2923/3674/2923 2924/3675/2924 2938/3691/2938 2937/3690/2937
f 2924/3675/2924 2925/3676/2925 2939/3692/2939 2938/3691/2938
f 2925/3676/2925 2926/3677/2926 2940/3693/2940 2939/3692/2939
f 2926/3677/2926 2927/3678/2927 2941/3694/2941 2940/3693/2940
f 2927/3678/2927 2928/3679/2928 2942/3695/2942 2941/3694/2941
f 2928/3679/2928 2830/3680/2830 2828/3696/2828 2942/3695/2942
f 2855/3682/2855 2929/3681/2929 2943/3697/2943 2857/3698/2857
f 2929/3681/2929 2930/3683/2930 2944/3699/2944 2943/3697/2943
f 2930/3683/2930 2931/3684/2931 2945/3700/2945 2944/3699/2944
f 2931/3684/2931 2932/3685/2932 2946/3701/2946 2945/3700/2945
f 2932/3685/2932 2933/3686/2933 2947/3702/2947 2946/3701/2946
f 2933/3686/2933 2934/3687/2934 2948/3703/2948 2947/3702/2947
f 2934/3687/2934 2935/3688/2935 2949/3704/2949 2948/3703/2948
f 2935/3688/2935 2936/3689/2936 2950/3705/2950 2949/3704/2949
f 2936/3689/2936 2937/3690/2937 2951/3706/2951 2950/3705/2950
f 2937/3690/2937 2938/3691/2938 2952/3707/2952 2951/3706/2951
f 2938/3691/2938 2939/3692/2939 2953/3708/2953 2952/3707/2952
f 2939/3692/2939 2940/3693/2940 2954/3709/2954 2953/3708/2953
f 2940/3693/2940 2941/3694/2941 2955/3710/2955 2954/3709/2954
f 2941/3694/2941 2942/3695/2942 2956/3711/2956 2955/3710/2955
f 2942/3695/2942 2828/3696/2828 2826/3712/2826 2956/3711/2956
f 2857/3698/2857 2943/3697/2943 2957/3713/2957 2859/3714/2859
f 2943/3697/2943 2944/3699/2944 2958/3715/2958 2957/3713/2957
f 2944/3699/2944 2945/3700/2945 2959/3716/2959 2958/3715/2958
f 2945/3700/2945 2946/3701/2946 2960/3717/2960 2959/3716/2959
f 2946/3701/2946 2947/3702/2947 2961/3718/2961 2960/3717/2960
f 2947/3702/2947 2948/3703/2948 2962/3719/2962 2961/3718/2961
f 2948/3703/2948 2949/3704/2949 2963/3720/2963 2962/3719/2962
f 2949/3704/2949 2950/3705/2950 2964/3721/2964 2963/3720/2963
f 2950/3705/2950 2951/3706/2951 2965/3722/2965 2964/3721/2964
f 2951/3706/2951 2952/3707/2952 2966/3723/2966 2965/3722/2965
f 2952/3707/2952 2953/3708/2953 2967/3724/2967 2966/3723/2966
f 2953/3708/2953 2954/3709/2954 2968/3725/2968 2967/3724/2967
f 2954/3709/2954 2955/3710/2955 2969/3726/2969 2968/3725/2968
f 2955/3710/2955 2956/3711/2956 2970/3727/2970 2969/3726/2969
f 2956/3711/2956 2826/3712/2826 2817/3728/2817 2970/3727/2970
f 2859/3714/2859 2957/3713/2957 2971/3729/2971 2850/3730/2850
f 2957/3713/2957 2958/3715/2958 2972/3731/2972 2971/3729/2971
f 2958/3715/2958 2959/3716/2959 2973/3732/2973 2972/3731/2972
f 2959/3716/2959 2960/3717/2960 2974/3733/2974 2973/3732/2973
f 2960/3717/2960 2961/3718/2961 2975/3734/2975 2974/3733/2974
f 2961/3718/2961 2962/3719/2962 2976/3735/2976 2975/3734/2975
f 2962/3719/2962 2963/3720/2963 2977/3736/2977 2976/3735/2976
f 2963/3720/2963 2964/3721/2964 2978/3737/2978 2977/3736/2977
f 2964/3721/2964 2965/3722/2965 2979/3738/2979 2978/3737/2978
f 2965/3722/2965 2966/3723/2966 2980/3739/2980 2979/3738/2979
f 2966/3723/2966 2967/3724/2967 2981/3740/2981 2980/3739/2980
f 2967/3724/2967 2968/3725/2968 2982/3741/2982 2981/3740/2981
f 2968/3725/2968 2969/3726/2969 2983/3742/2983 2982/3741/2982
f 2969/3726/2969 2970/3727/2970 2984/3743/2984 2983/3742/2983
f 2970/3727/2970 2817/3728/2817 2822/3744/2822 2984/3743/2984
f 2850/3730/2850 2971/3729/2971 2985/3745/2985 2848/3746/2848
f 2971/3729/2971 2972/3731/2972 2986/3747/2986 2985/3745/2985
f 2972/3731/2972 2973/3732/2973 2987/3748/2987 2986/3747/2986
f 2973/3732/2973 2974/3733/2974 2988/3749/2988 2987/3748/2987
f 2974/3733/2974 2975/3734/2975 2989/3750/2989 2988/3749/2988
f 2975/3734/2975 2976/3735/2976 2990/3751/2990 2989/3750/2989
f 2976/3735/2976 2977/3736/2977 2991/3752/2991 2990/3751/2990
f 2977/3736/2977 2978/3737/2978 2992/3753/2992 2991/3752/2991
f 2978/3737/2978 2979/3738/2979 2993/3754/2993 2992/3753/2992
f 2979/3738/2979 2980/3739/2980 2994/3755/2994 2993/3754/2993
f 2980/3739/2980 2981/3740/2981 2995/3756/2995 2994/3755/2994
f 2981/3740/2981 2982/3741/2982 2996/3757/2996 2995/3756/2995
f 2982/3741/2982 2983/3742/2983 2997/3758/2997 2996/3757/2996
f 2983/3742/2983 2984/3743/2984 2998/3759/2998 2997/3758/2997
f 2984/3743/2984 2822/3744/2822 2820/3760/2820 2998/3759/2998
f 2848/3746/2848 2985/3745/2985 2788/3761/2788 2767/3762/2767
f 2985/3745/2985 2986/3747/2986 2790/3763/2790 2788/3761/2788
f 2986/3747/2986 2987/3748/2987 2792/3764/2792 2790/3763/2790
f 2987/3748/2987 2988/3749/2988 2794/3765/2794 2792/3764/2792
f 2988/3749/2988 2989/3750/2989 2796/3766/2796 2794/3765/2794
f 2989/3750/2989 2990/3751/2990 2798/3767/2798 2796/3766/2796
f 2990/3751/2990 2991/3752/2991 2800/3768/2800 2798/3767/2798
f 2991/3752/2991 2992/3753/2992 2802/3769/2802 2800/3768/2800
f 2992/3753/2992 2993/3754/2993 2804/3770/2804 2802/3769/2802
f 2993/3754/2993 2994/3755/2994 2808/3771/2808 2804/3770/2804
f 2994/3755/2994 2995/3756/2995 2810/3772/2810 2808/3771/2808
f 2995/3756/2995 2996/3757/2996 2812/3773/2812 2810/3772/2810
f 2996/3757/2996 2997/3758/2997 2814/3774/2814 2812/3773/2812
f 2997/3758/2997 2998/3759/2998 2816/3775/2816 2814/3774/2814
f 2998/3759/2998 2820/3760/2820 2805/3776/2805 2816/3775/2816
